"id_1","id_2","cid_1","cid_2","source_1","source_2","name_1","number_of_votes_1","created_at_1","name_2","number_of_votes_2","created_at_2","service_options_1","service_options_2","brand_id_1","brand_id_2"
"ChIJR5XRNnc9rjsROCln6pfY2ww","19573302","0x3bae3d7736d19547:0xcdbd897ea672938","19573302","gmaps_v2","zomato","Hello GOWDA BIRIYANI KABAB ADDA","1","1687847039","H Gowda Biryani Kabab Adda","43","1688639100","[]","[delivery]","nan","N_A"
"ChIJq96HAxUXrjsRTEP8a6kyxeo","19269962","0x3bae17150387deab:0xeac532a96bfc434c","19269962","gmaps_v2","zomato","Plan B","2154","1699615207","Plan B","1264","1688639100","[]","[dining, delivery]",,"zomato_plan_b"
"ChIJnThGvO4XrjsREMVeMmh_GAA","18872888","0x3bae17eebc46389d:0x187f68325ec510","18872888","gmaps_v2","zomato","Chef Kitchen","47","1699615207","Chef Kitchen","1842","1688639100","[]","[dining, delivery]",,"N_A"
"ChIJrTLShas9rjsRyvhmFLp2JY0","20024640","0x3bae3dab85d232ad:0x8d2576ba1466f8ca","20024640","gmaps_v2","zomato","TOLL PARADISE","16","1687847039","Toll Paradise","42","1688639100","[]","[dining, delivery]","nan","N_A"
"ChIJcyMT4X49rjsRnKUPyPqI12k","18742896","0x3bae3d7ee1132373:0x69d788fac80fa59c","18742896","gmaps_v2","zomato","1992 Chats Space","154","1699615207","1992 Chats - Space","650","1688639100","[]","[dining, delivery]",,"N_A"
"ChIJrbeWFr49rjsRgrYVepIjUN4","51305","0x3bae3dbe1696b7ad:0xde5023927a15b682","51305","gmaps_v2","zomato","Kentaky Fast Food","463","1699615207","Kentaky Fast Food","373","1688639100","[]","[dining, delivery]",,"N_A"
"ChIJAbD-pT09rjsR_XnP7qgnSE4","19449687","0x3bae3d3da5feb001:0x4e4827a8eecf79fd","19449687","gmaps_v2","zomato","Cafe Coffee Day","633","1699615207","Cafe Coffee Day","480","1688639100","[]","[dining, delivery]","cafecoffeeday","zomato_cafe_coffee_day"
"ChIJg3bVF-09rjsRozhTJiYrS8g","18892504","0x3bae3ded17d57683:0xc84b2b26265338a3","18892504","gmaps_v2","zomato","Chai Point - Orion Mall","183","1699615207","Chai Point","314","1688639100","[]","[dining, delivery]","chaipoint","zomato_chai_point"
"ChIJbVs8CNA9rjsRLGTel5n5FWk","19487952","0x3bae3dd0083c5b6d:0x6915f99997de642c","19487952","gmaps_v2","zomato","DOSE MANE","268","1699615207","Dose Mane","137","1688639100","[]","[dining, delivery]",,"N_A"
"ChIJyUvDu68XrjsREIYDxjUGIag","19016086","0x3bae17afbbc34bc9:0xa8210635c6038610","19016086","gmaps_v2","zomato","Kenzai","541","1699615207","Kenzai","785","1688639100","[]","[dining, delivery]",,"N_A"
"ChIJNTptIjkWrjsRHAmI3yRH5qc","54225","0x3bae1639226d3a35:0xa7e64724df88091c","54225","gmaps_v2","zomato","Gullu's Chaats","4782","1699615207","Gullu's Chat","8600","1688639100","[]","[dining, delivery]",,"zomato_gullu's_chat"
"ChIJJ4HgBaA9rjsRYfBwXHctr4o","18681550","0x3bae3da005e08127:0x8aaf2d775c70f061","18681550","gmaps_v2","zomato","Sannidhi Grand","1080","1699615207","Sannidhi Grand","6","1688639100","[]","[dining]",,"N_A"
"ChIJdR6R3YU9rjsR0qHeJqZ_IoE","18640097","0x3bae3d85dd911e75:0x81227fa626dea1d2","18640097","gmaps_v2","zomato","Green Chilly","1031","1699615207","Green Chilly","5146","1688639100","[]","[dining, delivery]","business","zomato_green_chilly"
"ChIJb0fMPSwWrjsRdpbRbGluIT0","50282","0x3bae162c3dcc476f:0x3d216e696cd19676","50282","gmaps_v2","zomato","Chung's Chinese Corner","2643","1699615207","Chung's Chinese Corner","5643","1688639100","[]","[dining, delivery]",,"zomato_chung's_chinese_corner"
"ChIJRxf5LIg9rjsRgw-8-NxBG5U","18554970","0x3bae3d882cf91747:0x951b41dcf8bc0f83","18554970","gmaps_v2","zomato","Malgudi's Donne Biriyani","1682","1699615207","Malgudi's Donne Biriyani","485","1688639100","[]","[dining, delivery]","malgudisdonnebiriyani","zomato_malgudi's_donne_biriyani"
"ChIJ84wLAiMWrjsRbZGVcf1aKXE","19350648","0x3bae1623020b8cf3:0x71295afd7195916d","19350648","gmaps_v2","zomato","Cookie Man","14","1687847039","Cookie Man","70","1688639100","[]","[delivery]","cookiemanindia","zomato_cookie_man"
"ChIJrfbAjno9rjsRYXIDDOm5rxo","18502099","0x3bae3d7a8ec0f6ad:0x1aafb9e90c037261","18502099","gmaps_v2","zomato","Samudra Restaurant","245","1699615207","Samudra Restaurant","4","1688639100","[]","[dining]",,"N_A"
"ChIJbz3me_A9rjsRLXmGc1n-Ibw","61617","0x3bae3df07be63d6f:0xbc21fe597386792d","61617","gmaps_v2","zomato","Kabab Palace","795","1699615207","Kabab Palace","2034","1688639100","[]","[dining, delivery]",,"zomato_kabab_palace"
"ChIJA6y4HmYXrjsRDU4rkTWpqrQ","19629433","0x3bae17661eb8ac03:0xb4aaa935912b4e0d","19629433","gmaps_v2","zomato","Chickpet Donne Biryani House","597","1699615207","Chikpet Donne Biriyani House","781","1688639100","[]","[dining, delivery]","chickpetdonnebiryanihouse","N_A"
"ChIJBUcKklM9rjsRqpqiS7-Uzo0","19849079","0x3bae3d53920a4705:0x8dce94bf4ba29aaa","19849079","gmaps_v2","zomato","Egg corner","54","1699615207","Egg Corner","88","1688639100","[]","[delivery]",,"N_A"
"ChIJw7McNpc9rjsRDZwP-2Z6ft4","19730744","0x3bae3d97361cb3c3:0xde7e7a66fb0f9c0d","19730744","gmaps_v2","zomato","Royal Crispy Burger","18","1699615207","Royal Cripsy Burger","54","1688639100","[]","[delivery]",,"N_A"
"ChIJVVVVxXQ-rjsR3rUjTglWt9o","18419851","0x3bae3e74c5555555:0xdab756094e23b5de","18419851","gmaps_v2","zomato","New Shanthi Sagar","8068","1699615207","New Shanthi Sagar","2255","1688639100","[]","[dining, delivery]",,"zomato_new_shanthi_sagar"
"ChIJxa6khY89rjsRmTG3TXrGxkU","52333","0x3bae3d8f85a4aec5:0x45c6c67a4db73199","52333","gmaps_v2","zomato","Jalpaan","5359","1699615207","Jalpaan","1970","1688639100","[]","[dining, delivery]","dhyaanfoods","N_A"
"ChIJ3de7cd8XrjsRpDs2CgrLksE","18232664","0x3bae17df71bbd7dd:0xc192cb0a0a363ba4","18232664","gmaps_v2","zomato","Delhi Mess","1957","1699615207","Delhi Mess","24800","1688639100","[]","[dining, delivery]",,"N_A"
"ChIJHT0eSCoWrjsRU1xeA8RQNHA","18638330","0x3bae162a481e3d1d:0x703450c4035e5c53","18638330","gmaps_v2","zomato","Chetty's Corner","769","1699615207","Chetty's Corner","953","1688639100","[]","[dining, delivery]","chettyscorner","zomato_chetty's_corner"
"ChIJU0IQ13U9rjsRk-ajR_dY03M","19947685","0x3bae3d75d7104253:0x73d358f747a3e693","19947685","gmaps_v2","zomato","Five Star Chicken","62","1699615207","Five Star Chicken","27","1688639100","[]","[delivery]","fivestarchicken","zomato_five_star_chicken"
"ChIJY5DDvOwXrjsRqoEfkYKD-po","20035714","0x3bae17ecbcc39063:0x9afa8382911f81aa","20035714","gmaps_v2","zomato","Third Wave Coffee","588","1687847039","Third Wave Coffee","470","1688639100","[]","[dining, delivery]","thirdwavecoffee","zomato_third_wave_coffee"
"ChIJJQWAICo9rjsRCpMipsfa6Xs","20286041","0x3bae3d2a20800525:0x7be9dac7a622930a","20286041","gmaps_v2","zomato","GOT Café","261","1687847039","Got Cafe","34","1688639100","[]","[dining]","nan","N_A"
"ChIJU-Z9rmE9rjsR_i85IdrDr7U","60560","0x3bae3d61ae7de653:0xb5afc3da21392ffe","60560","gmaps_v2","zomato","Amma's Pastries","3705","1687847039","Amma's Pastries","1155","1688639100","[]","[dining, delivery]","ammaspastries","zomato_amma's_pastries"
"ChIJJ_EOnYw9rjsR3fuara1lSdM","18494077","0x3bae3d8c9d0ef127:0xd34965adad9afbdd","18494077","gmaps_v2","zomato","Amma's Pastries","1549","1695212099","Amma's Pastries","760","1688639100","[]","[delivery]","ammaspastries","zomato_amma's_pastries"
"ChIJM0leO2Q9rjsRiBMeeeSxDNs","19020963","0x3bae3d643b5e4933:0xdb0cb1e4791e1388","19020963","gmaps_v2","zomato","Haagen-Dazs","47","1687847039","Häagen Dazs","118","1688639100","[]","[dining, delivery]","haagendazsindia","zomato_häagen_dazs"
"ChIJeXWlTmA9rjsRwayijh__N44","18160086","0x3bae3d604ea57579:0x8e37ff1f8ea2acc1","18160086","gmaps_v2","zomato","Domino's Pizza","3385","1699615207","Domino's Pizza","12300","1688639100","[]","[dining, delivery]","dominos","zomato_domino's_pizza"
"ChIJoX1RfwQ9rjsRRCAaO5bCGfc","19890868","0x3bae3d047f517da1:0xf719c2963b1a2044","19890868","gmaps_v2","zomato","Lite-Low","6","1699615207","Lite-Low","52","1688639100","[]","[delivery]","dotpe","N_A"
"ChIJKRrln9wXrjsRZmTi5_Nuf7E","18689701","0x3bae17dc9fe51a29:0xb17f6ef3e7e26466","18689701","gmaps_v2","zomato","Lassi 'n' Mock","424","1687847039","Lassi 'n' Mock","955","1688639100","[]","[dining, delivery]","nan","N_A"
"ChIJt_bbGtg8rjsRpvKgm2l41FI","18746397","0x3bae3cd81adbf6b7:0x52d478699ba0f2a6","18746397","gmaps_v2","zomato","Karnataka hindu miltry hotel","155","1699615207","Karanataka Hindu Military Hotel","4","1688639100","[]","[dining]",,"N_A"
"ChIJU5qKYNgWrjsRoaNk25hQlqs","58949","0x3bae16d8608a9a53:0xab965098db64a3a1","58949","gmaps_v2","zomato","The Higher Taste Stores","704","1699615207","The Higher Taste Stores","483","1688639100","[]","[dining, delivery]","highertaste","N_A"
"ChIJ0T4yqXY9rjsR-m3Bezr_2mw","19017157","0x3bae3d76a9323ed1:0x6cdaff3a7bc16dfa","19017157","gmaps_v2","zomato","Kabab Station","460","1699615207","Kabab Station","70","1688639100","[]","[dining, delivery]",,"N_A"
"ChIJs1OiG489rjsR3OA2ita5gm0","55655","0x3bae3d8f1ba253b3:0x6d82b9d68a36e0dc","55655","gmaps_v2","zomato","Hotel Sagar","19392","1699615207","Sagar Hotel","10700","1688639100","[]","[dining, delivery]",,"N_A"
"ChIJpxVZZz0XrjsRrJi4ytC_B_I","18774218","0x3bae173d675915a7:0xf207bfd0cab898ac","18774218","gmaps_v2","zomato","Third Wave Coffee","1946","1687847039","Third Wave Coffee","1418","1688639100","[]","[dining, delivery]","thirdwavecoffee","zomato_third_wave_coffee"
"ChIJB90XpJo9rjsR0YCmBKApZ-Q","18502137","0x3bae3d9aa417dd07:0xe46729a004a680d1","18502137","gmaps_v2","zomato","Juice Adda","124","1699615207","Juice Adda","21","1688639100","[]","[dining]",,"N_A"
"ChIJwbqEaYo9rjsR4YladQ9MBt8","20037862","0x3bae3d8a6984bac1:0xdf064c0f755a89e1","20037862","gmaps_v2","zomato","Café Coffee Day","617","1687847039","Cafe Coffee Day","12","1688639100","[]","[dining, delivery]","cafecoffeeday","zomato_cafe_coffee_day"
"ChIJmZhJJqYVrjsRxr8gliqVH9s","50679","0x3bae15a626499899:0xdb1f952a9620bfc6","50679","gmaps_v2","zomato","McDonald's","5375","1699615207","McDonald's","8314","1688639100","[]","[dining, delivery]","mcdelivery","zomato_mcdonald's"
"ChIJC-FO0pc9rjsR30Stz09GXl4","18418532","0x3bae3d97d24ee10b:0x5e5e464fcfad44df","18418532","gmaps_v2","zomato","Nammura Upachara","1991","1699615207","Nammura Upachara","13600","1688639100","[]","[dining, delivery]",,"N_A"
"ChIJpeFwj6s9rjsRVXHZt5iKVvM","19256482","0x3bae3dab8f70e1a5:0xf3568a98b7d97155","19256482","gmaps_v2","zomato","Cafe Crispy Day","45","1699615207","Cafe Crispy Day","9","1688639100","[]","[dining, delivery]","cafecrispyday","N_A"
"ChIJc1wcIWkXrjsR-h4yhwi3bkk","18894825","0x3bae1769211c5c73:0x496eb70887321efa","18894825","gmaps_v2","zomato","Ali Snacks Point","3","1699615207","Ali Snacks Point","357","1688639100","[]","[dining, delivery]",,"N_A"
"ChIJ1aDbcp49rjsRkupabM43oKk","18577450","0x3bae3d9e72dba0d5:0xa9a037ce6c5aea92","18577450","gmaps_v2","zomato","Davangere Butter Dosa Hotel","4303","1699615207","Davanagere Butter Dosa Hotel","554","1688639100","[]","[dining, delivery]",,"N_A"
"ChIJyX2AT5o9rjsRsoYAcdjZ8Xs","19852414","0x3bae3d9a4f807dc9:0x7bf1d9d8710086b2","19852414","gmaps_v2","zomato","Coastal Cafe","22","1687847039","Coastal Cafe","19","1688639100","[]","[delivery]","nan","N_A"
"ChIJZTqvRu09rjsRkgnwedu2o34","18653648","0x3bae3ded46af3a65:0x7ea3b6db79f00992","18653648","gmaps_v2","zomato","LASSI SHOP","178","1687847039","Lassi Shop","497","1688639100","[]","[dining, delivery]","nan","zomato_lassi_shop"
"ChIJV2NCrvM9rjsRmOKBAi7uHyg","19154444","0x3bae3df3ae426357:0x281fee2e0281e298","19154444","gmaps_v2","zomato","Shawarma Grill House","516","1699615207","Shawarma Grill House","3949","1688639100","[]","[dining, delivery]","business","N_A"
"ChIJk8qS3Qk9rjsRIG-fKsG9sIk","18499716","0x3bae3d09dd92ca93:0x89b0bdc12a9f6f20","18499716","gmaps_v2","zomato","Domino's Pizza","321","1699615207","Domino's Pizza","606","1688639100","[]","[dining, delivery]","dominos","zomato_domino's_pizza"
"ChIJCeTmfd8XrjsR2fCiQUH8ufM","54199","0x3bae17df7de6e409:0xf3b9fc4141a2f0d9","54199","gmaps_v2","zomato","Calicut Restaurant","1735","1699615207","Calicut Restaurant","7574","1688639100","[]","[dining, delivery]",,"zomato_calicut_restaurant"
"ChIJr_DXYUQXrjsRFIOeZoSH54k","20371741","0x3bae174461d7f0af:0x89e78784669e8314","20371741","gmaps_v2","zomato","Qmin","1","1687847039","Qmin","0","1688639100","[]","[dining, delivery]","nan","zomato_qmin"
"ChIJGS69Vd8XrjsRtV7UJ7kpoY4","18333160","0x3bae17df55bd2e19:0x8ea129b927d45eb5","18333160","gmaps_v2","zomato","Five Star Chicken","509","1699615207","Five Star Chicken","1896","1688639100","[]","[dining, delivery]","fivestarchicken","zomato_five_star_chicken"
"ChIJ9dVdPL4XrjsRSQ-Yr9KInb8","19639407","0x3bae17be3c5dd5f5:0xbf9d88d2af980f49","19639407","gmaps_v2","zomato","Raaj's Dakshin Ruchi","329","1699615207","Raaj's Dakshin Ruchi","33","1688639100","[]","[delivery]","business","N_A"
"ChIJfQnT1NwXrjsRqmfEAem1NCg","50590","0x3bae17dcd4d3097d:0x2834b5e901c467aa","50590","gmaps_v2","zomato","Kobe Sizzlers","1840","1699615207","Kobe Sizzlers","1434","1688639100","[]","[dining, delivery]",,"N_A"
"ChIJKcdWOUQ9rjsRLVhB5uQ0YWU","19528070","0x3bae3d443956c729:0x656134e4e641582d","19528070","gmaps_v2","zomato","Shanti Tiffin House","40","1699615207","Shanti Tiffin House","52","1688639100","[]","[dining, delivery]",,"N_A"
"ChIJE9BPgeAXrjsRYXvLjcUFw1s","61506","0x3bae17e0814fd013:0x5bc305c58dcb7b61","61506","gmaps_v2","zomato","Bihar Bhojnalaya","927","1687847039","Bihar Bhojanalaya","22","1688639100","[]","[dining]","nan","N_A"
"ChIJseFb190XrjsRvqwOE8JRrb4","54000","0x3bae17ddd75be1b1:0xbead51c2130eacbe","54000","gmaps_v2","zomato","Snow Lion Tibet Kitchen","1068","1699615207","Snow Lion Tibet Kitchen","350","1688639100","[]","[dining]",,"N_A"
"ChIJ8bs8S2A9rjsRcRqJuna_nvU","58798","0x3bae3d604b3cbbf1:0xf59ebf76ba891a71","58798","gmaps_v2","zomato","Roy Hotel and Restaurant","935","1699615207","Roy Hotel & Restaurant","12600","1688639100","[]","[dining, delivery]",,"zomato_roy_hotel_&_restaurant"
"ChIJjXwQtnw9rjsRdBVh7DGSYgM","18816652","0x3bae3d7cb6107c8d:0x3629231ec611574","18816652","gmaps_v2","zomato","Namma Manne Thindi","351","1699615207","Namma Manne Thindi","148","1688639100","[]","[delivery]",,"N_A"
"ChIJGXRnQps9rjsRhggKie7ReAE","19213358","0x3bae3d9b42677419:0x178d1ee890a0886","19213358","gmaps_v2","zomato","Mubarak Restaurant","128","1699615207","Mubarak Restaurant","48","1688639100","[]","[dining, delivery]",,"N_A"
"ChIJmyMs7C8WrjsRI4nLxPcID8o","51968","0x3bae162fec2c239b:0xca0f08f7c4cb8923","51968","gmaps_v2","zomato","Food Camp Veg Restaurant & Party Hall","9020","1699615207","Asha Food Camp","2472","1688639100","[]","[dining, delivery]",,"N_A"
"ChIJXR6I2sQXrjsRYH7bfjVOSZ4","18658166","0x3bae17c4da881e5d:0x9e494e357edb7e60","18658166","gmaps_v2","zomato","Sunaina Spice","14","1699615207","Sunaina Sapice","73","1688639100","[]","[dining, delivery]",,"N_A"
"ChIJa74DQqE9rjsRazEjcdJe4ZQ","19124358","0x3bae3da14203be6b:0x94e15ed27123316b","19124358","gmaps_v2","zomato","MANGALORE LUNCH HOME","1220","1699615207","Mangalore Lunch Home","3287","1688639100","[]","[dining, delivery]","business","N_A"
"ChIJ3Wj8Fus9rjsR3Ixy-oiJkYI","55837","0x3bae3deb16fc68dd:0x82918988fa728cdc","55837","gmaps_v2","zomato","CHOPSTICK WORLD","969","1699615207","Chopstick World","214","1688639100","[]","[dining]",,"N_A"
"ChIJzcdRHSMWrjsRqN0RtF-wick","56579","0x3bae16231d51c7cd:0xc989b05fb411dda8","56579","gmaps_v2","zomato","McDonald's","9513","1699615207","McDonald's","5183","1688639100","[]","[dining, delivery]","mcdelivery","zomato_mcdonald's"
"ChIJMa40XPI9rjsR0y6qdbFvet4","50017","0x3bae3df25c34ae31:0xde7a6fb175aa2ed3","50017","gmaps_v2","zomato","Adyar Ananda Bhavan - A2B","3381","1699615207","A2B - Adyar Ananda Bhavan","3605","1688639100","[]","[dining, delivery]","aabsweets","zomato_a2b_-_adyar_ananda_bhavan"
"ChIJ7S_SzxUWrjsRQKx41ijncvo","50879","0x3bae1615cfd22fed:0xfa72e728d678ac40","50879","gmaps_v2","zomato","Sea Rock","2584","1699615207","Sea Rock","1447","1688639100","[]","[dining, delivery]",,"N_A"
"ChIJnwW92mM9rjsRM4720Sm1d5o","57746","0x3bae3d63dabd059f:0x9a77b529d1f68e33","57746","gmaps_v2","zomato","Sha E Darbaar","737","1699615207","Sha - E- Darbaar","1235","1688639100","[]","[dining, delivery]",,"zomato_sha_-_e-_darbaar"
"ChIJ9fHlong9rjsRx0i6-8yOoB8","58955","0x3bae3d78a2e5f1f5:0x1fa08eccfbba48c7","58955","gmaps_v2","zomato","Mc Cain","3","1699615207","Mc Cain","14","1688639100","[]","[dining]",,"N_A"
"ChIJn2uN7S8WrjsRZz-1dUjZtH0","54269","0x3bae162fed8d6b9f:0x7db4d94875b53f67","54269","gmaps_v2","zomato","Mumbai Spice","763","1699615207","Mumbai Spice","2179","1688639100","[]","[dining, delivery]","business","zomato_mumbai_spice"
"ChIJ1XjXFDk9rjsRE6jF2hQeTys","19260674","0x3bae3d3914d778d5:0x2b4f1e14dac5a813","19260674","gmaps_v2","zomato","Kabab Station","56","1687847039","Kabab Station","65","1688639100","[]","[dining, delivery]","nan","N_A"
"ChIJvdZzASMWrjsRMGVc0c95jZI","18414340","0x3bae16230173d6bd:0x928d79cfd15c6530","18414340","gmaps_v2","zomato","Naati Manae","32","1699615207","Naati Manae","262","1688639100","[]","[dining, delivery]",,"zomato_naati_manae"
"ChIJ622Ob8oXrjsR6QCSr104umU","19276808","0x3bae17ca6f8e6deb:0x65ba385daf9200e9","19276808","gmaps_v2","zomato","Taco Bell","5","1687847039","Taco Bell","2128","1688639100","[]","[dining, delivery]","tacobell","zomato_taco_bell"
"ChIJWZSg65c9rjsR92jKXjsyRww","56165","0x3bae3d97eba09459:0xc47323b5eca68f7","56165","gmaps_v2","zomato","Café Coffee Day","1160","1699615207","Cafe Coffee Day","424","1688639100","[]","[dining, delivery]","cafecoffeeday","zomato_cafe_coffee_day"
"ChIJeynMQywWrjsRDNVrazhpk5s","18665407","0x3bae162c43cc297b:0x9b9369386b6bd50c","18665407","gmaps_v2","zomato","Ganesha Darshini","1080","1699615207","Ganesha Darshini","7669","1688639100","[]","[dining, delivery]",,"zomato_ganesha_darshini"
"ChIJ2ZOJXjwWrjsRgw_LR_qOcQc","18613313","0x3bae163c5e8993d9:0x7718efa47cb0f83","18613313","gmaps_v2","zomato","HVR VEG","2255","1699615207","HVR Veg","668","1688639100","[]","[dining, delivery]",,"N_A"
"ChIJwfsoiYA9rjsR_mKZO5iK2tY","18537454","0x3bae3d808928fbc1:0xd6da8a983b9962fe","18537454","gmaps_v2","zomato","Frozen Coast","2309","1687847039","Frozen Coast","157","1688639100","[]","[dining, delivery]","business","N_A"
"ChIJa4Ahsyc9rjsRwFHXTo3mttc","52705","0x3bae3d27b321806b:0xd7b6e68d4ed751c0","52705","gmaps_v2","zomato","Patil Vegetarian","1218","1699615207","Patil Vegetarian","12000","1688639100","[]","[dining, delivery]",,"zomato_patil_vegetarian"
"ChIJrYZvVO49rjsRyd5WoFtRJXQ","19749950","0x3bae3dee546f86ad:0x7425515ba056dec9","19749950","gmaps_v2","zomato","Shruthi Hotel","0","1687847039","Shruthi Hotel","31","1688639100","[]","[delivery]","zoma","N_A"
"ChIJQVqJb749rjsRI4phjCXFdX4","18570922","0x3bae3dbe6f895a41:0x7e75c5258c618a23","18570922","gmaps_v2","zomato","Uttara Karnataka Rotti Mane","99","1699615207","Uttara Karnataka Rotti Mane","415","1688639100","[]","[dining, delivery]",,"N_A"
"ChIJ03S7CSg9rjsReSc821qp4L8","18790632","0x3bae3d2809bb74d3:0xbfe0a95adb3c2779","18790632","gmaps_v2","zomato","BANASHANKARI BIRIYANI MANE","3","1687847039","Banashankari Biryani Mane","7","1688639100","[]","[dining]","nan","N_A"
"ChIJJXyPlnk9rjsRfi_09kfRneY","19016399","0x3bae3d79968f7c25:0xe69dd147f6f42f7e","19016399","gmaps_v2","zomato","Marhaba","16","1699615207","Marhaba","592","1688639100","[]","[dining, delivery]",,"zomato_marhaba"
"ChIJ3Wqc8jMWrjsRrt1ZZ0mAm-8","19580449","0x3bae1633f29c6add:0xef9b80496759ddae","19580449","gmaps_v2","zomato","Sweet Chariot","46","1687847039","Sweet Chariot","224","1688639100","[]","[delivery]","sweetchariot","zomato_sweet_chariot"
"ChIJqS2WjpI9rjsRxZzRQTQb9ww","19332331","0x3bae3d928e962da9:0xcf71b3441d19cc5","19332331","gmaps_v2","zomato","Rajasthani Bhojan","627","1699615207","Rajasthani Bhojan","214","1688639100","[]","[dining, delivery]",,"N_A"
"ChIJo1DjpHg9rjsR8vhMgaaLsQo","56481","0x3bae3d78a4e350a3:0xab18ba6814cf8f2","56481","gmaps_v2","zomato","Krispy Kreme","946","1687847039","Krispy Kreme","2121","1688639100","[]","[dining, delivery]","krispykremeindia","zomato_krispy_kreme"
"ChIJR2rNm9wXrjsROkB4QZfjQgI","19139001","0x3bae17dc9bcd6a47:0x242e3974178403a","19139001","gmaps_v2","zomato","Kitty's Corner","214","1699615207","Kitty's Corner","1374","1688639100","[]","[dining, delivery]","business","N_A"
"ChIJ2dnNaZM9rjsRnqh5mBFOwKo","60374","0x3bae3d9369cdd9d9:0xaac04e119879a89e","60374","gmaps_v2","zomato","South Spicy Bites","2938","1699615207","South Spicy Bites","1167","1688639100","[]","[dining, delivery]",,"N_A"
"ChIJQ7392zg9rjsR3AyTup6Tiz4","18570922","0x3bae3d38dbfdbd43:0x3e8b939eba930cdc","18570922","gmaps_v2","zomato","Uttara Karnataka rotti mane","2","1687847039","Uttara Karnataka Rotti Mane","415","1688639100","[]","[dining, delivery]","nan","N_A"
"ChIJUwjzjSUWrjsRlEfgTsB3_nU","18697605","0x3bae16258df30853:0x75fe77c04ee04794","18697605","gmaps_v2","zomato","LV Venkatesh Jolada Rotti Oota","493","1699615207","LV Venkateshwara Jolada Rotti Oota","1599","1688639100","[]","[dining, delivery]","business","N_A"
"ChIJx5cV9zMWrjsRhBg0619cyH4","50694","0x3bae1633f71597c7:0x7ec85c5feb341884","50694","gmaps_v2","zomato","Mint Masala","3913","1699615207","Mint Masala","1340","1688639100","[]","[dining, delivery]","mintmasala","zomato_mint_masala"
"ChIJlVB5E6kXrjsRb2huI4B2t7A","19217675","0x3bae17a913795095:0xb0b77680236e686f","19217675","gmaps_v2","zomato","Maggi Manse","0","1687847039","Maggi Mane","431","1688639100","[]","[dining, delivery]","nan","N_A"
"ChIJ7eUIKJs9rjsR-VMHrEiOP4Q","18798784","0x3bae3d9b2808e5ed:0x843f8e48ac0753f9","18798784","gmaps_v2","zomato","RR Dum Biriyani","33","1699615207","RR Dum Biryani","4","1688639100","[]","[dining]",,"N_A"
"ChIJG0uRqJ09rjsRV6BKseMgbCg","19726516","0x3bae3d9da8914b1b:0x286c20e3b14aa057","19726516","gmaps_v2","zomato","Bangarpete chats","254","1699615207","Bangarpete Chats","377","1688639100","[]","[delivery]",,"N_A"
"ChIJJc2kZvo9rjsRFDIYHyHSlfY","19755016","0x3bae3dfa66a4cd25:0xf695d2211f183214","19755016","gmaps_v2","zomato","NEW Ambur special dum biriyani","53","1699615207","New Ambur Special Dum Biryani","37","1688639100","[]","[delivery]",,"N_A"
"ChIJ97ma4m49rjsRRiQAQHnp1VQ","19274791","0x3bae3d6ee29ab9f7:0x54d5e97940002446","19274791","gmaps_v2","zomato","Express By Ab's","6","1699615207","Express By ABs","361","1688639100","[]","[delivery]",,"zomato_express_by_abs"
"ChIJoZxPkdwXrjsRmXwmroku_Fg","18541608","0x3bae17dc914f9ca1:0x58fc2e89ae267c99","18541608","gmaps_v2","zomato","Lan Thai","440","1699615207","Lan Thai","216","1688639100","[]","[dining, delivery]",,"N_A"
"ChIJSaeejWgXrjsRl_8j-4z0hss","19898787","0x3bae17688d9ea749:0xcb86f48cfb23ff97","19898787","gmaps_v2","zomato","Food Times","10","1699615207","Food Times","41","1688639100","[]","[delivery]",,"N_A"
"ChIJxd-_fjc9rjsRORHRtNj1F4Q","19966536","0x3bae3d377ebfdfc5:0x8417f5d8b4d11139","19966536","gmaps_v2","zomato","GOPIZZA","434","1699615207","GOPIZZA","190","1688639100","[]","[dining, delivery]","gopizza","zomato_gopizza"
"ChIJIyobVyg9rjsRPQPLarMQNlI","19925361","0x3bae3d28571b2a23:0x523610b36acb033d","19925361","gmaps_v2","zomato","Altitude Kitchen & Bar","890","1699615207","Altitude Kitchen & Bar","89","1688639100","[]","[dining]",,"N_A"
"ChIJ1znC6y4WrjsRnHG7-SQMSz8","52002","0x3bae162eebc239d7:0x3f4b0c24f9bb719c","52002","gmaps_v2","zomato","Veena Stores","17659","1699615207","Veena Stores","23100","1688639100","[]","[dining, delivery]","chuckingfoot","N_A"
"ChIJT80jct8XrjsRSYWtNKA1jnY","18738873","0x3bae17df7223cd4f:0x768e35a034ad8549","18738873","gmaps_v2","zomato","Lassi Shop","144","1699615207","Lassi Shop","4426","1688639100","[]","[dining, delivery]",,"zomato_lassi_shop"
"ChIJWQL5OKY9rjsRr1c8_ZGt-zA","19133822","0x3bae3da638f90259:0x30fbad91fd3c57af","19133822","gmaps_v2","zomato","Monu Punjabi Dhaba","197","1699615207","Monu Punjabi Dhaba","353","1688639100","[]","[dining, delivery]",,"N_A"
"ChIJ2WujXFwXrjsRcw2Csti6zlo","19352090","0x3bae175c5ca36bd9:0x5acebad8b2820d73","19352090","gmaps_v2","zomato","Roadside Adda","68","1687847039","Roadside Adda","213","1688639100","[]","[dining, delivery]","nan","N_A"
"ChIJ6Y-0Dpo9rjsRf4SzYlU76o4","19630448","0x3bae3d9a0eb48fe9:0x8eea3b5562b3847f","19630448","gmaps_v2","zomato","Vinoo's","76","1699615207","Vinoo's","108","1688639100","[]","[delivery]","business","N_A"
"ChIJF3iAeYA9rjsRlRcOicKHMa4","19449592","0x3bae3d8079807817:0xae3187c2890e1795","19449592","gmaps_v2","zomato","Café Coffee Day","328","1699615207","Cafe Coffee Day","43","1688639100","[]","[dining, delivery]","cafecoffeeday","zomato_cafe_coffee_day"
"ChIJXx535Io9rjsRxPHSPe5DJvw","53178","0x3bae3d8ae4771e5f:0xfc2643ee3dd2f1c4","53178","gmaps_v2","zomato","Toscano","4827","1699615207","Toscano","3453","1688639100","[]","[dining, delivery]","toscano","N_A"
"ChIJ_cjswa0VrjsRZFPBBcpkMmM","55935","0x3bae15adc1ecc8fd:0x633264ca05c15364","55935","gmaps_v2","zomato","Mayu restaurant","264","1699615207","Mayu Restaurant","236","1688639100","[]","[dining, delivery]",,"N_A"
"ChIJTb_-ZyUWrjsRBn9UJnwnKkk","56666","0x3bae162567febf4d:0x492a277c26547f06","56666","gmaps_v2","zomato","G.P's Kaapi Thindi","50","1699615207","G. P. S. Kaapi Thindi","17","1688639100","[]","[dining]",,"N_A"
"ChIJLR1Tbow9rjsRW8uFj62rIQ4","19055097","0x3bae3d8c6e531d2d:0xe21abad8f85cb5b","19055097","gmaps_v2","zomato","Karans Appetite Cafe","15","1687847039","Karan's Appetite Cafe","100","1688639100","[]","[dining, delivery]","business","N_A"
"ChIJifcR55A9rjsRgxIcz_bbVlw","18669094","0x3bae3d90e711f789:0x5c56dbf6cf1c1283","18669094","gmaps_v2","zomato","Biryani Treat","84","1699615207","Biriyani Treat","449","1688639100","[]","[dining, delivery]","magicpin","N_A"
"ChIJQfvLwXwXrjsRfYz64BugTT4","19308462","0x3bae177cc1cbfb41:0x3e4da01be0fa8c7d","19308462","gmaps_v2","zomato","Bong Connection","273","1699615207","Bong Connection","654","1688639100","[]","[dining, delivery]","bongconnection","N_A"
"ChIJdZTL27k9rjsRxf9eIG8IKxY","19202277","0x3bae3db9dbcb9475:0x162b086f205effc5","19202277","gmaps_v2","zomato","Five star chicken","53","1699615207","Five Star Chicken","26","1688639100","[]","[dining, delivery]","fivestarchicken","zomato_five_star_chicken"
"ChIJv8JObbc9rjsRaaqyA7UOfvo","18160106","0x3bae3db76d4ec2bf:0xfa7e0eb503b2aa69","18160106","gmaps_v2","zomato","HOTEL ADITYA","5549","1699615207","Hotel Aditya","12700","1688639100","[]","[dining, delivery]",,"N_A"
"ChIJ6Vl5DHYXrjsRfFZFM87EVZw","19725055","0x3bae17760c7959e9:0x9c55c4ce3345567c","19725055","gmaps_v2","zomato","SHAWARMA 21","154","1699615207","Shawarma 21","965","1688639100","[]","[dining, delivery]",,"N_A"
"ChIJ3-QuEfM9rjsR1OJjMvnS-h0","18679354","0x3bae3df3112ee4df:0x1dfad2f93263e2d4","18679354","gmaps_v2","zomato","New Shanti Sagar","2944","1699615207","New Shanthi Sagar","6364","1688639100","[]","[dining, delivery]",,"zomato_new_shanthi_sagar"
"ChIJzwNZ7mAXrjsReLdmZ5QTGtY","19262353","0x3bae1760ee5903cf:0xd61a13946766b778","19262353","gmaps_v2","zomato","Wok to walk","16","1699615207","Wok To Walk","60","1688639100","[]","[dining, delivery]",,"N_A"
"ChIJ5TRXDyE9rjsRaX4rb0FnPHw","19539137","0x3bae3d210f5734e5:0x7c3c67416f2b7e69","19539137","gmaps_v2","zomato","Udupi Ahara","649","1699615207","Udupi Ahara","1160","1688639100","[]","[dining, delivery]",,"N_A"
"ChIJBUhwl5k9rjsReauJHq2t0B0","19539791","0x3bae3d9997704805:0x1dd0adad1e89ab79","19539791","gmaps_v2","zomato","Go Naati","969","1699615207","Go Naati","713","1688639100","[]","[dining, delivery]","gonaati","N_A"
"ChIJL-Vm4N4XrjsR9oiIrXvlwAQ","20287605","0x3bae17dee066e52f:0x4c0e57bad8888f6","20287605","gmaps_v2","zomato","Taco Bell","86","1699615207","Taco Bell","225","1688639100","[]","[dining, delivery]","tacobell","zomato_taco_bell"
"ChIJeRiDtF49rjsROryabg3tHPk","52673","0x3bae3d5eb4831879:0xf91ced0d6e9abc3a","52673","gmaps_v2","zomato","New Agarwal Bhavan","4532","1699615207","New Agarwal Bhavan","18400","1688639100","[]","[dining, delivery]",,"zomato_new_agarwal_bhavan"
"ChIJUxhsetwXrjsRX6zPygenwqE","20394794","0x3bae17dc7a6c1853:0xa1c2a707cacfac5f","20394794","gmaps_v2","zomato","Chai Point","267","1687847039","Chai Point","0","1688639100","[]","[dining]","chaipoint","zomato_chai_point"
"ChIJdZTL27k9rjsRxf9eIG8IKxY","20420565","0x3bae3db9dbcb9475:0x162b086f205effc5","20420565","gmaps_v2","zomato","Five star chicken","53","1699615207","Five Star Chicken","0","1688639100","[]","[dining, delivery]","fivestarchicken","zomato_five_star_chicken"
"ChIJ6VHJjo09rjsRqV7qdKwpSjQ","19539791","0x3bae3d8d8ec951e9:0x344a29ac74ea5ea9","19539791","gmaps_v2","zomato","Go Naati","0","1687847039","Go Naati","713","1688639100","[]","[dining, delivery]","gonaati","N_A"
"ChIJwU6gtW49rjsRWLODyUkDOPc","19655980","0x3bae3d6eb5a04ec1:0xf7380349c983b358","19655980","gmaps_v2","zomato","Raithana Aramane","581","1699615207","Raithana Aramane","595","1688639100","[]","[dining, delivery]",,"N_A"
"ChIJCw_MjYI9rjsRbyjD9pgyLUE","19522899","0x3bae3d828dcc0f0b:0x412d3298f6c3286f","19522899","gmaps_v2","zomato","Jam's Kitchen","102","1699615207","Jam's Kitchen","404","1688639100","[]","[dining, delivery]","business","N_A"
"ChIJM7JKri0WrjsRIKww3E2RXXc","18366675","0x3bae162dae4ab233:0x775d914ddc30ac20","18366675","gmaps_v2","zomato","Pizza Stop","376","1699615207","Pizza Stop","1126","1688639100","[]","[dining, delivery]",,"zomato_pizza_stop"
"ChIJeay0qic9rjsRvimlcztvpZc","18535583","0x3bae3d27aab4ac79:0x97a56f3b73a529be","18535583","gmaps_v2","zomato","Grill Biryanis","3202","1699615207","Grill Biryanis","94200","1688639100","[]","[dining, delivery]",,"zomato_grill_biryanis"
"ChIJz_21now9rjsRm6m2y3E0c9I","18278223","0x3bae3d8c9eb5fdcf:0xd2733471cbb6a99b","18278223","gmaps_v2","zomato","Just Bake","490","1687847039","Just Bake","15","1688639100","[]","[dining]","justbake","zomato_just_bake"
"ChIJJ_Vc4Y49rjsR4uQBHXra2Hw","58877","0x3bae3d8ee15cf527:0x7cd8da7a1d01e4e2","58877","gmaps_v2","zomato","KUDLA BEACH","723","1699615207","Kudla Beach","8554","1688639100","[]","[dining, delivery]","business","zomato_kudla_beach"
"ChIJtxy6kIAXrjsRHu1hTEBEii0","19608368","0x3bae178090ba1cb7:0x2d8a44404c61ed1e","19608368","gmaps_v2","zomato","IDC Kitchen","1564","1699615207","IDC Kitchen","2446","1688639100","[]","[dining, delivery]",,"N_A"
"ChIJBVxm4Jg9rjsRITfbMzPu_44","18730881","0x3bae3d98e0665c05:0x8effee3333db3721","18730881","gmaps_v2","zomato","Karnataka Biryani Point","1509","1699615207","Karnataka Biryani Point","831","1688639100","[]","[dining, delivery]",,"zomato_karnataka_biryani_point"
"ChIJSVqQ-HUXrjsR8yzlpz5a6jw","50201","0x3bae1775f8905a49:0x3cea5a3ea7e52cf3","50201","gmaps_v2","zomato","KFC","4172","1699615207","KFC","200","1688639100","[]","[dining, delivery]","kfc","zomato_kfc"
"ChIJOzC2o3g9rjsR24LJIXlhSKI","53805","0x3bae3d78a3b6303b:0xa248617921c982db","53805","gmaps_v2","zomato","Subway","1335","1699615207","Subway","2333","1688639100","[]","[dining, delivery]",,"zomato_subway"
"ChIJGTtB--g9rjsRwn8uCCdq9Ws","60292","0x3bae3de8fb413b19:0x6bf56a27082e7fc2","60292","gmaps_v2","zomato","South Ruchis","3166","1699615207","South Ruchis","17300","1688639100","[]","[dining, delivery]","southruchis","zomato_south_ruchis"
"ChIJNUBU7aYXrjsR4IuIkZf8LXM","19946311","0x3bae17a6ed544035:0x732dfc9791888be0","19946311","gmaps_v2","zomato","KFC","72","1699615207","KFC","2","1688639100","[]","[dining, delivery]","kfc","zomato_kfc"
"ChIJwchowCIWrjsRTrksO1daMTs","59727","0x3bae1622c068c8c1:0x3b315a573b2cb94e","59727","gmaps_v2","zomato","KAAPI KATTE","160","1699615207","Kaapi Katte","118","1688639100","[]","[dining, delivery]",,"N_A"
"ChIJb7IbxjAWrjsRM3BNm1pza-U","56671","0x3bae1630c61bb26f:0xe56b735a9b4d7033","56671","gmaps_v2","zomato","Hotel Ayodhya Upahar","2007","1699615207","Hotel Ayodhya Upahar","773","1688639100","[]","[dining, delivery]",,"N_A"
"ChIJvZ_B-TMWrjsRHMLUUl2GB6E","54193","0x3bae1633f9c19fbd:0xa107865d52d4c21c","54193","gmaps_v2","zomato","Chung Wah","833","1699615207","Chung Wah","1628","1688639100","[]","[dining, delivery]",,"N_A"
"ChIJqYpJldQ9rjsRzut_iYATrjg","18499701","0x3bae3dd495498aa9:0x38ae1380897febce","18499701","gmaps_v2","zomato","Gulbarga Refreshments","98","1699615207","Gulbarga Refreshment","1781","1688639100","[]","[dining, delivery]",,"N_A"
"ChIJiy1MxNo9rjsRx58aQRRMvYg","19472944","0x3bae3ddac44c2d8b:0x88bd4c14411a9fc7","19472944","gmaps_v2","zomato","Thindi Park","85","1687847039","Thindi Park","53","1688639100","[]","[delivery]","nan","N_A"
"ChIJNcE_mdwXrjsRne52OJuWe6I","19840251","0x3bae17dc993fc135:0xa27b969b3876ee9d","19840251","gmaps_v2","zomato","Queens Restaurant","246","1699615207","Queens Restaurant","196","1688639100","[]","[dining, delivery]","queensrestaurant","N_A"
"ChIJG31s5AQRrjsRZA0yFkeA570","18737637","0x3bae1104e46c7d1b:0xbde7804716320d64","18737637","gmaps_v2","zomato","Cravingz","9","1699615207","Cravingz","15","1688639100","[]","[dining]",,"N_A"
"ChIJ3YtsWpg9rjsRRnspGSuJw-Q","18494073","0x3bae3d985a6c8bdd:0xe4c3892b19297b46","18494073","gmaps_v2","zomato","A1 Ambur Dum biriyani and parota centre","367","1699615207","A1 Ambur Dum Biryani And Parota Centre","11","1688639100","[]","[dining]",,"N_A"
"ChIJCZCXc94XrjsRPRPGYArUd0I","61136","0x3bae17de73979009:0x4277d40a60c6133d","61136","gmaps_v2","zomato","Tasty Corner","1","1687847039","Tasty Corner","14","1688639100","[]","[dining]","nan","N_A"
"ChIJfxbVW-AXrjsRSDeyL1ojsUg","18232664","0x3bae17e05bd5167f:0x48b1235a2fb23748","18232664","gmaps_v2","zomato","Delhi Mess","595","1687847039","Delhi Mess","24800","1688639100","[]","[dining, delivery]","nan","N_A"
"ChIJLcJBZNsXrjsRUq88KLK2bK0","60340","0x3bae17db6441c22d:0xad6cb6b2283caf52","60340","gmaps_v2","zomato","Auntie Fung's","1288","1699615207","Auntie Fung's","8629","1688639100","[]","[dining, delivery]","auntiefungs","zomato_auntie_fung's"
"ChIJQ7tC6689rjsRvpIcL25bhBE","20415252","0x3bae3dafeb42bb43:0x11845b6e2f1c92be","20415252","gmaps_v2","zomato","DONNE BIRYANI PALACE","400","1699615207","Donne Biryani Palace","4","1688639100","[]","[dining, delivery]",,"zomato_donne_biryani_palace"
"ChIJqTy7Yt8XrjsRi4vkjvKEAxA","57748","0x3bae17df62bb3ca9:0x100384f28ee48b8b","57748","gmaps_v2","zomato","Zam Zam Kabab House","338","1699615207","Zam Zam Kabab House","12200","1688639100","[]","[dining, delivery]",,"zomato_zam_zam_kabab_house"
"ChIJE52MZb49rjsRSE0xpcWDhmo","60430","0x3bae3dbe658c9d13:0x6a8683c5a5314d48","60430","gmaps_v2","zomato","Donne Biryani Mane","632","1699615207","Donne Biriyani Mane","718","1688639100","[]","[dining, delivery]",,"N_A"
"ChIJ-Qhk8BAWrjsRf34bNvGHWOQ","52711","0x3bae1610f06408f9:0xe45887f1361b7e7f","52711","gmaps_v2","zomato","Wood Rose","2","1687847039","Wood Rose","12","1688639100","[]","[dining]","nan","N_A"
"ChIJZ_OfsHg9rjsRs7jOTujsRjs","18618094","0x3bae3d78b09ff367:0x3b46ece84eceb8b3","18618094","gmaps_v2","zomato","Hatti Kaapi","1800","1687847039","Hatti Kaapi","1047","1688639100","[]","[dining, delivery]","hattikaapi","N_A"
"ChIJhxeetFcXrjsReIb5Ox_fdxs","19714445","0x3bae1757b49e1787:0x1b77df1f3bf98678","19714445","gmaps_v2","zomato","Five Star Chicken","27","1699615207","Five Star Chicken","158","1688639100","[]","[dining, delivery]","fivestarchicken","zomato_five_star_chicken"
"ChIJFQEFv2UXrjsRyxVC9OkmerU","19038372","0x3bae1765bf050115:0xb57a26e9f44215cb","19038372","gmaps_v2","zomato","SANDWICHWALLAS","73","1687847039","Sandwichwallas","374","1688639100","[]","[delivery]","nan","N_A"
"ChIJUQzByLY9rjsRrlvA0y1JesQ","19368460","0x3bae3db6c8c10c51:0xc47a492dd3c05bae","19368460","gmaps_v2","zomato","Domino's Pizza","496","1699615207","Domino's Pizza","4140","1688639100","[]","[dining, delivery]","dominos","zomato_domino's_pizza"
"ChIJtfxjrmE9rjsRdeqbwOg2XdQ","53255","0x3bae3d61ae63fcb5:0xd45d36e8c09bea75","53255","gmaps_v2","zomato","Naidu's Biryani Hut","751","1699615207","Naidu Biriyani Hut","98","1688639100","[]","[dining]","hellowcart","N_A"
"ChIJU0IQ13U9rjsRk-ajR_dY03M","18996473","0x3bae3d75d7104253:0x73d358f747a3e693","18996473","gmaps_v2","zomato","Five Star Chicken","62","1699615207","Five Star Chicken","247","1688639100","[]","[dining, delivery]","fivestarchicken","zomato_five_star_chicken"
"ChIJq6qqqpY9rjsR1aQuiUuu2Xw","51488","0x3bae3d96aaaaaaab:0x7cd9ae4b892ea4d5","51488","gmaps_v2","zomato","Nisarga","2531","1699615207","Nisarga","2987","1688639100","[]","[dining, delivery]","nisargarestaurants","N_A"
"ChIJdZTL27k9rjsRxf9eIG8IKxY","19060352","0x3bae3db9dbcb9475:0x162b086f205effc5","19060352","gmaps_v2","zomato","Five star chicken","53","1699615207","Five Star Chicken","8","1688639100","[]","[dining, delivery]","fivestarchicken","zomato_five_star_chicken"
"ChIJsbjYAiMWrjsRyaCveLD3yJw","56479","0x3bae162302d8b8b1:0x9cc8f7b078afa0c9","56479","gmaps_v2","zomato","Krispy Kreme","77","1687847039","Krispy Kreme","1391","1688639100","[]","[dining, delivery]","krispykremeindia","zomato_krispy_kreme"
"ChIJkyIwMSYWrjsRdrp4aJ6Z7xQ","18333169","0x3bae162631302293:0x14ef999e6878ba76","18333169","gmaps_v2","zomato","Brahmins' Thatte Idli","6235","1699615207","Brahmins' Thatte Idli","5506","1688639100","[]","[delivery]","facebook","zomato_brahmins'_thatte_idli"
"ChIJJyL3_A8XrjsR12WD7qs8zdU","19051784","0x3bae170ffcf72227:0xd5cd3cabee8365d7","19051784","gmaps_v2","zomato","SREE UDUPI GRAND","53","1699615207","Sree Udupi Grand","52","1688639100","[]","[dining, delivery]",,"zomato_sree_udupi_grand"
"ChIJ1US3c98XrjsRfq7CtiEqf7M","59574","0x3bae17df73b744d5:0xb37f2a21b6c2ae7e","59574","gmaps_v2","zomato","Flavors of North","962","1699615207","Flavors of North","14100","1688639100","[]","[dining, delivery]","dotpe","zomato_flavors_of_north"
"ChIJw8PDi9wXrjsRJ8SGGaaFtrk","50687","0x3bae17dc8bc3c3c3:0xb9b685a61986c427","50687","gmaps_v2","zomato","McDonald's","6059","1699615207","McDonald's","19400","1688639100","[]","[dining, delivery]","mcdelivery","zomato_mcdonald's"
"ChIJsTqyNmc9rjsRpDmqvcxYiQc","19575514","0x3bae3d6736b23ab1:0x78958ccbdaa39a4","19575514","gmaps_v2","zomato","Nana's hyderabad Dum Biriyani","15","1699615207","Nana's Hyderabad Dum Biriyani","183","1688639100","[]","[dining, delivery]","business","N_A"
"ChIJCUd25cQ9rjsRBu0LbXGnjhI","19146714","0x3bae3dc4e5764709:0x128ea7716d0bed06","19146714","gmaps_v2","zomato","Wow Momo","148","1699615207","WOW! Momo","3499","1688639100","[]","[dining, delivery]","wowmomo","zomato_wow!_momo"
"ChIJ0XdUYiMWrjsRvR1i9JWU0P0","51770","0x3bae1623625477d1:0xfdd09495f4621dbd","51770","gmaps_v2","zomato","Pizza Hut","2468","1699615207","Pizza Hut","3541","1688639100","[]","[dining, delivery]","pizzahut","N_A"
"ChIJu6R2eGE9rjsRuxdFtk6QGiQ","18552869","0x3bae3d617876a4bb:0x241a904eb64517bb","18552869","gmaps_v2","zomato","Pavilion Restaurant","412","1699615207","Pavilion Restaurant","175","1688639100","[]","[dining, delivery]","comfortinn-insys","N_A"
"ChIJ_R2j7r89rjsRehSiSUn8KzI","18756010","0x3bae3dbfeea31dfd:0x322bfc4949a2147a","18756010","gmaps_v2","zomato","Tango Sandwich King","2","1699615207","Tango Sandwich King","3389","1688639100","[]","[dining, delivery]",,"zomato_tango_sandwich_king"
"ChIJkyKwg-Q9rjsRVyslG7094Pw","18502138","0x3bae3de483b02293:0xfce03dbd1b252b57","18502138","gmaps_v2","zomato","F.M BIRIYANI PARADISE","41","1699615207","F.M Biryani Paradise","5","1688639100","[]","[dining]",,"N_A"
"ChIJW-XKxdI9rjsRk0v78ew2kio","19252583","0x3bae3dd2c5cae55b:0x2a9236ecf1fb4b93","19252583","gmaps_v2","zomato","Ayodhya Food Corner","338","1687847039","Ayodhya Food Corner","96","1688639100","[]","[dining, delivery]","nan","N_A"
"ChIJ-SQF8KI9rjsRhcmpXj62U7Y","20425684","0x3bae3da2f00524f9:0xb653b63e5ea9c985","20425684","gmaps_v2","zomato","Five Star Chicken","181","1699615207","Five Star Chicken","0","1688639100","[]","[dining, delivery]","fivestarchicken","zomato_five_star_chicken"
"ChIJAYqUric9rjsRHsoBbiNRs9s","18232670","0x3bae3d27ae948a01:0xdbb351236e01ca1e","18232670","gmaps_v2","zomato","Amma's Pastries","2813","1687847039","Amma's Pastries","2047","1688639100","[]","[dining, delivery]","ammaspastries","zomato_amma's_pastries"
"ChIJocLqnCQWrjsRxKZBW8o4kao","18547241","0x3bae16249ceac2a1:0xaa9138ca5b41a6c4","18547241","gmaps_v2","zomato","Donne Biryani House","2057","1699615207","Donne Biryani House","7055","1688639100","[]","[dining, delivery]",,"zomato_donne_biryani_house"
"ChIJVTO9rHc9rjsRuuh3StTCuDc","19797270","0x3bae3d77acbd3355:0x37b8c2d44a77e8ba","19797270","gmaps_v2","zomato","Five star chicken","11","1687847039","Five Star Chicken","198","1688639100","[]","[dining, delivery]","fivestarchicken","zomato_five_star_chicken"
"ChIJZ70ffCcWrjsRE8pGnl1TYPQ","50036","0x3bae16277c1fbd67:0xf460535d9e46ca13","50036","gmaps_v2","zomato","Al Bek","2400","1699615207","Al-Bek","31500","1688639100","[]","[dining, delivery]","al-bek","zomato_al-bek"
"ChIJZUrzkDYWrjsRVzTYHR2oo6s","18232642","0x3bae163690f34a65:0xaba3a81d1dd83457","18232642","gmaps_v2","zomato","Café Coffee Day","838","1699615207","Cafe Coffee Day","75","1688639100","[]","[dining, delivery]","cafecoffeeday","zomato_cafe_coffee_day"
"ChIJUxzUDDQWrjsRufZbU07Zxns","18232642","0x3bae16340cd41c53:0x7bc6d94e535bf6b9","18232642","gmaps_v2","zomato","Cafe Coffee Day","468","1687847039","Cafe Coffee Day","75","1688639100","[]","[dining, delivery]","cafecoffeeday","zomato_cafe_coffee_day"
"ChIJz1zGnu89rjsRN4QmjhQlFcs","19792336","0x3bae3def9ec65ccf:0xcb1525148e268437","19792336","gmaps_v2","zomato","Half tea","9","1687847039","Half Tea","13","1688639100","[]","[dining]","nan","N_A"
"ChIJ6TRU6uI9rjsRJaj9Yy-tA9w","18806947","0x3bae3de2ea5434e9:0xdc03ad2f63fda825","18806947","gmaps_v2","zomato","Lassi Bistro","6","1687847039","Lassi Bistro","9","1688639100","[]","[dining]","nan","N_A"
"ChIJlcIsXGI9rjsRGtqQn0MAcn4","59745","0x3bae3d625c2cc295:0x7e7200439f90da1a","59745","gmaps_v2","zomato","Ambur Darbar Biriyani Point","69","1699615207","Ambur Darbar Biriyani Point","7904","1688639100","[]","[dining, delivery]",,"zomato_ambur_darbar_biriyani_point"
"ChIJeT3f_cgXrjsR-LZayBHCzbQ","20246073","0x3bae17c8fddf3d79:0xb4cdc211c85ab6f8","20246073","gmaps_v2","zomato","Five star chicken","27","1699615207","Five Star Chicken","0","1688639100","[]","[dining, delivery]","fivestarchicken","N_A"
"ChIJl2NyF-E9rjsRLQOWgn8Ux7E","18806947","0x3bae3de117726397:0xb1c7147f8296032d","18806947","gmaps_v2","zomato","Lassi Bistro","535","1699615207","Lassi Bistro","9","1688639100","[]","[dining]","lassibistro","N_A"
"ChIJG6Rr__EXrjsRePJ_f7Dnqfc","18728120","0x3bae17f1ff6ba41b:0xf7a9e7b07f7ff278","18728120","gmaps_v2","zomato","Bhairaveshwara Military Hotel","567","1687847039","Bhairaveshwara Military Hotel","18700","1688639100","[]","[dining, delivery]","nan","N_A"
"ChIJM8wMmSUWrjsRFedJCH71RW4","53893","0x3bae1625990ccc33:0x6e45f57e0849e715","53893","gmaps_v2","zomato","Iyer Mess","3947","1699615207","Iyer Mess","5106","1688639100","[]","[dining, delivery]",,"N_A"
"ChIJmzdUidwXrjsRCRUnfuPzFwk","18366652","0x3bae17dc8954379b:0x917f3e37e271509","18366652","gmaps_v2","zomato","Onesta","7031","1699615207","Onesta","16000","1688639100","[]","[dining, delivery]",,"zomato_onesta"
"ChIJmeo8zEc9rjsRppiGBCRiL30","19463666","0x3bae3d47cc3cea99:0x7d2f6224048698a6","19463666","gmaps_v2","zomato","Simply Chats","127","1699615207","Simply Chats","470","1688639100","[]","[dining, delivery]",,"zomato_simply_chats"
"ChIJPYCG7JA9rjsRVzuq4qm_6ek","50579","0x3bae3d90ec86803d:0xe9e9bfa9e2aa3b57","50579","gmaps_v2","zomato","KFC","4202","1699615207","KFC","14300","1688639100","[]","[dining, delivery]","kfc","zomato_kfc"
"ChIJawcbwy4WrjsRsuypj4Ok27g","61647","0x3bae162ec31b076b:0xb8dba4838fa9ecb2","61647","gmaps_v2","zomato","Ganesh Food Joint","720","1699615207","Ganesh Food Joint","5626","1688639100","[]","[dining, delivery]",,"zomato_ganesh_food_joint"
"ChIJ800Gqw09rjsR2X4DDrPVua4","18552847","0x3bae3d0dab064df3:0xaeb9d5b30e037ed9","18552847","gmaps_v2","zomato","Chameleon Lounge Bar","210","1699615207","Chameleon Lounge Bar","197","1688639100","[]","[dining]","comfortinn-insys","N_A"
"ChIJ9ZtCL5Q9rjsRyTcp2IjIdVc","18746600","0x3bae3d942f429bf5:0x5775c888d82937c9","18746600","gmaps_v2","zomato","The World Cafe","83","1699615207","The World Cafe","82","1688639100","[]","[dining]","marriott","N_A"
"ChIJuQg8Fak9rjsRjFTsvH3-7S0","19913885","0x3bae3da9153c08b9:0x2dedfe7dbcec548c","19913885","gmaps_v2","zomato","Bombay bitess","252","1699615207","Bombay Bitess","469","1688639100","[]","[dining, delivery]",,"N_A"
"ChIJl8zSjD49rjsRp64R92bYamo","19515358","0x3bae3d3e8cd2cc97:0x6a6ad866f711aea7","19515358","gmaps_v2","zomato","D-Zaprino","20","1699615207","D-Zaprino","4015","1688639100","[]","[dining, delivery]","dzaprino","N_A"
"ChIJmQd8yK89rjsRJ03JynqhdGs","18865098","0x3bae3dafc87c0799:0x6b74a17acac94d27","18865098","gmaps_v2","zomato","Nandini Swadista Loka","1534","1699615207","Nandini Swadista Loka","198","1688639100","[]","[dining, delivery]",,"N_A"
"ChIJD7tCwY4XrjsRRqy2MqfDFXc","19941979","0x3bae178ec142bb0f:0x7715c3a732b6ac46","19941979","gmaps_v2","zomato","Wow! Momo","49","1699615207","WOW! Momo","390","1688639100","[]","[dining, delivery]","wowmomo","zomato_wow!_momo"
"ChIJzT2_hz09rjsRo3AgEWLWA-4","19101010","0x3bae3d3d87bf3dcd:0xee03d662112070a3","19101010","gmaps_v2","zomato","Coffee Santhe","1199","1699615207","Coffee Santhe","1220","1688639100","[]","[delivery]","business","N_A"
"ChIJH5hwJsU9rjsRZ9BUenLEVAc","52645","0x3bae3dc52670981f:0x754c4727a54d067","52645","gmaps_v2","zomato","Swathi Greenland","3877","1699615207","Swathi Greenland","1699","1688639100","[]","[dining, delivery]","swathigrouprestaurants","N_A"
"ChIJx24V03w9rjsRhq-_zTUmHMg","61443","0x3bae3d7cd3156ec7:0xc81c2635cdbfaf86","61443","gmaps_v2","zomato","Aastha Bengali Mess","584","1699615207","Aastha Bengali Mess","8652","1688639100","[]","[dining, delivery]",,"zomato_aastha_bengali_mess"
"ChIJ65eS-DMWrjsRO5ry2tm1ewA","18414352","0x3bae1633f89297eb:0x7bb5d9daf29a3b","18414352","gmaps_v2","zomato","Donne Biriyani Angadi Mane","1000","1699615207","Donne Biryani Angadi Mane","2935","1688639100","[]","[dining, delivery]",,"zomato_donne_biryani_angadi_mane"
"ChIJLTN4VaI9rjsRiZl9tOByo8k","19636272","0x3bae3da25578332d:0xc9a372e0b47d9989","19636272","gmaps_v2","zomato","New Sukhi Sagar","412","1699615207","New Sukhi Sagar","432","1688639100","[]","[delivery]",,"N_A"
"ChIJb39Y2ekXrjsRw_WfwfUHj64","19930530","0x3bae17e9d9587f6f:0xae8f07f5c19ff5c3","19930530","gmaps_v2","zomato","CHOCODAINTY","1","1687847039","Chocodainty","176","1688639100","[]","[delivery]","chocodainty","N_A"
"ChIJJwLHqCMWrjsR0R135BQhnOw","51240","0x3bae1623a8c70227:0xec9c2114e4771dd1","51240","gmaps_v2","zomato","Rajdhani","3249","1699615207","Rajdhani","3566","1688639100","[]","[dining, delivery]","rajdhani","N_A"
"ChIJtX894PY9rjsReFzvLArg4Bs","19163398","0x3bae3df6e03d7fb5:0x1be0e00a2cef5c78","19163398","gmaps_v2","zomato","Raj Donne Biriyani Mane","543","1699615207","Raj Donne Biriyani Mane","1287","1688639100","[]","[dining, delivery]",,"N_A"
"ChIJVz6uVOE9rjsRSNNhky9XCgA","19067506","0x3bae3de154ae3e57:0xa572f9361d348","19067506","gmaps_v2","zomato","Lassi corner","14","1687847039","Lassi Corner","419","1688639100","[]","[dining, delivery]","lassicorner","zomato_lassi_corner"
"ChIJofK_B289rjsRd10gTxh9U_k","53160","0x3bae3d6f07bff2a1:0xf9537d184f205d77","53160","gmaps_v2","zomato","Rajdhani","81","1687847039","Rajdhani","4967","1688639100","[]","[dining, delivery]","rajdhani","N_A"
"ChIJ06Mc8JQXrjsRHYKAP3OWWX0","19767124","0x3bae1794f01ca3d3:0x7d5996733f80821d","19767124","gmaps_v2","zomato","Shivas military hotel","130","1699615207","Shiva's Military Hotel","204","1688639100","[]","[dining, delivery]",,"N_A"
"ChIJQTyavXg9rjsRxe1xHAp3qqo","54644","0x3bae3d78bd9a3c41:0xaaaa770a1c71edc5","54644","gmaps_v2","zomato","Wow! Momo","237","1687847039","WOW! Momo","2167","1688639100","[]","[dining, delivery]","wowmomo","zomato_wow!_momo"
"ChIJR7GP9H09rjsRvulNeK0WhKU","19675488","0x3bae3d7df48fb147:0xa58416ad784de9be","19675488","gmaps_v2","zomato","Baf's Cafe","205","1687847039","Baf's Cafe","270","1688639100","[]","[dining, delivery]","nan","N_A"
"ChIJAayEACMWrjsRuiu3lClGvqs","54627","0x3bae16230084ac01:0xabbe462994b72bba","54627","gmaps_v2","zomato","Mad Over Donuts","513","1699615207","Mad Over Donuts","1136","1688639100","[]","[dining, delivery]","madoverdonuts","zomato_mad_over_donuts"
"ChIJN4y9YS4WrjsRrNGYWo0KXto","18597889","0x3bae162e61bd8c37:0xda5e0a8d5a98d1ac","18597889","gmaps_v2","zomato","Clean Slate Café","868","1699615207","Clean Slate Cafe","419","1688639100","[]","[dining, delivery]",,"N_A"
"ChIJVzNu7Zc9rjsRju7caW12MKo","18444924","0x3bae3d97ed6e3357:0xaa30766d69dcee8e","18444924","gmaps_v2","zomato","kool joint","624","1699615207","Kool Joint","2446","1688639100","[]","[delivery]","business","N_A"
"ChIJw3DKX2c9rjsRgmp6bmDVlu0","19652045","0x3bae3d675fca70c3:0xed96d5606e7a6a82","19652045","gmaps_v2","zomato","Sri Ruchi's Veg","17","1699615207","Sri Ruchi's Veg","14","1688639100","[]","[delivery]",,"N_A"
"ChIJbZ1UMP8XrjsRNU_MI1nKHBk","18966993","0x3bae17ff30549d6d:0x191cca5923cc4f35","18966993","gmaps_v2","zomato","Shiv Sagar Express","4175","1699615207","RS Shiv Sagar Express","12400","1688639100","[]","[dining, delivery]",,"zomato_rs_shiv_sagar_express"
"ChIJQURqxhM9rjsRD2BP4pkl5uw","20070495","0x3bae3d13c66a4441:0xece62599e24f600f","20070495","gmaps_v2","zomato","The Lemon Light","145","1699615207","The Lemon Light","58","1688639100","[]","[dining, delivery]",,"N_A"
"ChIJRWSW-489rjsRPfJYXRfylus","18802596","0x3bae3d8ffb966445:0xeb96f2175d58f23d","18802596","gmaps_v2","zomato","New Prashanth Hotel","1598","1699615207","New Prashanth Hotel","1078","1688639100","[]","[dining, delivery]",,"N_A"
"ChIJ87KQhb49rjsRl435y-ILmXo","19496691","0x3bae3dbe8590b2f3:0x7a990be2cbf98d97","19496691","gmaps_v2","zomato","Coffee Cafe","166","1687847039","Coffee Cafe","512","1688639100","[]","[delivery]","nan","N_A"
"ChIJbbBa2HA9rjsRiFI1ridaJdA","19084788","0x3bae3d70d85ab06d:0xd0255a27ae355288","19084788","gmaps_v2","zomato","Dakshin Delicacy","2321","1699615207","Dakshin Delicacy","2193","1688639100","[]","[dining, delivery]",,"N_A"
"ChIJ649UpC8WrjsRWggqXDhE8_s","19695256","0x3bae162fa4548feb:0xfbf344385c2a085a","19695256","gmaps_v2","zomato","GR Iyengar's Fast Food","52","1699615207","GR Iyengar Fast Food","98","1688639100","[]","[dining, delivery]",,"N_A"
"ChIJzWLYkpc9rjsRGU_MZMLmKbY","19235256","0x3bae3d9792d862cd:0xb629e6c264cc4f19","19235256","gmaps_v2","zomato","Sandwich Station","4","1699615207","Sandwich Station","733","1688639100","[]","[dining, delivery]",,"N_A"
"ChIJDzGCKoI9rjsRYQ43GBKK2V4","20037862","0x3bae3d822a82310f:0x5ed98a1218370e61","20037862","gmaps_v2","zomato","Café Coffee Day","586","1699615207","Cafe Coffee Day","12","1688639100","[]","[dining, delivery]","cafecoffeeday","zomato_cafe_coffee_day"
"ChIJAWdNvCg9rjsRGtTJ-H1zaMg","19723879","0x3bae3d28bc4d6701:0xc868737df8c9d41a","19723879","gmaps_v2","zomato","Swagat Restaurant","537","1699615207","Swagat Restaurant","218","1688639100","[]","[delivery]","business","N_A"
"ChIJTwqfMCIXrjsRdf_O3N84fII","19851677","0x3bae1722309f0a4f:0x827c38dfdcceff75","19851677","gmaps_v2","zomato","Sabroso","47","1699615207","Sabroso","306","1688639100","[]","[delivery]",,"N_A"
"ChIJdS3mdsoXrjsRith6__A58Mk","20058862","0x3bae17ca76e62d75:0xc9f039f0ff7ad88a","20058862","gmaps_v2","zomato","Taki Taki","455","1699615207","Taki Taki","36","1688639100","[]","[dining]",,"N_A"
"ChIJF3iAeYA9rjsRlRcOicKHMa4","20037862","0x3bae3d8079807817:0xae3187c2890e1795","20037862","gmaps_v2","zomato","Café Coffee Day","328","1699615207","Cafe Coffee Day","12","1688639100","[]","[dining, delivery]","cafecoffeeday","zomato_cafe_coffee_day"
"ChIJ57hrC-4XrjsR92gNQnmpIiU","18928549","0x3bae17ee0b6bb8e7:0x2522a979420d68f7","18928549","gmaps_v2","zomato","Sri Sai Dosa Center","97","1699615207","Sri Sai Dosa Center","18","1688639100","[]","[dining]",,"N_A"
"ChIJfzHkyS09rjsRDupb63fgMdg","19515203","0x3bae3d2dc9e4317f:0xd831e077eb5bea0e","19515203","gmaps_v2","zomato","Pizza Hut","173","1699615207","Pizza Hut","5997","1688639100","[]","[dining, delivery]","pizzahut","zomato_pizza_hut"
"ChIJ6YuOo-09rjsRNV6vXxvF0lA","19485072","0x3bae3deda38e8be9:0x50d2c51b5faf5e35","19485072","gmaps_v2","zomato","New Karavali Mess","74","1699615207","New Karavali Mess","454","1688639100","[]","[dining, delivery]",,"N_A"
"ChIJ6zY-Fcs9rjsRzbMiqcH1FOQ","19155366","0x3bae3dcb153e36eb:0xe414f5c1a922b3cd","19155366","gmaps_v2","zomato","Nani's Hyderabad Dum Biryani","475","1699615207","Nani's Hyderabad Dum Biryani","2541","1688639100","[]","[dining, delivery]","nanishyderabaddumbiryani","zomato_nani's_hyderabad_dum_biryani"
"ChIJfWxLMyA9rjsRZi-w5D57cFc","19546690","0x3bae3d20334b6c7d:0x57707b3ee4b02f66","19546690","gmaps_v2","zomato","Crepito","1365","1699615207","Crepito","744","1688639100","[]","[dining, delivery]",,"N_A"
"ChIJTbvH1vU9rjsRbTbVy-ROHYE","53381","0x3bae3df5d6c7bb4d:0x811d4ee4cbd5366d","53381","gmaps_v2","zomato","Domino's Pizza","1474","1699615207","Domino's Pizza","10500","1688639100","[]","[dining, delivery]","dominos","zomato_domino's_pizza"
"ChIJfdKOACMWrjsRqS3wTBNNVts","53513","0x3bae1623008ed27d:0xdb564d134cf02da9","53513","gmaps_v2","zomato","Subway","572","1699615207","Subway","1401","1688639100","[]","[dining, delivery]","subway","zomato_subway"
"ChIJE0aJWpwXrjsRzT4rqxTyadQ","19663219","0x3bae179c5a894613:0xd469f214ab2b3ecd","19663219","gmaps_v2","zomato","The royal burgers","1","1699615207","The Royal Burgers","474","1688639100","[]","[delivery]",,"N_A"
"ChIJafRSQwsXrjsReHlTbN-bKgo","19946302","0x3bae170b4352f469:0xa2a9bdf6c537978","19946302","gmaps_v2","zomato","Pizza Hut","228","1699615207","Pizza Hut","2","1688639100","[]","[dining, delivery]","pizzahut","zomato_pizza_hut"
"ChIJFfYlpwo9rjsRVQXbSzR5R6Y","19364850","0x3bae3d0aa725f615:0xa64779344bdb0555","19364850","gmaps_v2","zomato","Sarayu Flavours","348","1699615207","Sarayu Flavours","14","1688639100","[]","[dining]",,"N_A"
"ChIJt_bbGtg8rjsRpvKgm2l41FI","18856907","0x3bae3cd81adbf6b7:0x52d478699ba0f2a6","18856907","gmaps_v2","zomato","Karnataka hindu miltry hotel","155","1699615207","Karnataka Hindu Military Hotel","386","1688639100","[]","[dining, delivery]",,"N_A"
"ChIJ6SvnnPI9rjsROAvpP7iY1Rw","19292217","0x3bae3df29ce72be9:0x1cd598b83fe90b38","19292217","gmaps_v2","zomato","Taco Bell","489","1699615207","Taco Bell","3181","1688639100","[]","[dining, delivery]","tacobell","zomato_taco_bell"
"ChIJ9VCN6lYXrjsRD3sHcZgmzBc","19425207","0x3bae1756ea8d50f5:0x17cc269871077b0f","19425207","gmaps_v2","zomato","San Tung Chinese","237","1699615207","San Tung Chinese","1963","1688639100","[]","[dining, delivery]",,"zomato_san_tung_chinese"
"ChIJSVqQ-HUXrjsR8yzlpz5a6jw","50576","0x3bae1775f8905a49:0x3cea5a3ea7e52cf3","50576","gmaps_v2","zomato","KFC","4172","1699615207","KFC","5579","1688639100","[]","[dining, delivery]","kfc","zomato_kfc"
"ChIJp4puazoWrjsR3ERdqkRIIM0","19867209","0x3bae163a6b6e8aa7:0xcd204844aa5d44dc","19867209","gmaps_v2","zomato","Karnataka Biryani Point","477","1699615207","Karnataka Biriyani Point","68","1688639100","[]","[delivery]",,"N_A"
"ChIJTwMBn9wXrjsRB_OU-gq6dVI","18515585","0x3bae17dc9f01034f:0x5275ba0afa94f307","18515585","gmaps_v2","zomato","Drunken Monkey","664","1695212099","Drunken Monkey","1905","1688639100","[]","[dining, delivery]","thedrunkenmonkey","zomato_drunken_monkey"
"ChIJu6M2vSUWrjsROXoGYJrV4sY","58315","0x3bae1625bd36a3bb:0xc6e2d59a60067a39","58315","gmaps_v2","zomato","Karavali Lunch Home","954","1699615207","Karavali Lunch Home","7321","1688639100","[]","[dining, delivery]",,"N_A"
"ChIJiSa7saM9rjsRxfhYLfOmXTY","19270337","0x3bae3da3b1bb2689:0x365da6f32d58f8c5","19270337","gmaps_v2","zomato","Le Grapes Restobar","3033","1687847039","Le Grapes Restobar","951","1688639100","[]","[dining, delivery]","nan","N_A"
"ChIJ04MzR34WrjsRgKAbSBsYXGI","20376339","0x3bae167e473383d3:0x625c181b481ba080","20376339","gmaps_v2","zomato","The Belgian Waffle Co.","529","1699615207","The Belgian Waffle Co.","79","1688639100","[]","[dining, delivery]","thebelgianwaffle","zomato_the_belgian_waffle_co."
"ChIJrdCqmdY9rjsRB8SsdgAqjPY","18802767","0x3bae3dd699aad0ad:0xf68c2a0076acc407","18802767","gmaps_v2","zomato","Roast 'N' Frost","395","1699615207","Roast 'N' Frost","2513","1688639100","[]","[dining, delivery]","business","zomato_roast_'n'_frost"
"ChIJyyMhq-09rjsRlxVBwSbS5Xs","18755264","0x3bae3dedab2123cb:0x7be5d226c1411597","18755264","gmaps_v2","zomato","Westin -Vaysa Paradise","147","1699615207","Westin - Vyasa Paradise","11","1688639100","[]","[dining]",,"N_A"
"ChIJ5XtxoG89rjsRW7KIr7REqeU","59749","0x3bae3d6fa0717be5:0xe5a944b4af88b25b","59749","gmaps_v2","zomato","KFC","4111","1699615207","KFC","6143","1688639100","[]","[dining, delivery]","kfc","zomato_kfc"
"ChIJiV1TDb49rjsR2tRBBdu2xR0","50373","0x3bae3dbe0d535d89:0x1dc5b6db0541d4da","50373","gmaps_v2","zomato","Domino's Pizza","3457","1699615207","Domino's Pizza","12500","1688639100","[]","[dining, delivery]","dominos","zomato_domino's_pizza"
"ChIJafRSQwsXrjsReHlTbN-bKgo","19944362","0x3bae170b4352f469:0xa2a9bdf6c537978","19944362","gmaps_v2","zomato","Pizza Hut","228","1699615207","Pizza Hut","710","1688639100","[]","[dining, delivery]","pizzahut","zomato_pizza_hut"
"ChIJ3QfILXU_rjsRYdko_aFFXCU","19103011","0x3bae3f752dc807dd:0x255c45a1fd28d961","19103011","gmaps_v2","zomato","Gully Treats","737","1699615207","Gully Treats","1688","1688639100","[]","[dining, delivery]","gullytreats","N_A"
"ChIJhYCNhZAXrjsROabgmR0yjZQ","20341872","0x3bae1790858d8085:0x948d321d99e0a639","20341872","gmaps_v2","zomato","ASE Restro Bar","445","1699615207","ASE Restro Bar","10","1688639100","[]","[dining]",,"N_A"
"ChIJq7S5VHI9rjsR-wUMVAauZSo","19167158","0x3bae3d7254b9b4ab:0x2a65ae06540c05fb","19167158","gmaps_v2","zomato","Joy's Kuttanadu Restaurant","481","1699615207","Joy's Kuttanadu Restaurant","3473","1688639100","[]","[dining, delivery]",,"N_A"
"ChIJUfWkNvM9rjsRouT5v5cW7Ts","19979539","0x3bae3df336a4f551:0x3bed1697bff9e4a2","19979539","gmaps_v2","zomato","BURGER ELITE","44","1699615207","Burger Elite","295","1688639100","[]","[dining, delivery]",,"N_A"
"ChIJM0QKpHg9rjsRMEK_I5vGFJ0","53190","0x3bae3d78a40a4433:0x9d14c69b23bf4230","53190","gmaps_v2","zomato","McDonald's","1365","1699615207","McDonald's","4002","1688639100","[]","[dining, delivery]","mcdelivery","zomato_mcdonald's"
"ChIJUc9N7C8WrjsRH9EaDghBQVk","18263257","0x3bae162fec4dcf51:0x594141080e1ad11f","18263257","gmaps_v2","zomato","Sai Cafe Veg","428","1699615207","Sai Cafe Veg","6601","1688639100","[]","[dining, delivery]","orderhere","zomato_sai_cafe_veg"
"ChIJFd8mhTY9rjsRsCXMb0F4AMg","19245395","0x3bae3d368526df15:0xc80078416fcc25b0","19245395","gmaps_v2","zomato","Five Star chicken","127","1687847039","Five Star Chicken","997","1688639100","[]","[dining, delivery]","fivestarchicken","zomato_five_star_chicken"
"ChIJufkU44w9rjsR8l-3VPszM9U","18641023","0x3bae3d8ce314f9b9:0xd53333fb54b75ff2","18641023","gmaps_v2","zomato","Brahmins Thatte Idli","848","1699615207","Brahmins' Thatte Idli","4890","1688639100","[]","[dining, delivery]","facebook","zomato_brahmins'_thatte_idli"
"ChIJw05vJVY9rjsRpxcJ3SRAPSM","19285149","0x3bae3d56256f4ec3:0x233d4024dd0917a7","19285149","gmaps_v2","zomato","MONSTER BITE","5","1687847039","Monster Bite","77","1688639100","[]","[dining, delivery]","nan","N_A"
"ChIJhyekevE9rjsRw3inuIbJekE","18679403","0x3bae3df17aa42787:0x417ac986b8a778c3","18679403","gmaps_v2","zomato","Bangarpet Chats","9","1699615207","Bangarpet Chats","1815","1688639100","[]","[dining, delivery]",,"N_A"
"ChIJ3-YDxCYWrjsRimqkxymvYe0","18494071","0x3bae1626c403e6df:0xed61af29c7a46a8a","18494071","gmaps_v2","zomato","Savi sagar","117","1687847039","Savi Sagar","20100","1688639100","[]","[dining, delivery]","nan","N_A"
"ChIJ00TElAw9rjsRK8FetE3TiHM","18886734","0x3bae3d0c94c444d3:0x7388d34db45ec12b","18886734","gmaps_v2","zomato","Brahmins thatte idli","3066","1699615207","Brahmins' Thatte Idli","5343","1688639100","[]","[dining, delivery]",,"zomato_brahmins'_thatte_idli"
"ChIJt0XoPfgXrjsRQfOG0n8YlJw","19490724","0x3bae17f83de845b7:0x9c94187fd286f341","19490724","gmaps_v2","zomato","SR Biriyani House","140","1699615207","SR Biriyani House","279","1688639100","[]","[dining, delivery]","business","N_A"
"ChIJrV78TzEXrjsRaCDrRjGLoTQ","19191067","0x3bae17314ffc5ead:0x34a18b3146eb2068","19191067","gmaps_v2","zomato","Fat Unicorn","765","1687847039","Fat Unicorn","414","1688639100","[]","[dining, delivery]","nan","N_A"
"ChIJZ2LbqCMWrjsRw0Tq3kbiVSE","19276808","0x3bae1623a8db6267:0x2155e246deea44c3","19276808","gmaps_v2","zomato","Taco Bell","242","1699615207","Taco Bell","2128","1688639100","[]","[dining, delivery]","tacobell","zomato_taco_bell"
"ChIJ0Z3enPQ9rjsRGN2OlQOQ3I0","18679403","0x3bae3df49cde9dd1:0x8ddc9003958edd18","18679403","gmaps_v2","zomato","Bangarpet Chats","405","1699615207","Bangarpet Chats","1815","1688639100","[]","[dining, delivery]",,"N_A"
"ChIJUVE05F89rjsRHv3T0j6Y4zI","53088","0x3bae3d5fe4345151:0x32e3983ed2d3fd1e","53088","gmaps_v2","zomato","Thalassery Restaurant","7147","1699615207","Thalassery Restaurant","6847","1688639100","[]","[dining, delivery]",,"zomato_thalassery_restaurant"
"ChIJCephlHE9rjsRZkccrUFlm-w","19386114","0x3bae3d719461ea09:0xec9b6541ad1c4766","19386114","gmaps_v2","zomato","SOCIALIZE","726","1687847039","Socialize","487","1688639100","[]","[dining, delivery]","instagram","N_A"
"ChIJn4J9d9c8rjsRu5uAAqOo5Fc","54312","0x3bae3cd7777d829f:0x57e4a8a302809bbb","54312","gmaps_v2","zomato","New Agarwal Bhavan","3796","1699615207","New Agarwal Bhavan","7969","1688639100","[]","[dining, delivery]",,"zomato_new_agarwal_bhavan"
"ChIJUz-Qu3g9rjsR0JJ_vA7NX8w","60545","0x3bae3d78bb903f53:0xcc5fcd0ebc7f92d0","60545","gmaps_v2","zomato","Empire Juice Shop","128","1687847039","Empire Juice Shop","82","1688639100","[]","[dining]","nan","N_A"
"ChIJ7VeCWecXrjsRxeztr8WRXPw","50239","0x3bae17e7598257ed:0xfc5c91c5afedecc5","50239","gmaps_v2","zomato","Casino Restaurant","1403","1699615207","Casino Restaurant","5924","1688639100","[]","[dining, delivery]",,"zomato_casino_restaurant"
"ChIJEet-e6g9rjsRbAov00M3WQs","19640173","0x3bae3da87b7eeb11:0xb593743d32f0a6c","19640173","gmaps_v2","zomato","Five star chicken","108","1699615207","Five Star Chicken","351","1688639100","[]","[delivery]","fivestarchicken","N_A"
"ChIJs2W4OO89rjsRjvxlxFmPatY","19847078","0x3bae3def38b865b3:0xd66a8f59c465fc8e","19847078","gmaps_v2","zomato","Hotel Virat","1203","1699615207","Hotel Virat","27","1688639100","[]","[dining]",,"N_A"
"ChIJs_xzWboXrjsRPi4ZSsLliNM","51016","0x3bae17ba5973fcb3:0xd388e5c24a192e3e","51016","gmaps_v2","zomato","The Punjabi Rasoi","2067","1699615207","The Punjabi Rasoi","2219","1688639100","[]","[dining, delivery]","thepunjabirasoi","zomato_the_punjabi_rasoi"
"ChIJLxNvQ7o9rjsRWSXbpDeEFpE","19935066","0x3bae3dba436f132f:0x91168437a4db2559","19935066","gmaps_v2","zomato","K2H- Kichen to home","1","1687847039","K2H - Kitchen To Home","174","1688639100","[]","[delivery]","nan","N_A"
"ChIJaaMcoIE9rjsRjRQxYnHFJAo","61646","0x3bae3d81a01ca369:0xa24c5716231148d","61646","gmaps_v2","zomato","Gowdara Hatti","0","1699615207","Gowdara Hatti","5340","1688639100","[]","[dining, delivery]",,"zomato_gowdara_hatti"
"ChIJK1CJk8E9rjsRLPOLftgxc5Q","19874779","0x3bae3dc19389502b:0x947331d87e8bf32c","19874779","gmaps_v2","zomato","Ganesha Fruit Juice Center","31","1687847039","Ganesh Fruits Juice Centre","38","1688639100","[]","[delivery]","nan","N_A"
"ChIJ_9jtuy8WrjsRFdq69vmGgxA","18630455","0x3bae162fbbedd8ff:0x108386f9f6bada15","18630455","gmaps_v2","zomato","JIGARTHANDA","449","1699615207","Jigarthanda","199","1688639100","[]","[dining, delivery]",,"N_A"
"ChIJT1gg-kU9rjsRzOVGerrCasY","19100115","0x3bae3d45fa20584f:0xc66ac2ba7a46e5cc","19100115","gmaps_v2","zomato","Rajanna Military Hotel","535","1699615207","Rajanna Military Hotel","4461","1688639100","[]","[dining, delivery]",,"zomato_rajanna_military_hotel"
"ChIJUw9J-WQ9rjsR3AnATGd4cRo","20367455","0x3bae3d64f9490f53:0x1a7178674cc009dc","20367455","gmaps_v2","zomato","HORIZON","83","1699615207","Horizon","26","1688639100","[]","[dining]","marriott","N_A"
"ChIJ35w48SAWrjsRPGuw6nCVFwg","18717025","0x3bae1620f1389cdf:0x8179570eab06b3c","18717025","gmaps_v2","zomato","Karnataka biryani point","283","1687847039","Karnataka Biryani Point","2728","1688639100","[]","[dining, delivery]","nan","zomato_karnataka_biryani_point"
"ChIJnfDe8Sw9rjsRkbVSTI44p4g","57754","0x3bae3d2cf1def09d:0x88a7388e4c52b591","57754","gmaps_v2","zomato","Tarama Kolkata fast food","5","1699615207","Tarama Kolkata Fast Food","17","1688639100","[]","[dining]",,"N_A"
"ChIJcRMu44kXrjsR05LR8im1hqc","18717025","0x3bae1789e32e1371:0xa786b529f2d192d3","18717025","gmaps_v2","zomato","Karnataka Biriyani Point","0","1699615207","Karnataka Biryani Point","2728","1688639100","[]","[dining, delivery]",,"zomato_karnataka_biryani_point"
"ChIJw2h60Po9rjsRULDpEkSvulc","19042868","0x3bae3dfad07a68c3:0x57baaf4412e9b050","19042868","gmaps_v2","zomato","BIKANER SWEETS","482","1699615207","Bikaner Sweets","29","1688639100","[]","[delivery]",,"N_A"
"ChIJ19Gew3g9rjsRNNRcuw2GMmg","52053","0x3bae3d78c39ed1d7:0x6832860dbb5cd434","52053","gmaps_v2","zomato","Sheraton Grand Bangalore Hotel at Brigade Gateway","15807","1699615207","Feast - Sheraton Grand Bangalore Hotel at Brigade Gateway","1469","1688639100","[]","[dining, delivery]","marriott","N_A"
"ChIJt_If9tc9rjsRBo8REVtllXo","19745849","0x3bae3dd7f61ff2b7:0x7a95655b11118f06","19745849","gmaps_v2","zomato","MM Prashanth Hotel","98","1699615207","MM Prashanth Hotel","60","1688639100","[]","[delivery]",,"N_A"
"ChIJOVuKYBUXrjsRJtH2aVx9G50","19869532","0x3bae1715608a5b39:0x9d1b7d5c69f6d126","19869532","gmaps_v2","zomato","Bhramins Fast Food","8","1699615207","Brahmins Fast Food","22","1688639100","[]","[dining, delivery]",,"N_A"
"ChIJAbUUDI89rjsRBJo0nkxADK8","18436379","0x3bae3d8f0c14b501:0xaf0c404c9e349a04","18436379","gmaps_v2","zomato","Shree Sai Dosa Center","3256","1699615207","Shree Sai Dosa Center","74","1688639100","[]","[dining]",,"N_A"
"ChIJJdojHeIXrjsRPVbB9FH9ASI","19217675","0x3bae17e21d23da25:0x2201fd51f4c1563d","19217675","gmaps_v2","zomato","Maggi Mane","411","1699615207","Maggi Mane","431","1688639100","[]","[dining, delivery]",,"N_A"
"ChIJt9gCZoI9rjsRLvvCt0_4pqY","53382","0x3bae3d826602d8b7:0xa6a6f84fb7c2fb2e","53382","gmaps_v2","zomato","Domino's Pizza","4727","1699615207","Domino's Pizza","9943","1688639100","[]","[dining, delivery]","dominos","zomato_domino's_pizza"
"ChIJGZVU42E9rjsRpr5fk39W-d4","19011854","0x3bae3d61e3549519:0xdef9567f935fbea6","19011854","gmaps_v2","zomato","Lassi Cafe","21","1687847039","Lassi Cafe","0","1688639100","[]","[dining, delivery]","nan","zomato_lassi_cafe"
"ChIJl2vxQcA9rjsR8bqmRSsLpm8","52745","0x3bae3dc041f16b97:0x6fa60b2b45a6baf1","52745","gmaps_v2","zomato","JUST BAKE","328","1687847039","Just Bake.","46","1688639100","[]","[dining]","justbake","zomato_just_bake."
"ChIJqfQAJN4XrjsRMHZYJVQlOhg","18530366","0x3bae17de2400f4a9:0x183a255425587630","18530366","gmaps_v2","zomato","Jeet Punjabi Tadka","227","1687847039","Jeet Punjabi Tadka","411","1688639100","[]","[dining, delivery]","nan","N_A"
"ChIJuXkfsCc9rjsR_D9j4W5-NLo","53528","0x3bae3d27b01f79b9:0xba347e6ee1633ffc","53528","gmaps_v2","zomato","KFC","3676","1699615207","KFC","21900","1688639100","[]","[dining, delivery]","kfc","zomato_kfc"
"ChIJA_wzk4s9rjsRUoKlKSWtdGs","18555065","0x3bae3d8b9333fc03:0x6b74ad2529a58252","18555065","gmaps_v2","zomato","Chikpet Donne Biryani House","868","1699615207","Chikpet Donne Biriyani House","5379","1688639100","[]","[dining, delivery]","business","N_A"
"ChIJg8RoOt4XrjsRClrQ2zkrKzQ","56600","0x3bae17de3a68c483:0x342b2b39dbd05a0a","56600","gmaps_v2","zomato","Shahi Darbar Rolls Center","1655","1699615207","Shahi Darbar Roll Centre","64","1688639100","[]","[dining]",,"N_A"
"ChIJl2vxQcA9rjsR8bqmRSsLpm8","18960743","0x3bae3dc041f16b97:0x6fa60b2b45a6baf1","18960743","gmaps_v2","zomato","JUST BAKE","328","1687847039","Just Bake","8","1688639100","[]","[dining]","justbake","zomato_just_bake"
"ChIJJdY3l4U9rjsRVME8JH-0nDk","19721357","0x3bae3d859737d625:0x399cb47f243cc154","19721357","gmaps_v2","zomato","Friends Chinese Corner","639","1699615207","Friends Chinese Corner","61","1688639100","[]","[delivery]",,"N_A"
"ChIJTahdookXrjsRiUaz-HzM4zM","19444584","0x3bae1789a25da84d:0x33e3cc7cf8b34689","19444584","gmaps_v2","zomato","New Agarwal Bhawan","155","1699615207","New Agarwal Bhavan","1259","1688639100","[]","[dining, delivery]",,"zomato_new_agarwal_bhavan"
"ChIJjZjdzXU9rjsRMfcWqIJU9qA","55860","0x3bae3d75cddd988d:0xa0f65482a816f731","55860","gmaps_v2","zomato","Sharadhi Lunch Home","20","1687847039","Shradhi Lunch Home","4","1688639100","[]","[dining]","nan","N_A"
"ChIJX8WE6Jw9rjsR1S2pXqZ7GoU","57683","0x3bae3d9ce884c55f:0x851a7ba65ea92dd5","57683","gmaps_v2","zomato","Masti Masala","744","1699615207","Masti Masala","5221","1688639100","[]","[dining, delivery]",,"N_A"
"ChIJBVhp5_o9rjsRZBsPC-8CqP0","18499683","0x3bae3dfae7695805:0xfda802ef0b0f1b64","18499683","gmaps_v2","zomato","Domino's Pizza","4111","1699615207","Domino's Pizza","78","1688639100","[]","[dining, delivery]","dominos","zomato_domino's_pizza"
"ChIJjXFkpr49rjsRtIlC_35H2Cg","56628","0x3bae3dbea664718d:0x28d8477eff4289b4","56628","gmaps_v2","zomato","ayodhya sagar","2334","1699615207","Ayodhya Sagar","8766","1688639100","[]","[dining, delivery]",,"N_A"
"ChIJqQWkYuAXrjsRTCACmNA_qVw","58367","0x3bae17e062a405a9:0x5ca93fd09802204c","58367","gmaps_v2","zomato","Bengal Biriyani","589","1699615207","Bengal Biriyani","47","1688639100","[]","[dining]",,"N_A"
"ChIJmatYSw4XrjsRYSo8rPbSsyo","18706501","0x3bae170e4b58ab99:0x2ab3d2f6ac3c2a61","18706501","gmaps_v2","zomato","THE BIG BELLYZ","1132","1699615207","The Big Bellyz","989","1688639100","[]","[dining, delivery]","business","zomato_the_big_bellyz"
"ChIJe92C2uU9rjsRHneJTdgLBFw","19698247","0x3bae3de5da82dd7b:0x5c040bd84d89771e","19698247","gmaps_v2","zomato","Jai Matharani Chats","92","1699615207","Jai Mata Rani Chats","93","1688639100","[]","[delivery]",,"N_A"
"ChIJiYPWA_E9rjsRZ_OSNfSwVkE","18419818","0x3bae3df103d68389:0x4156b0f43592f367","18419818","gmaps_v2","zomato","Donne Biryani House","494","1699615207","Donne Biriyani House","771","1688639100","[]","[dining, delivery]",,"N_A"
"ChIJUxiDFM09rjsRq2Acc4Ql-y0","19577743","0x3bae3dcd14831853:0x2dfb2584731c60ab","19577743","gmaps_v2","zomato","R R FAST FOOD","29","1699615207","R R Gobi Corner & Tiffen Center","113","1688639100","[]","[delivery]",,"N_A"
"ChIJU0IQ13U9rjsRk-ajR_dY03M","19759107","0x3bae3d75d7104253:0x73d358f747a3e693","19759107","gmaps_v2","zomato","Five Star Chicken","62","1699615207","Five Star Chicken","0","1688639100","[]","[dining, delivery]","fivestarchicken","zomato_five_star_chicken"
"ChIJiajahIE9rjsRFnTI_-0yeeM","19577743","0x3bae3d8184daa889:0xe37932edffc87416","19577743","gmaps_v2","zomato","R.R GOBI CORNER and tiffin center","22","1687847039","R R Gobi Corner & Tiffen Center","113","1688639100","[]","[delivery]","nan","N_A"
"ChIJ_SKmP3s9rjsRYdy7AyM_lXo","55174","0x3bae3d7b3fa622fd:0x7a953f2303bbdc61","55174","gmaps_v2","zomato","Paris Restaurant","1400","1699615207","Paris Restaurant","1163","1688639100","[]","[dining, delivery]",,"N_A"
"ChIJeyFCgJ89rjsRjrPZ3oraTbA","19473934","0x3bae3d9f8042217b:0xb04dda8aded9b38e","19473934","gmaps_v2","zomato","Chapathi Mane.","916","1687847039","Chapathi Mane","1398","1688639100","[]","[delivery]","nan","N_A"
"ChIJ7fqFKgs9rjsR6wpTo3ey37k","19354049","0x3bae3d0b2a85faed:0xb9dfb277a3530aeb","19354049","gmaps_v2","zomato","Shaa'z Al Arabia","148","1699615207","Shaaz-Al-Arabia","147","1688639100","[]","[dining, delivery]",,"N_A"
"ChIJOwGyVp89rjsRG_400T3I0ao","19136175","0x3bae3d9f56b2013b:0xaad1c83dd134fe1b","19136175","gmaps_v2","zomato","Burger King","14","1699615207","Burger King","5525","1688639100","[]","[dining, delivery]","burgerking","zomato_burger_king"
"ChIJmxxNeYA9rjsRD4AkJgfoIQA","20193288","0x3bae3d80794d1c9b:0x21e8072624800f","20193288","gmaps_v2","zomato","Sash Sky","303","1687847039","Sash Sky","17","1688639100","[]","[dining]","nan","N_A"
"ChIJy9IiU9sXrjsRgIkOtfCkHGs","18660622","0x3bae17db5322d2cb:0x6b1ca4f0b50e8980","18660622","gmaps_v2","zomato","Smoke - The Sizzler House","1878","1699615207","Smoke - The Sizzler House","1681","1688639100","[]","[dining, delivery]",,"zomato_smoke_-_the_sizzler_house"
"ChIJBVxm4Jg9rjsRITfbMzPu_44","18885062","0x3bae3d98e0665c05:0x8effee3333db3721","18885062","gmaps_v2","zomato","Karnataka Biryani Point","1509","1699615207","Karnataka Biryani Point","2112","1688639100","[]","[dining, delivery]",,"zomato_karnataka_biryani_point"
"ChIJoY7Exzc9rjsR0Uc58XGdF_M","19235573","0x3bae3d37c7c48ea1:0xf3179d71f13947d1","19235573","gmaps_v2","zomato","Sri Chamundeshwari Chandrappa hotel","13","1687847039","Sri Chamundeshwari Chandrappa Hotel","151","1688639100","[]","[delivery]","nan","N_A"
"ChIJF2yEZCMWrjsR_P9kAMiYUGo","18720661","0x3bae162364846c17:0x6a5098c80064fffc","18720661","gmaps_v2","zomato","Hyderabad Biryani Hotel","7054","1699615207","Hyderabad Biryani House","6313","1688639100","[]","[dining, delivery]","business","N_A"
"ChIJD_PXE-s9rjsRL12wS65CW3U","52413","0x3bae3deb13d7f30f:0x755b42ae4bb05d2f","52413","gmaps_v2","zomato","Natural Ice Cream","3817","1687847039","Natural Ice Cream","2667","1688639100","[]","[dining, delivery]","naturalicecreams","zomato_natural_ice_cream"
"ChIJSxCIZy4WrjsRxd8dFzNSL_M","55829","0x3bae162e6788104b:0xf32f5233171ddfc5","55829","gmaps_v2","zomato","cafe coffee day","818","1699615207","Cafe Coffee Day","272","1688639100","[]","[dining, delivery]","cafecoffeeday","zomato_cafe_coffee_day"
"ChIJRwcQZPM9rjsRAVg7bYwnHyk","18654035","0x3bae3df364100747:0x291f278c6d3b5801","18654035","gmaps_v2","zomato","Sri Venkateswara Utsav","595","1699615207","Sri Venkateshwara Utsav","6","1688639100","[]","[dining]",,"N_A"
"ChIJkcHLqDkWrjsRh_wh1UaxkOQ","58904","0x3bae1639a8cbc191:0xe490b146d521fc87","58904","gmaps_v2","zomato","Gundappa Donne Biryani","1800","1687847039","Gundappa Donne Biryani","2196","1688639100","[]","[dining, delivery]","nan","zomato_gundappa_donne_biryani"
"ChIJnW796Pg9rjsRb3QXuRXQ1rw","20334440","0x3bae3df8e8fd6e9d:0xbcd6d015b917746f","20334440","gmaps_v2","zomato","Domino's Pizza","130","1699615207","Domino's Pizza","79","1688639100","[]","[dining, delivery]","dominos","zomato_domino's_pizza"
"ChIJI1WYDD0WrjsRRws2KRDujNY","18538010","0x3bae163d0c985523:0xd68cee1029360b47","18538010","gmaps_v2","zomato","Chikkanna Tiffin Room","3354","1699615207","Chikkanna Tiffin Room","4412","1688639100","[]","[dining, delivery]",,"zomato_chikkanna_tiffin_room"
"ChIJW_5ezjsWrjsRnlMUuAEJE98","53391","0x3bae163bce5efe5b:0xdf130901b814539e","53391","gmaps_v2","zomato","Samudra Bar & Restaurant","1250","1699615207","Samudra Bar & Restaurant","81","1688639100","[]","[dining, delivery]",,"N_A"
"ChIJ1UzHEwkXrjsRTYGIztyum1g","20117592","0x3bae170913c74cd5:0x589baedcce88814d","20117592","gmaps_v2","zomato","Charcoal chicken barbecue","20","1687847039","Charcoal Chicken Barbecue","5","1688639100","[]","[dining, delivery]","nan","zomato_charcoal_chicken_barbecue"
"ChIJ27_YwIM9rjsRfpQhtNOBlEI","19813861","0x3bae3d83c0d8bfdb:0x429481d3b421947e","19813861","gmaps_v2","zomato","Shenoy’s Savi Sagar","145","1687847039","Shenoys Savi Sagar","59","1688639100","[]","[delivery]","nan","N_A"
"ChIJa_pvoik9rjsRpG3YuIbvr68","19609758","0x3bae3d29a26ffa6b:0xafafef86b8d86da4","19609758","gmaps_v2","zomato","New Spice Tandoori","258","1699615207","New Spice Tandoori","295","1688639100","[]","[dining, delivery]",,"N_A"
"ChIJw3pgyJs9rjsRhNoiivQv0-U","19714949","0x3bae3d9bc8607ac3:0xe5d32ff48a22da84","19714949","gmaps_v2","zomato","The Delhi Ritual","1012","1699615207","The Delhi Ritual","629","1688639100","[]","[dining, delivery]",,"N_A"
"ChIJD7XXCxg9rjsRotFa9nyNgIM","18946469","0x3bae3d180bd7b50f:0x83808d7cf65ad1a2","18946469","gmaps_v2","zomato","Sree Banashankari Donne Biriyani","31","1687847039","Sree Banashankari Donne Biriyani","23100","1688639100","[]","[dining, delivery]","nan","zomato_sree_banashankari_donne_biriyani"
"ChIJ5Qo7Se09rjsR3NCjFu9SK0E","19627460","0x3bae3ded493b0ae5:0x412b52ef16a3d0dc","19627460","gmaps_v2","zomato","DONUT HUBB","34","1687847039","Donut Hubb","296","1688639100","[]","[delivery]","business","N_A"
"ChIJ08NGtAQ9rjsRgnjz_EUmp9M","20030607","0x3bae3d04b446c3d3:0xd3a72645fcf37882","20030607","gmaps_v2","zomato","The Circus Canteen","314","1699615207","The Circus Canteen","122","1688639100","[]","[dining, delivery]","blrcreativecircus","N_A"
"ChIJkyVkEo0XrjsR03mb_wUjz5M","19716965","0x3bae178d12642593:0x93cf2305ff9b79d3","19716965","gmaps_v2","zomato","World brew cafe","335","1699615207","World Brew Cafe","328","1688639100","[]","[dining, delivery]","business","N_A"
"ChIJp4puazoWrjsR3ERdqkRIIM0","18966864","0x3bae163a6b6e8aa7:0xcd204844aa5d44dc","18966864","gmaps_v2","zomato","Karnataka Biryani Point","477","1699615207","Karnataka Biryani Point","162","1688639100","[]","[dining, delivery]",,"N_A"
"ChIJHUYGDIU9rjsR6Y8QTLse-Jo","18681581","0x3bae3d850c06461d:0x9af81ebb4c108fe9","18681581","gmaps_v2","zomato","Halli Mane Donne Biriyani","705","1699615207","Halli Mane Donne Biriyani","14100","1688639100","[]","[dining, delivery]",,"zomato_halli_mane_donne_biriyani"
"ChIJTYzAXCoWrjsRhH5AYjDN_D4","52729","0x3bae162a5cc08c4d:0x3efccd3062407e84","52729","gmaps_v2","zomato","Bun World","2601","1687847039","Bun World","496","1688639100","[]","[dining, delivery]","business","N_A"
"ChIJw5u0Nsc9rjsRGoQ_fE9kutc","18767200","0x3bae3dc736b49bc3:0xd7ba644f7c3f841a","18767200","gmaps_v2","zomato","Gowda’s Biriyani Corner","9","1699615207","Gowda's Biriyani Corner","20600","1688639100","[]","[dining, delivery]",,"N_A"
"ChIJ71hnZtsXrjsRYaMAwo2KJek","50286","0x3bae17db666758ef:0xe9258a8dc200a361","50286","gmaps_v2","zomato","CHUNG WAH","752","1699615207","Chung Wah","4024","1688639100","[]","[dining, delivery]","business","N_A"
"ChIJ66VPUdsXrjsRiiAK1lJ3OkM","54372","0x3bae17db514fa5eb:0x433a7752d60a208a","54372","gmaps_v2","zomato","Natural Ice Creams","1469","1687847039","Natural Ice Cream","1560","1688639100","[]","[dining, delivery]","naturalicecreams","zomato_natural_ice_cream"
"ChIJpyfRijQWrjsRZFEIkJijVDI","52159","0x3bae16348ad127a7:0x3254a39890085164","52159","gmaps_v2","zomato","Barista","730","1687847039","Barista","308","1688639100","[]","[dining, delivery]","dotpe","zomato_barista"
"ChIJOatuti0WrjsRwdj9oZrG5D4","18713988","0x3bae162db66eab39:0x3ee4c69aa1fdd8c1","18713988","gmaps_v2","zomato","Malleshwaram Dose Corner","3282","1699615207","Malleshwaram Dosa Corner","22700","1688639100","[]","[dining, delivery]",,"N_A"
"ChIJMS3DtHg9rjsRlRKWztFayUU","58578","0x3bae3d78b4c32d31:0x45c95ad1ce961295","58578","gmaps_v2","zomato","Waffle Stories","116","1699615207","Waffle Stories","800","1688639100","[]","[dining, delivery]","wafflestories","zomato_waffle_stories"
"ChIJBXnL44c9rjsRzY0tA7bzwW8","18582491","0x3bae3d87e3cb7905:0x6fc1f3b6032d8dcd","18582491","gmaps_v2","zomato","MITTI Cafe","18","1687847039","Mitti Cafe","480","1688639100","[]","[delivery]","mitticafe","N_A"
"ChIJFU2tZi8WrjsRUEERlSfb3tU","19930348","0x3bae162f66ad4d15:0xd5dedb2795114150","19930348","gmaps_v2","zomato","Chapathi Mane","107","1687847039","Chapathi Mane","284","1688639100","[]","[delivery]","nan","N_A"
"ChIJSa9V32E9rjsRGs1I9x22Hrc","58362","0x3bae3d61df55af49:0xb71eb61df748cd1a","58362","gmaps_v2","zomato","Jai Jagannath Bengali Mess","65","1687847039","Jay Jagannath Bengali Mess","2522","1688639100","[]","[dining, delivery]","nan","N_A"
"ChIJceDHg2AXrjsRBNYfzlZkMu4","19880296","0x3bae176083c7e071:0xee326456ce1fd604","19880296","gmaps_v2","zomato","Starbucks Coffee","306","1687847039","Starbucks Coffee","302","1688639100","[]","[dining, delivery]","starbucks","zomato_starbucks_coffee"
"ChIJa0ILduc9rjsR_qS3BmeMyQI","18419856","0x3bae3de7760b426b:0x2c98c6706b7a4fe","18419856","gmaps_v2","zomato","Hotel Prakruti","2269","1699615207","Hotel Prakruthi","2259","1688639100","[]","[dining, delivery]",,"zomato_hotel_prakruthi"
"ChIJrVVxZ-Y9rjsRuOtwx8Z_OeM","17946108","0x3bae3de6677155ad:0xe3397fc6c770ebb8","17946108","gmaps_v2","zomato","Hot Coffee","1997","1699615207","Hot Coffee","335","1688639100","[]","[dining, delivery]",,"N_A"
"ChIJM3YJlNUXrjsRSghG1t85_JE","19914351","0x3bae17d594097633:0x91fc39dfd646084a","19914351","gmaps_v2","zomato","Karnataka Bhel House","84","1699615207","Karnataka Bhel House","166","1688639100","[]","[delivery]",,"N_A"
"ChIJ56wh-8Y9rjsRoxR1JPuX5fE","18744770","0x3bae3dc6fb21ace7:0xf1e597fb247514a3","18744770","gmaps_v2","zomato","JUST BAKE","104","1687847039","Just Bake","11","1688639100","[]","[dining]","justbake","N_A"
"ChIJn4cykyQWrjsRMYn2wuVuW3U","18414345","0x3bae16249332879f:0x755b6ee5c2f68931","18414345","gmaps_v2","zomato","Four Seasons Fast Food Centre","78","1699615207","Four Seasons Fast Food Center","12200","1688639100","[]","[dining, delivery]",,"N_A"
"ChIJJ_pVXGM9rjsR6RJzJIZf7XI","56001","0x3bae3d635c55fa27:0x72ed5f86247312e9","56001","gmaps_v2","zomato","Priyadarshini Veg","8153","1699615207","Priyadarshini Veg","6718","1688639100","[]","[dining, delivery]",,"N_A"
"ChIJHTvWyOI-rjsRwWVD0KAGXL0","56131","0x3bae3ee2c8d63b1d:0xbd5c06a0d04365c1","56131","gmaps_v2","zomato","Café Coffee Day","867","1699615207","Cafe Coffee Day","318","1688639100","[]","[dining, delivery]","cafecoffeeday","zomato_cafe_coffee_day"
"ChIJm4xCHY09rjsR3YrGMcijrNM","18502115","0x3bae3d8d1d428c9b:0xd3aca3c831c68add","18502115","gmaps_v2","zomato","Sri Durga Grand","390","1699615207","Sri Durga Grand","7","1688639100","[]","[dining]",,"N_A"
"ChIJoRt-4GE9rjsRxlufDZNyu2s","56580","0x3bae3d61e07e1ba1:0x6bbb72930d9f5bc6","56580","gmaps_v2","zomato","Chandrappa Hotel","4009","1699615207","Chandrappa Hotel","566","1688639100","[]","[dining, delivery]",,"N_A"
"ChIJZU8k2vU9rjsRK9gXANkis7k","18237912","0x3bae3df5da244f65:0xb9b322d90017d82b","18237912","gmaps_v2","zomato","Barbeque Nation","8480","1699615207","Barbeque Nation","7029","1688639100","[]","[dining, delivery]","barbequenation","zomato_barbeque_nation"
"ChIJbRIARfoXrjsRK2pDt_WPrMA","19484176","0x3bae17fa4500126d:0xc0ac8ff5b7436a2b","19484176","gmaps_v2","zomato","Basava's foods","26","1699615207","Basava's Foods","4","1688639100","[]","[dining]",,"N_A"
"ChIJx_6EuFs9rjsRiF_x-34a7-I","19655705","0x3bae3d5bb884fec7:0xe2ef1a7efbf15f88","19655705","gmaps_v2","zomato","Suguna Kabab Corner","729","1699615207","Suguna Kabab Corner","840","1688639100","[]","[dining, delivery]",,"N_A"
"ChIJibtdliIXrjsRCjzaZqaFB7E","19587906","0x3bae1722965dbb89:0xb10785a666da3c0a","19587906","gmaps_v2","zomato","Uttara Karnataka Foods","51","1687847039","Uttara Karnataka Foods","281","1688639100","[]","[dining, delivery]","nan","N_A"
"ChIJC8guzZs9rjsRn38pBOIQTNY","50800","0x3bae3d9bcd2ec80b:0xd64c10e204297f9f","50800","gmaps_v2","zomato","Pizza Hut","2600","1699615207","Pizza Hut","7784","1688639100","[]","[dining, delivery]","pizzahut","zomato_pizza_hut"
"ChIJ7-PvegYXrjsRqFsVVk-lRMk","19818254","0x3bae17067aefe3ef:0xc944a54f56155ba8","19818254","gmaps_v2","zomato","Shree Chinese Corner","35","1699615207","Shree Chinese Corner","380","1688639100","[]","[delivery]",,"N_A"
"ChIJ02FpnOEXrjsRS3GiiKa-APc","51649","0x3bae17e19c6961d3:0xf700bea688a2714b","51649","gmaps_v2","zomato","Akshaya Deluxe","3887","1699615207","Akshaya Deluxe","18700","1688639100","[]","[dining, delivery]",,"N_A"
"ChIJN6WUo4I9rjsRabTyLThXpoU","19041721","0x3bae3d82a394a537:0x85a657382df2b469","19041721","gmaps_v2","zomato","ANNAKUTA Prasadam Restaurant","57","1699615207","Annakuta Prasadam Restaurant","6","1688639100","[]","[dining]","iskconbangalore","N_A"
"ChIJs-aW2iQWrjsRmdckPZvBr-M","50388","0x3bae1624da96e6b3:0xe3afc19b3d24d799","50388","gmaps_v2","zomato","Domino's Pizza","2761","1699615207","Domino's Pizza","10700","1688639100","[]","[dining, delivery]","dominos","zomato_domino's_pizza"
"ChIJEzgiIYo9rjsRfOCHq4KRM3c","19318284","0x3bae3d8a21223813:0x77339182ab87e07c","19318284","gmaps_v2","zomato","Momos Land","64","1699615207","Momos Land","1487","1688639100","[]","[dining, delivery]","business","N_A"
"ChIJr-5kR-g9rjsR8Q3LZGLPKN4","19807914","0x3bae3de84764eeaf:0xde28cf6264cb0df1","19807914","gmaps_v2","zomato","Subbanna Military Hotel","381","1699615207","Subbanna Military Hotel","37","1688639100","[]","[delivery]",,"N_A"
"ChIJnRD0fBoXrjsRyu7ze0dO0cY","19986914","0x3bae171a7cf4109d:0xc6d14e477bf3eeca","19986914","gmaps_v2","zomato","Grab N Go Cafe","26","1687847039","Grab n Go Cafe","42","1688639100","[]","[dining, delivery]","business","N_A"
"ChIJuT7yhFE9rjsRJ4gyD-_CcDY","18670814","0x3bae3d5184f23eb9:0x3670c2ef0f328827","18670814","gmaps_v2","zomato","Tasty Munch","40","1699615207","Tasty Munch","1430","1688639100","[]","[dining, delivery]",,"N_A"
"ChIJGY93nYw9rjsRDVQtA0p4aWI","18679391","0x3bae3d8c9d778f19:0x6269784a032d540d","18679391","gmaps_v2","zomato","Sumadhura Darshan","195","1699615207","Sumadura Darshan","71","1688639100","[]","[delivery]",,"N_A"
"ChIJV6en_Wc9rjsRB_M01AXIOMw","19155921","0x3bae3d67fda7a757:0xcc38c805d434f307","19155921","gmaps_v2","zomato","Just shawarma","241","1699615207","Just Shawarma","2187","1688639100","[]","[dining, delivery]",,"zomato_just_shawarma"
"ChIJHQl4w9EXrjsRZaPXjtP9ltk","18584600","0x3bae17d1c378091d:0xd996fdd38ed7a365","18584600","gmaps_v2","zomato","Café Coffee Day","1197","1699615207","Cafe Coffee Day","159","1688639100","[]","[dining, delivery]","cafecoffeeday","zomato_cafe_coffee_day"
"ChIJedCfA8gXrjsRyvBb5htk9WQ","50015","0x3bae17c8039fd079:0x64f5641be65bf0ca","50015","gmaps_v2","zomato","Adyar Ananda Bhavan - A2B","5600","1699615207","A2B - Adyar Ananda Bhavan","2649","1688639100","[]","[dining, delivery]","aabsweets","zomato_a2b_-_adyar_ananda_bhavan"
"ChIJr0o8fd8XrjsRyw7VHFwbEUQ","18516840","0x3bae17df7d3c4aaf:0x44111b5c1cd50ecb","18516840","gmaps_v2","zomato","Bhavani Vada Pav","949","1699615207","Bhavani Vada Pav","508","1688639100","[]","[dining, delivery]",,"zomato_bhavani_vada_pav"
"ChIJszSXRyoWrjsRh7m8fjz5R94","58317","0x3bae162a479734b3:0xde47f93c7ebcb987","58317","gmaps_v2","zomato","Sri Sairam's Chats & Juice Centre","2031","1699615207","Sri Sairam's Chats & Juice Centre","530","1688639100","[]","[dining, delivery]",,"N_A"
"ChIJE1jxxuo9rjsRFtrS-l0yIXs","54130","0x3bae3deac6f15813:0x7b21325dfad2da16","54130","gmaps_v2","zomato","Cave-n-Dine","5514","1699615207","Cave N Dine","757","1688639100","[]","[dining, delivery]","cavendine","N_A"
"ChIJC3Lwl0cXrjsRpcpV1gFQ424","19553980","0x3bae174797f0720b:0x6ee35001d655caa5","19553980","gmaps_v2","zomato","My La Pure","46","1699615207","My La Pure","29","1688639100","[]","[dining]",,"N_A"
"ChIJfUJFKj89rjsRM5lsMKKCmQs","18353108","0x3bae3d3f2a45427d:0xb9982a2306c9933","18353108","gmaps_v2","zomato","Domino's Pizza","2354","1699615207","Domino's Pizza","9642","1688639100","[]","[dining, delivery]","dominos","zomato_domino's_pizza"
"ChIJsd76Y3w9rjsR1mK7bmnNfkI","57739","0x3bae3d7c63fadeb1:0x427ecd696ebb62d6","57739","gmaps_v2","zomato","Garden kabab Corner","61","1699615207","Garden Kabab Corner","1433","1688639100","[]","[dining, delivery]",,"N_A"
"ChIJaXUxbCE9rjsRA8wKDZD_k8E","18727856","0x3bae3d216c317569:0xc193ff900d0acc03","18727856","gmaps_v2","zomato","Udupi ruchi","1077","1699615207","Udupi Ruchi","10300","1688639100","[]","[dining, delivery]",,"zomato_udupi_ruchi"
"ChIJN3K3XCUWrjsR3xeBpx9svIM","53370","0x3bae16255cb77237:0x83bc6c1fa78117df","53370","gmaps_v2","zomato","Chandus Deluxe Hotel","2448","1699615207","Hotel Chandus Deluxe","922","1688639100","[]","[dining, delivery]","business","N_A"
"ChIJfc8IuJo9rjsRef8pNjFVr5E","18125398","0x3bae3d9ab808cf7d:0x91af55313629ff79","18125398","gmaps_v2","zomato","Ibaco","1059","1687847039","Ibaco","738","1688639100","[]","[dining, delivery]","hap","zomato_ibaco"
"ChIJc-t9ZtsXrjsR12FtKbGQD_w","54845","0x3bae17db667deb73:0xfc0f90b1296d61d7","54845","gmaps_v2","zomato","Subway","1022","1699615207","Subway","3727","1688639100","[]","[dining, delivery]","subway","zomato_subway"
"ChIJU2CR4ow9rjsR5spV4FhLH08","18676537","0x3bae3d8ce2916053:0x4f1f4b58e055cae6","18676537","gmaps_v2","zomato","Donne biriyani angadi mane","913","1699615207","Donne Biriyani Angadi Mane","3145","1688639100","[]","[dining, delivery]",,"zomato_donne_biriyani_angadi_mane"
"ChIJSbfN3DQXrjsRq0xEViKEbi0","20002052","0x3bae1734dccdb749:0x2d6e842256444cab","20002052","gmaps_v2","zomato","Taco Bell","28","1699615207","Taco Bell","569","1688639100","[]","[dining, delivery]","tacobell","zomato_taco_bell"
"ChIJXQ1YRC4WrjsRE8K4he6GLDw","51736","0x3bae162e44580d5d:0x3c2c86ee85b8c213","51736","gmaps_v2","zomato","Kalmane Koffees","544","1687847039","Kalmane Koffees","143","1688639100","[]","[dining]","nan","N_A"
"ChIJ7TtI-bA9rjsRZ7j4919jQnY","19553877","0x3bae3db0f9483bed:0x7642635ff7f8b867","19553877","gmaps_v2","zomato","Deli2go","396","1687847039","Deli2Go","14","1688639100","[]","[delivery]","nan","zomato_deli2go"
"ChIJrUVK7jA9rjsR9LrMccgM2Sk","19577417","0x3bae3d30ee4a45ad:0x29d90cc871ccbaf4","19577417","gmaps_v2","zomato","Srinivasa family restaurant","1270","1699615207","Hotel Srinivasa Family Restaurant","201","1688639100","[]","[dining, delivery]","business","N_A"
"ChIJaZLDgoI9rjsRBMUKlxde3U0","19100011","0x3bae3d8282c39269:0x4ddd5e17970ac504","19100011","gmaps_v2","zomato","Express Cafe","4","1687847039","Express Cafe","17","1688639100","[]","[dining]","nan","N_A"
"ChIJHRlHfDgXrjsR_p8nDejfnUo","19996287","0x3bae17387c47191d:0x4a9ddfe80d279ffe","19996287","gmaps_v2","zomato","PIZZA BREW HOUSE (PBH)","355","1699615207","Pizza Brew House","441","1688639100","[]","[dining, delivery]","airmenus","N_A"
"ChIJY-a-CyUWrjsRoTgOm33qpqE","60534","0x3bae16250bbee663:0xa1a6ea7d9b0e38a1","60534","gmaps_v2","zomato","Antarastriya","1938","1699615207","Antarastriya","3535","1688639100","[]","[dining, delivery]",,"N_A"
"ChIJpdh132E9rjsRxyD62k5KTcI","53994","0x3bae3d61df75d8a5:0xc24d4a4edafa20c7","53994","gmaps_v2","zomato","Paratha Club","325","1699615207","Paratha Club","104","1688639100","[]","[dining, delivery]",,"N_A"
"ChIJZbpDQCwWrjsRT9ZvCRSe4vM","19083433","0x3bae162c4043ba65:0xf3e29e14096fd64f","19083433","gmaps_v2","zomato","Sri Rajarajeshwari Iyer Mess ( New)","1373","1699615207","Sri Rajarajeshwari Iyer Mess","745","1688639100","[]","[dining, delivery]",,"N_A"
"ChIJkSHbBREWrjsRxdI-UFmWX_k","54505","0x3bae161105db2191:0xf95f9659503ed2c5","54505","gmaps_v2","zomato","Taamara","610","1699615207","Taamara","34","1688639100","[]","[dining]","hotelmaurya","N_A"
"ChIJyQIyjD4WrjsR0YIuw4tbvnk","52920","0x3bae163e8c3202c9:0x79be5b8bc32e82d1","52920","gmaps_v2","zomato","Chowmein","736","1687847039","Chowmein","901","1688639100","[]","[dining, delivery]","nan","N_A"
"ChIJX1oguy8WrjsRixywFAQJ7KY","57675","0x3bae162fbb205a5f:0xa6ec090414b01c8b","57675","gmaps_v2","zomato","Five Star Chicken","82","1699615207","Five Star Chicken","407","1688639100","[]","[dining, delivery]","fivestarchicken","zomato_five_star_chicken"
"ChIJW7hvli4WrjsR0IjYfeNIbHM","57451","0x3bae162e966fb85b:0x736c48e37dd888d0","57451","gmaps_v2","zomato","Chai Point","188","1687847039","Chai Point","5833","1688639100","[]","[delivery]","chaipoint","zomato_chai_point"
"ChIJkfkEYj0WrjsRUKxpbyXkTVE","50107","0x3bae163d6204f991:0x514de4256f69ac50","50107","gmaps_v2","zomato","The Rasoi","63","1699615207","The Rasoi","35","1688639100","[]","[dining]",,"N_A"
"ChIJWZgSZtsXrjsR5MDekhQaZRk","50789","0x3bae17db66129859:0x19651a1492dec0e4","50789","gmaps_v2","zomato","Pizza Hut","2468","1699615207","Pizza Hut","5890","1688639100","[]","[dining, delivery]","pizzahut","zomato_pizza_hut"
"ChIJtwLfpow9rjsRIqIftP_cUOc","18393314","0x3bae3d8ca6df02b7:0xe750dcffb41fa222","18393314","gmaps_v2","zomato","Karigiri Refreshments","1219","1699615207","Karigiri Refreshments","18","1688639100","[]","[dining]",,"N_A"
"ChIJ8a1tdQo9rjsRcHZzDLSLVmg","19505452","0x3bae3d0a756dadf1:0x68568bb40c737670","19505452","gmaps_v2","zomato","Lo! - Low Carb and Keto Foods","3","1699615207","Lo! - Low Carb And Keto Foods","788","1688639100","[]","[delivery]","lofoods","zomato_lo!_-_low_carb_and_keto_foods"
"ChIJy5i4ph49rjsRLAKO1toETpk","20064548","0x3bae3d1ea6b898cb:0x994e04dad68e022c","20064548","gmaps_v2","zomato","Domino's Pizza","77","1699615207","Domino's Pizza","412","1688639100","[]","[dining, delivery]","dominos","zomato_domino's_pizza"
"ChIJbVzmYRo9rjsR5Rv4N_GZ5yk","19224945","0x3bae3d1a61e65c6d:0x29e799f137f81be5","19224945","gmaps_v2","zomato","Rolls N Snacks","118","1687847039","Rolls N Snacks","911","1688639100","[]","[dining, delivery]","nan","N_A"
"ChIJx16fj3o9rjsREDa02BJgz7U","19006047","0x3bae3d7a8f9f5ec7:0xb5cf6012d8b43610","19006047","gmaps_v2","zomato","HOTEL AASARE","2446","1699615207","Hotel Aasare","2198","1688639100","[]","[dining, delivery]","business","N_A"
"ChIJpR8EWe09rjsRurmZlCTkjqg","19712073","0x3bae3ded59041fa5:0xa88ee4249499b9ba","19712073","gmaps_v2","zomato","Brownie Bites","67","1699615207","Brownie Bites","38","1688639100","[]","[delivery]",,"N_A"
"ChIJCySymHg9rjsR3aMaxpyX77w","18614488","0x3bae3d7898b2240b:0xbcef979cc61aa3dd","18614488","gmaps_v2","zomato","Hotel Halli Nenapu","45","1687847039","Hotel Halli Nenapu","392","1688639100","[]","[dining, delivery]","nan","zomato_hotel_halli_nenapu"
"ChIJt0ZMUjg9rjsR6r-TcE_1Rs4","19287565","0x3bae3d38524c46b7:0xce46f54f7093bfea","19287565","gmaps_v2","zomato","Gowdru Mane HOTEL","54","1699615207","Hotel Gowdru Mane","1673","1688639100","[]","[dining, delivery]",,"N_A"
"ChIJB_SlPj0WrjsRqVRMSWcLoow","19813975","0x3bae163d3ea5f407:0x8ca20b67494c54a9","19813975","gmaps_v2","zomato","Lakshmi Juice Centre","1439","1687847039","Lakshmi Juice Centre","174","1688639100","[]","[delivery]","business","N_A"
"ChIJkzZcaQwXrjsRQWAHv_Eqitc","19945368","0x3bae170c695c3693:0xd78a2af1bf076041","19945368","gmaps_v2","zomato","Cold Stone Creamery","134","1687847039","Cold Stone Creamery","38","1688639100","[]","[dining]","coldstonecreamery","N_A"
"ChIJ5eT4BzQWrjsRYOgOxeTgfBg","53084","0x3bae163407f8e4e5:0x187ce0e4c50ee860","53084","gmaps_v2","zomato","Pulimunchi","2098","1699615207","Pulimunchi","1182","1688639100","[]","[dining, delivery]",,"N_A"
"ChIJO-HQRbkXrjsR9dghF3pguXo","19490915","0x3bae17b945d0e13b:0x7ab9607a1721d8f5","19490915","gmaps_v2","zomato","Bengalore Cafe","699","1699615207","Bangalore Cafe","72","1688639100","[]","[delivery]",,"N_A"
"ChIJ5SJ3rIg9rjsRA8rOFdfy7dA","60707","0x3bae3d88ac7722e5:0xd0edf2d715ceca03","60707","gmaps_v2","zomato","The purple pan","237","1699615207","The Purple Pan","16000","1688639100","[]","[dining, delivery]",,"N_A"
"ChIJL-ENcCUWrjsR-Ai7qF8DRWg","53829","0x3bae1625700de12f:0x6845035fa8bb08f8","53829","gmaps_v2","zomato","Hotel Janatha","3325","1699615207","Hotel Janatha","830","1688639100","[]","[dining]",,"N_A"
"ChIJd_MrqQk9rjsRoSsgxcZSM-0","18232657","0x3bae3d09a92bf377:0xed3352c6c5202ba1","18232657","gmaps_v2","zomato","McDonald's","4823","1699615207","McDonald's","9174","1688639100","[]","[dining, delivery]","mcdelivery","zomato_mcdonald's"
"ChIJYXbwsSIWrjsReoDVSQOQeKA","58908","0x3bae1622b1f07661:0xa078900349d5807a","58908","gmaps_v2","zomato","A1 Biriyani Point","42","1699615207","A1 Biriyani Point","14","1688639100","[]","[dining]",,"N_A"
"ChIJ89vYu5Q9rjsRFQuJAUodEZI","18662475","0x3bae3d94bbd8dbf3:0x92111d4a01890b15","18662475","gmaps_v2","zomato","Kolkata famous kati roll","13","1699615207","Kolkata Famous Kati Roll","812","1688639100","[]","[delivery]",,"zomato_kolkata_famous_kati_roll"
"ChIJkzqcJyEXrjsRczWxapB2XVU","18685529","0x3bae1721279c3a93:0x555d76906ab13573","18685529","gmaps_v2","zomato","The Asian Curry House","540","1699615207","The Asian Curry House","1630","1688639100","[]","[dining, delivery]",,"N_A"
"ChIJifX3LZY9rjsRAypRnhcY_Rc","18418534","0x3bae3d962df7f589:0x17fd18179e512a03","18418534","gmaps_v2","zomato","Shree Guru Sagar","1038","1699615207","Shree Guru Sagar","1505","1688639100","[]","[dining, delivery]",,"N_A"
"ChIJCbFs_WEXrjsRB7Nu-guxPNE","19778282","0x3bae1761fd6cb109:0xd13cb10bfa6eb307","19778282","gmaps_v2","zomato","Basaveshwar Khanavali (The Original)","2469","1699615207","Basaveshwar Khanavali","840","1688639100","[]","[dining, delivery]","basaveshwar-khanavali","N_A"
"ChIJc4fwIlA9rjsRiGLhyjnumpU","19855464","0x3bae3d5022f08773:0x959aee39cae16288","19855464","gmaps_v2","zomato","SLV hindustan restaurant","5","1699615207","SLV Hindustan Restaurant","87","1688639100","[]","[delivery]",,"N_A"
"ChIJ71hnZtsXrjsRYaMAwo2KJek","19521562","0x3bae17db666758ef:0xe9258a8dc200a361","19521562","gmaps_v2","zomato","CHUNG WAH","752","1699615207","Chung Wah","123","1688639100","[]","[dining, delivery]","business","N_A"
"ChIJS40R1yUWrjsRxF-mwpB3I3Q","56598","0x3bae1625d7118d4b:0x74237790c2a65fc4","56598","gmaps_v2","zomato","Adyar Ananda Bhavan - A2B","4751","1699615207","A2B - Adyar Ananda Bhavan","2493","1688639100","[]","[dining, delivery]","aabsweets","zomato_a2b_-_adyar_ananda_bhavan"
"ChIJF3Jy1hw9rjsRSjsEis93vTE","19229567","0x3bae3d1cd6727217:0x31bd77cf8a043b4a","19229567","gmaps_v2","zomato","Kadegowda Miltry hotel","443","1699615207","Kadegowda Military Hotel","657","1688639100","[]","[dining, delivery]",,"N_A"
"ChIJmYCoOioWrjsR9NYCA-BbgPY","53737","0x3bae162a3aa88099:0xf6805be00302d6f4","53737","gmaps_v2","zomato","Natural Ice Cream","2163","1687847039","Natural Ice Cream","1406","1688639100","[]","[dining, delivery]","naturalicecreams","zomato_natural_ice_cream"
"ChIJcx5ZaAE9rjsRK3AASayHGeI","19589944","0x3bae3d0168591e73:0xe21987ac4900702b","19589944","gmaps_v2","zomato","The illusion Cafe","2214","1699615207","The Illusion Cafe","287","1688639100","[]","[dining, delivery]",,"N_A"
"ChIJaWLliTQWrjsRAbz7DcVbl5o","58723","0x3bae163489e56269:0x9a975bc50dfbbc01","58723","gmaps_v2","zomato","Starbucks Coffee","3204","1699615207","Starbucks Coffee","590","1688639100","[]","[dining, delivery]","starbucks","zomato_starbucks_coffee"
"ChIJUdHIc8A9rjsRrQdN2HcWK48","52660","0x3bae3dc073c8d151:0x8f2b1677d84d07ad","52660","gmaps_v2","zomato","Namana Restaurant","377","1699615207","Namana Restaurant","53","1688639100","[]","[dining]",,"N_A"
"ChIJ9XJNJBYWrjsRZAmK9pKX1Ws","52577","0x3bae1616244d72f5:0x6bd59792f68a0964","52577","gmaps_v2","zomato","Just Bake","541","1687847039","Just Bake","111","1688639100","[]","[dining, delivery]","justbake","zomato_just_bake"
