Unnamed: 0,id,name,lat,lng,cid,brand_id,brand_name,number_of_votes,rating,place_url,source,category,top_category,type,created_at,competitor_type,date,number_of_reviews,url,reviews_per_day
12083,ChIJJ6_LbZsZrjsRp64y0s1maGs,Starbucks,13.060235023498535,77.5875473022461,0x3bae199b6dcbaf27:0x6b6866cdd232aea7,starbucks,Starbucks,363,4.300000190734863,https://www.google.com/maps/place/?q=place_id:ChIJJ6_LbZsZrjsRp64y0s1maGs,gmaps_v2,coffee_shop,food,N_A,1687847039,anchor_competitor,1657695801.0,579.0,https://www.google.com/maps/preview/review/listentitiesreviews?authuser=0&hl=en&gl=in&pb=!1m2!1y4300402849538092839!2y7739548993817063079!2m2!2i10!3sCAESB0VnTUl1Z1E=!3e2!4m5!3b1!4b1!6b1!7b1!20b1!5m2!1sPsrQZPb9H5adseMPzOi5IA!7e81,1.0401960941039967
16161,ChIJJfie13EZrjsRrXlgq06eiV0,Chaayos Cafe Sahakar Nagar,13.059534072875977,77.58755493164062,0x3bae1971d79ef825:0x5d899e4eab6079ad,chaayos,Chaayos,332,4.400000095367432,https://www.google.com/maps/place/?q=place_id:ChIJJfie13EZrjsRrXlgq06eiV0,gmaps_v2,coffee_shop,food,N_A,1687847039,anchor_competitor,1657035359.0,471.0,https://www.google.com/maps/preview/review/listentitiesreviews?authuser=0&hl=en&gl=in&pb=!1m2!1y4300402670924920869!2y6740092378056522157!2m2!2i10!3sCAESB0VnTUkxZ00=!3e2!4m5!3b1!4b1!6b1!7b1!20b1!5m2!1sPsrQZPb9H5adseMPzOi5IA!7e81,0.9309716315371314
14262,ChIJk0nikzQZrjsRL_cKIMRr7MQ,Aerofit- India's Leading Fitness Equipment Brand - Byatarayanapura,13.066463470458984,77.59291076660156,0x3bae193493e24993:0xc4ec6bc4200af72f,aerofit,Aerofit,232,5.0,https://www.google.com/maps/place/?q=place_id:ChIJk0nikzQZrjsRL_cKIMRr7MQ,gmaps_v2,gym_fitness,leisure,N_A,1687847039,secondary_competitor,1665745459.0,240.0,https://www.google.com/maps/preview/review/listentitiesreviews?authuser=0&hl=en&gl=in&pb=!1m2!1y4300402407795476883!2y14189835016032941871!2m2!2i10!3sCAESB0VnTUk1Z0U=!3e2!4m5!3b1!4b1!6b1!7b1!20b1!5m2!1sPsrQZPb9H5adseMPzOi5IA!7e81,0.9069396848551099
548,ChIJY12GqrEZrjsRGcjR-X3RPIU,Third Wave Coffee,13.061092376708984,77.58721923828125,0x3bae19b1aa865d63:0x853cd17df9d1c819,thirdwavecoffee,Third Wave Coffee,142,4.699999809265137,https://www.google.com/maps/place/?q=place_id:ChIJY12GqrEZrjsRGcjR-X3RPIU,gmaps_v2,coffee_shop,food,N_A,1687847039,anchor_competitor,1673602078.0,300.0,https://www.google.com/maps/preview/review/listentitiesreviews?authuser=0&hl=en&gl=in&pb=!1m2!1y4300402945046240611!2y9600778844639447065!2m2!2i10!3sCAESB0VnTUlvZ0k=!3e2!4m5!3b1!4b1!6b1!7b1!20b1!5m2!1sPsrQZPb9H5adseMPzOi5IA!7e81,0.8612729792661419
9339,ChIJFYGA0ScZrjsR7rIYFWznFJE,Starbucks coffee,13.09444808959961,77.59490966796875,0x3bae1927d1808115:0x9114e76c1518b2ee,starbucks,Starbucks,1134,4.300000190734863,https://www.google.com/maps/place/?q=place_id:ChIJFYGA0ScZrjsR7rIYFWznFJE,gmaps_v2,coffee_shop,food,N_A,1687847039,anchor_competitor,1552713663.0,1179.0,https://www.google.com/maps/preview/review/listentitiesreviews?authuser=0&hl=en&gl=in&pb=!1m2!1y4300402352994681109!2y10454235086430188270!2m2!2i10!3sCAESB0VnTUlrZ2s=!3e2!4m5!3b1!4b1!6b1!7b1!20b1!5m2!1sPsrQZPb9H5adseMPzOi5IA!7e81,0.725043678328587
9987,ChIJe_YBwZoZrjsRyxMBVCAGTAg,Fitness edge prime,13.11412525177002,77.57893371582031,0x3bae199ac101f67b:0x84c0620540113cb,N_A,N_A,125,5.0,https://www.google.com/maps/place/?q=place_id:ChIJe_YBwZoZrjsRyxMBVCAGTAg,gmaps_v2,gym_fitness,leisure,N_A,1687847039,secondary_competitor,1672822600.0,184.0,https://www.google.com/maps/preview/review/listentitiesreviews?authuser=0&hl=en&gl=in&pb=!1m2!1y4300402846639191675!2y597859586451510219!2m2!2i10!3sCAESB0VnTUl0QUU=!3e2!4m5!3b1!4b1!6b1!7b1!20b1!5m2!1sPsrQZPb9H5adseMPzOi5IA!7e81,0.7188288361382412
6791,ChIJJaMjL5wXrjsRdUHHvCzJ4sI,QUADZILLA FITNESS,13.04116439819336,77.57258605957031,0x3bae179c2f23a325:0xc2e2c92cbcc74175,N_A,N_A,680,4.900000095367432,https://www.google.com/maps/place/?q=place_id:ChIJJaMjL5wXrjsRdUHHvCzJ4sI,gmaps_v2,gym_fitness,leisure,N_A,1687847039,secondary_competitor,1601147690.0,781.0,https://www.google.com/maps/preview/review/listentitiesreviews?authuser=0&hl=en&gl=in&pb=!1m2!1y4300400653758604069!2y14043007782077546869!2m2!2i10!3sCAESB0VnTUlqQVk=!3e2!4m5!3b1!4b1!6b1!7b1!20b1!5m2!1sPsrQZPb9H5adseMPzOi5IA!7e81,0.6776521470766753
10765,ChIJdTXC3lYYrjsR0oBcdrPmz3M,Café Coffee Day,13.094996452331545,77.5973892211914,0x3bae1856dec23575:0x73cfe6b3765c80d2,cafecoffeeday,Cafe Coffee Day,2896,4.099999904632568,https://www.google.com/maps/place/?q=place_id:ChIJdTXC3lYYrjsR0oBcdrPmz3M,gmaps_v2,coffee_shop,food,N_A,1699615207,anchor_competitor,1317898167.0,2988.0,https://www.google.com/maps/preview/review/listentitiesreviews?authuser=0&hl=en&gl=in&pb=!1m2!1y4300401455568926069!2y8345142293000126674!2m2!2i10!3sCAESB0VnTUlwQmM=!3e2!4m5!3b1!4b1!6b1!7b1!20b1!5m2!1sPsrQZPb9H5adseMPzOi5IA!7e81,0.6554970666229624
340,ChIJ0YNw1SkXrjsRK8k7QCoOvOc,Fitness#PowerInU,13.053237915039062,77.60441589355469,0x3bae1729d57083d1:0xe7bc0e2a403bc92b,N_A,N_A,153,5.0,https://www.google.com/maps/place/?q=place_id:ChIJ0YNw1SkXrjsRK8k7QCoOvOc,gmaps_v2,gym_fitness,leisure,N_A,1687847039,secondary_competitor,1666832144.0,176.0,https://www.google.com/maps/preview/review/listentitiesreviews?authuser=0&hl=en&gl=in&pb=!1m2!1y4300400162627421137!2y16698237093012031787!2m2!2i10!3sCAESB0VnTUlxZ0U=!3e2!4m5!3b1!4b1!6b1!7b1!20b1!5m2!1sPsrQZPb9H5adseMPzOi5IA!7e81,0.6290395455223545
4030,ChIJzyLmN2AXrjsRz99Vt-Mx7To,Third Wave Coffee,13.042312622070312,77.62071990966797,0x3bae176037e622cf:0x3aed31e3b755dfcf,thirdwavecoffee,Third Wave Coffee,54,4.800000190734863,https://www.google.com/maps/place/?q=place_id:ChIJzyLmN2AXrjsRz99Vt-Mx7To,gmaps_v2,coffee_shop,food,N_A,1687847039,anchor_competitor,1679034069.0,118.0,https://www.google.com/maps/preview/review/listentitiesreviews?authuser=0&hl=en&gl=in&pb=!1m2!1y4300400396207530703!2y4246104877783441359!2m2!2i10!3sCAESBkVnSUliZw==!3e2!4m5!3b1!4b1!6b1!7b1!20b1!5m2!1sPsrQZPb9H5adseMPzOi5IA!7e81,0.5294015524845767
4128,ChIJW8P8t7gXrjsRjojVmE4_W_U,Café Coffee Day,13.028298377990724,77.58628845214844,0x3bae17b8b7fcc35b:0xf55b3f4e98d5888e,cafecoffeeday,Cafe Coffee Day,1462,3.900000095367432,https://www.google.com/maps/place/?q=place_id:ChIJW8P8t7gXrjsRjojVmE4_W_U,gmaps_v2,coffee_shop,food,N_A,1687847039,anchor_competitor,1448074140.0,1507.0,https://www.google.com/maps/preview/review/listentitiesreviews?authuser=0&hl=en&gl=in&pb=!1m2!1y4300400776313619291!2y17679794368977143950!2m2!2i10!3sCAESB0VnTUkzQXM=!3e2!4m5!3b1!4b1!6b1!7b1!20b1!5m2!1sPsrQZPb9H5adseMPzOi5IA!7e81,0.5268185042046808
9854,ChIJh4mpXAAZrjsRwhb87J7FVfM,BEAST FITNESS STUDIO,13.061433792114258,77.62753295898438,0x3bae19005ca98987:0xf355c59eecfc16c2,N_A,N_A,56,5.0,https://www.google.com/maps/place/?q=place_id:ChIJh4mpXAAZrjsRwhb87J7FVfM,gmaps_v2,gym_fitness,leisure,N_A,1687847039,secondary_competitor,1678337366.0,199.0,https://www.google.com/maps/preview/review/listentitiesreviews?authuser=0&hl=en&gl=in&pb=!1m2!1y4300402183530711431!2y17534138010608342722!2m2!2i10!3sCAESB0VnTUl2Z0U=!3e2!4m5!3b1!4b1!6b1!7b1!20b1!5m2!1sPsrQZPb9H5adseMPzOi5IA!7e81,0.5087872106643414
12799,ChIJSw2r0iMYrjsR7MibViO1IM0,Lassi Shop,13.063669204711914,77.58766174316406,0x3bae1823d2ab0d4b:0xcd20b523569bc8ec,lassishop,Lassi Shop,1072,4.099999904632568,https://www.google.com/maps/place/?q=place_id:ChIJSw2r0iMYrjsR7MibViO1IM0,gmaps_v2,coffee_shop,food,N_A,1687847039,anchor_competitor,1483669240.0,1093.0,https://www.google.com/maps/preview/review/listentitiesreviews?authuser=0&hl=en&gl=in&pb=!1m2!1y4300401236322749771!2y14781013140411500780!2m2!2i10!3sCAESB0VnTUl3Z2c=!3e2!4m5!3b1!4b1!6b1!7b1!20b1!5m2!1sPsrQZPb9H5adseMPzOi5IA!7e81,0.4536281635595455
3226,ChIJT1D8d-8ZrjsRJmt8_JnNSC8,Prince Fitness - Available on Cult.fit | Gyms in Hunasamaranahalli,13.144204139709473,77.61868286132812,0x3bae19ef77fc504f:0x2f48cd99fc7c6b26,N_A,N_A,92,4.900000095367432,https://www.google.com/maps/place/?q=place_id:ChIJT1D8d-8ZrjsRJmt8_JnNSC8,gmaps_v2,gym_fitness,leisure,N_A,1687847039,secondary_competitor,1669191496.0,163.0,https://www.google.com/maps/preview/review/listentitiesreviews?authuser=0&hl=en&gl=in&pb=!1m2!1y4300403210486304847!2y3407199179355482918!2m2!2i10!3sCAESB0VnTUlvQUU=!3e2!4m5!3b1!4b1!6b1!7b1!20b1!5m2!1sPsrQZPb9H5adseMPzOi5IA!7e81,0.4260824785427044
5909,ChIJO9Mgsz4jrjsRWiRu2ghwbH8,VJ DANCE HOUSE,13.07004165649414,77.55518341064453,0x3bae233eb320d33b:0x7f6c7008da6e245a,N_A,N_A,96,5.0,https://www.google.com/maps/place/?q=place_id:ChIJO9Mgsz4jrjsRWiRu2ghwbH8,gmaps_v2,gym_fitness,leisure,N_A,1687847039,secondary_competitor,1667228491.0,103.0,https://www.google.com/maps/preview/review/listentitiesreviews?authuser=0&hl=en&gl=in&pb=!1m2!1y4300413446385619771!2y9181836923628299354!2m2!2i10!3sCAESBkVnSUlaQQ==!3e2!4m5!3b1!4b1!6b1!7b1!20b1!5m2!1sPsrQZPb9H5adseMPzOi5IA!7e81,0.40227856976155646
9026,ChIJeQW6exAZrjsR9z4FmhteGKk,"Aim Fit - Available on cult.fit - Gym in Sahakar Nagar, Bengaluru",13.058667182922363,77.58123016357422,0x3bae19107bba0579:0xa9185e1b9a053ef7,cult,Cult.fit,394,4.699999809265137,https://www.google.com/maps/place/?q=place_id:ChIJeQW6exAZrjsR9z4FmhteGKk,gmaps_v2,gym_fitness,leisure,N_A,1695212099,primary_competitor,1609607252.0,432.0,https://www.google.com/maps/preview/review/listentitiesreviews?authuser=0&hl=en&gl=in&pb=!1m2!1y4300402252771362169!2y12184592264492039927!2m2!2i10!3sCAESB0VnTUlyZ00=!3e2!4m5!3b1!4b1!6b1!7b1!20b1!5m2!1sPsrQZPb9H5adseMPzOi5IA!7e81,0.39765972597322674
5906,ChIJ2SGxGiIYrjsRZyy7tWl-u7s,Cafe Coffee Day,13.059612274169922,77.58766174316406,0x3bae18221ab121d9:0xbbbb7e69b5bb2c67,cafecoffeeday,Cafe Coffee Day,1247,3.900000095367432,https://www.google.com/maps/place/?q=place_id:ChIJ2SGxGiIYrjsRZyy7tWl-u7s,gmaps_v2,coffee_shop,food,N_A,1699615207,anchor_competitor,1401853875.0,1258.0,https://www.google.com/maps/preview/review/listentitiesreviews?authuser=0&hl=en&gl=in&pb=!1m2!1y4300401228941173209!2y13527544898223025255!2m2!2i10!3sCAESB0VnTUk0Z2s=!3e2!4m5!3b1!4b1!6b1!7b1!20b1!5m2!1sPsrQZPb9H5adseMPzOi5IA!7e81,0.36183610301689545
8807,ChIJBSYXNaYirjsRxOUVKJB-mnc,JP Badminton Academy,13.068513870239258,77.55899047851562,0x3bae22a635172605:0x779a7e902815e5c4,N_A,N_A,790,4.099999904632568,https://www.google.com/maps/place/?q=place_id:ChIJBSYXNaYirjsRxOUVKJB-mnc,gmaps_v2,gym_fitness,leisure,N_A,1687847039,secondary_competitor,1492862518.0,808.0,https://www.google.com/maps/preview/review/listentitiesreviews?authuser=0&hl=en&gl=in&pb=!1m2!1y4300412791436027397!2y8618339994539779524!2m2!2i10!3sCAESB0VnTUlvQVk=!3e2!4m5!3b1!4b1!6b1!7b1!20b1!5m2!1sPsrQZPb9H5adseMPzOi5IA!7e81,0.3500585566994828
2105,ChIJmZJPSGEYrjsRo0slqDPF0vE,Basavalingappa Udyana,13.097112655639648,77.58043670654297,0x3bae1861484f9299:0xf1d2c533a8254ba3,N_A,N_A,847,4.300000190734863,https://www.google.com/maps/place/?q=place_id:ChIJmZJPSGEYrjsRo0slqDPF0vE,gmaps_v2,gym_fitness,leisure,N_A,1687847039,secondary_competitor,1475988103.0,877.0,https://www.google.com/maps/preview/review/listentitiesreviews?authuser=0&hl=en&gl=in&pb=!1m2!1y4300401500289471129!2y17425206733904890787!2m2!2i10!3sCAESB0VnTUk1Z1k=!3e2!4m5!3b1!4b1!6b1!7b1!20b1!5m2!1sPsrQZPb9H5adseMPzOi5IA!7e81,0.34542229552214876
4026,ChIJ206TwooYrjsRPjJc-sDdDm4,Café Coffee Day - LMN Arcade,13.103480339050291,77.5843734741211,0x3bae188ac2934edb:0x6e0eddc0fa5c323e,cafecoffeeday,Cafe Coffee Day,908,4.0,https://www.google.com/maps/place/?q=place_id:ChIJ206TwooYrjsRPjJc-sDdDm4,gmaps_v2,coffee_shop,food,N_A,1699615207,anchor_competitor,1468667598.0,929.0,https://www.google.com/maps/preview/review/listentitiesreviews?authuser=0&hl=en&gl=in&pb=!1m2!1y4300401678434389723!2y7930519814749827646!2m2!2i10!3sCAESB0VnTUltQWM=!3e2!4m5!3b1!4b1!6b1!7b1!20b1!5m2!1sPsrQZPb9H5adseMPzOi5IA!7e81,0.33969262699749364
10585,ChIJ49dtANwXrjsRD2riGV4Shcc,Chaayos Cafe Manyata,13.04494571685791,77.62085723876953,0x3bae17dc006dd7e3:0xc785125e19e26a0f,chaayos,Chaayos,168,4.5,https://www.google.com/maps/place/?q=place_id:ChIJ49dtANwXrjsRD2riGV4Shcc,gmaps_v2,coffee_shop,food,N_A,1687847039,anchor_competitor,1644309548.0,230.0,https://www.google.com/maps/preview/review/listentitiesreviews?authuser=0&hl=en&gl=in&pb=!1m2!1y4300400927852845027!2y14376917580820670991!2m2!2i10!3sCAESB0VnTUkzQUU=!3e2!4m5!3b1!4b1!6b1!7b1!20b1!5m2!1sPsrQZPb9H5adseMPzOi5IA!7e81,0.3333954177561587
7557,ChIJY9bsgS0ZrjsREpt62G2KurA,MFIT24 Gym,13.068309783935549,77.60432434082031,0x3bae192d81ecd663:0xb0ba8a6dd87a9b12,N_A,N_A,299,4.800000190734863,https://www.google.com/maps/place/?q=place_id:ChIJY9bsgS0ZrjsREpt62G2KurA,gmaps_v2,gym_fitness,leisure,N_A,1687847039,secondary_competitor,1607315784.0,313.0,https://www.google.com/maps/preview/review/listentitiesreviews?authuser=0&hl=en&gl=in&pb=!1m2!1y4300402377429407331!2y12734643100731480850!2m2!2i10!3sCAESB0VnTUl0Z0k=!3e2!4m5!3b1!4b1!6b1!7b1!20b1!5m2!1sPsrQZPb9H5adseMPzOi5IA!7e81,0.32078973561258917
11265,ChIJZcb5wf0ZrjsR-qvNBCPDxew,Sahakara Nagar Indoor Stadium,13.060273170471191,77.57940673828125,0x3bae19fdc1f9c665:0xecc5c32304cdabfa,N_A,N_A,92,4.5,https://www.google.com/maps/place/?q=place_id:ChIJZcb5wf0ZrjsR-qvNBCPDxew,gmaps_v2,gym_fitness,leisure,N_A,1687847039,secondary_competitor,1661955874.0,172.0,https://www.google.com/maps/preview/review/listentitiesreviews?authuser=0&hl=en&gl=in&pb=!1m2!1y4300403271857194597!2y17061257318534851578!2m2!2i10!3sCAESB0VnTUlxZ0U=!3e2!4m5!3b1!4b1!6b1!7b1!20b1!5m2!1sPsrQZPb9H5adseMPzOi5IA!7e81,0.30700820144632346
11747,ChIJmf-fh3YZrjsR106KDrUYxls,Paripurna Yoga Kendra,13.09561538696289,77.58734130859375,0x3bae1976879fff99:0x5bc618b50e8a4ed7,N_A,N_A,420,5.0,https://www.google.com/maps/place/?q=place_id:ChIJmf-fh3YZrjsR106KDrUYxls,gmaps_v2,gym_fitness,leisure,N_A,1687847039,secondary_competitor,1555848582.0,471.0,https://www.google.com/maps/preview/review/listentitiesreviews?authuser=0&hl=en&gl=in&pb=!1m2!1y4300402691057647513!2y6613000268752244439!2m2!2i10!3sCAESB0VnTUkxZ00=!3e2!4m5!3b1!4b1!6b1!7b1!20b1!5m2!1sPsrQZPb9H5adseMPzOi5IA!7e81,0.2749123044673166
2188,ChIJwVlYLKgZrjsR6ZqRrrocldg,Taurus Sports & Fitness Arena- Badminton Academy | Indoor Cricket Nets & Bowling Machine,13.068150520324709,77.60299682617188,0x3bae19a82c5859c1:0xd8951cbaae919ae9,N_A,N_A,97,4.5,https://www.google.com/maps/place/?q=place_id:ChIJwVlYLKgZrjsR6ZqRrrocldg,gmaps_v2,gym_fitness,leisure,N_A,1687847039,secondary_competitor,1656748084.0,134.0,https://www.google.com/maps/preview/review/listentitiesreviews?authuser=0&hl=en&gl=in&pb=!1m2!1y4300402904274590145!2y15606411671840594665!2m2!2i10!3sCAESB0VnTUlnZ0U=!3e2!4m5!3b1!4b1!6b1!7b1!20b1!5m2!1sPsrQZPb9H5adseMPzOi5IA!7e81,0.26948815482706734
6375,ChIJw2P_PSAYrjsR-JbeRZSMxSY,Chairman Club Swimming Pool,13.058439254760742,77.58587646484375,0x3bae18203dff63c3:0x26c58c9445de96f8,N_A,N_A,514,4.099999904632568,https://www.google.com/maps/place/?q=place_id:ChIJw2P_PSAYrjsR-JbeRZSMxSY,gmaps_v2,gym_fitness,leisure,N_A,1687847039,secondary_competitor,1521953693.0,557.0,https://www.google.com/maps/preview/review/listentitiesreviews?authuser=0&hl=en&gl=in&pb=!1m2!1y4300401220943569859!2y2793793712308524792!2m2!2i10!3sCAESB0VnTUlwZ1E=!3e2!4m5!3b1!4b1!6b1!7b1!20b1!5m2!1sPsrQZPb9H5adseMPzOi5IA!7e81,0.2676997062920173
1459,ChIJt84PJ18XrjsRKbM-4YjEzmc,GUN Fitness,13.05454921722412,77.60187530517578,0x3bae175f270fceb7:0x67cec488e13eb329,N_A,N_A,266,4.699999809265137,https://www.google.com/maps/place/?q=place_id:ChIJt84PJ18XrjsRKbM-4YjEzmc,gmaps_v2,gym_fitness,leisure,N_A,1687847039,secondary_competitor,1601230318.0,278.0,https://www.google.com/maps/preview/review/listentitiesreviews?authuser=0&hl=en&gl=in&pb=!1m2!1y4300400391630081719!2y7480132123282551593!2m2!2i10!3sCAESB0VnTUlqZ0k=!3e2!4m5!3b1!4b1!6b1!7b1!20b1!5m2!1sPsrQZPb9H5adseMPzOi5IA!7e81,0.2653344496843745
6091,ChIJncFJwJcZrjsRhbJinCR3SuI,Royal Fitness - Available on Cult.fit | Gyms in MCECHS Layout,13.068660736083984,77.62646484375,0x3bae1997c049c19d:0xe24a77249c62b285,N_A,N_A,87,4.699999809265137,https://www.google.com/maps/place/?q=place_id:ChIJncFJwJcZrjsRhbJinCR3SuI,gmaps_v2,gym_fitness,leisure,N_A,1687847039,secondary_competitor,1659122440.0,192.0,https://www.google.com/maps/preview/review/listentitiesreviews?authuser=0&hl=en&gl=in&pb=!1m2!1y4300402833742217629!2y16305976399974544005!2m2!2i10!3sCAESB0VnTUl2Z0U=!3e2!4m5!3b1!4b1!6b1!7b1!20b1!5m2!1sPsrQZPb9H5adseMPzOi5IA!7e81,0.2616851152560911
7717,ChIJL84rOzUZrjsRirnMkDNVY_8,D Fitness Planet II,13.104061126708984,77.6128158569336,0x3bae19353b2bce2f:0xff63553390ccb98a,N_A,N_A,68,4.900000095367432,https://www.google.com/maps/place/?q=place_id:ChIJL84rOzUZrjsRirnMkDNVY_8,gmaps_v2,gym_fitness,leisure,N_A,1687847039,secondary_competitor,1664901948.0,82.0,https://www.google.com/maps/preview/review/listentitiesreviews?authuser=0&hl=en&gl=in&pb=!1m2!1y4300402410602090031!2y18402646182327007626!2m2!2i10!3sCAESBkVnSUlVQQ==!3e2!4m5!3b1!4b1!6b1!7b1!20b1!5m2!1sPsrQZPb9H5adseMPzOi5IA!7e81,0.25605477005953037
4189,ChIJ2UuChE8ZrjsR-DtqY3B453I,MUSCLE TECH FITNESS JAKKUR,13.07509994506836,77.6045913696289,0x3bae194f84824bd9:0x72e77870636a3bf8,N_A,N_A,154,4.900000095367432,https://www.google.com/maps/place/?q=place_id:ChIJ2UuChE8ZrjsR-DtqY3B453I,gmaps_v2,gym_fitness,leisure,N_A,1687847039,secondary_competitor,1634312030.0,204.0,https://www.google.com/maps/preview/review/listentitiesreviews?authuser=0&hl=en&gl=in&pb=!1m2!1y4300402523501644761!2y8279718864043523064!2m2!2i10!3sCAESB0VnTUl5QUU=!3e2!4m5!3b1!4b1!6b1!7b1!20b1!5m2!1sPsrQZPb9H5adseMPzOi5IA!7e81,0.2485401655578315
14520,ChIJ04TSRQ4XrjsRYBPpkkny1CI,Serve & Smash Badminton,13.045742988586426,77.57288360595703,0x3bae170e45d284d3:0x22d4f24992e91360,N_A,N_A,329,4.5,https://www.google.com/maps/place/?q=place_id:ChIJ04TSRQ4XrjsRYBPpkkny1CI,gmaps_v2,gym_fitness,leisure,N_A,1687847039,secondary_competitor,1568173754.0,358.0,https://www.google.com/maps/preview/review/listentitiesreviews?authuser=0&hl=en&gl=in&pb=!1m2!1y4300400044253807827!2y2509897290163491680!2m2!2i10!3sCAESB0VnTUkzZ0k=!3e2!4m5!3b1!4b1!6b1!7b1!20b1!5m2!1sPsrQZPb9H5adseMPzOi5IA!7e81,0.2375266961210265
6235,ChIJNyahhG0ZrjsRS_BBkBAHf28,FitnessEdge 3,13.058049201965332,77.58777618408203,0x3bae196d84a12637:0x6f7f07109041f04b,N_A,N_A,208,4.900000095367432,https://www.google.com/maps/place/?q=place_id:ChIJNyahhG0ZrjsRS_BBkBAHf28,gmaps_v2,gym_fitness,leisure,N_A,1687847039,secondary_competitor,1610951794.0,275.0,https://www.google.com/maps/preview/review/listentitiesreviews?authuser=0&hl=en&gl=in&pb=!1m2!1y4300402652352685623!2y8034148027973365835!2m2!2i10!3sCAESB0VnTUlqZ0k=!3e2!4m5!3b1!4b1!6b1!7b1!20b1!5m2!1sPsrQZPb9H5adseMPzOi5IA!7e81,0.23371015984148305
9657,ChIJGUYmGTsZrjsR2BS1gmwO71M,FitnessEdge 2,13.063013076782228,77.57288360595703,0x3bae193b19264619:0x53ef0e6c82b514d8,N_A,N_A,366,4.900000095367432,https://www.google.com/maps/place/?q=place_id:ChIJGUYmGTsZrjsR2BS1gmwO71M,gmaps_v2,gym_fitness,leisure,N_A,1687847039,secondary_competitor,1548836139.0,400.0,https://www.google.com/maps/preview/review/listentitiesreviews?authuser=0&hl=en&gl=in&pb=!1m2!1y4300402435801105945!2y6048068683794027736!2m2!2i10!3sCAESB0VnTUloZ00=!3e2!4m5!3b1!4b1!6b1!7b1!20b1!5m2!1sPsrQZPb9H5adseMPzOi5IA!7e81,0.22748144210274157
6566,ChIJR2fGRIAZrjsRAW9_ILIcxo8,D Fitness Planet,13.068779945373535,77.62577819824219,0x3bae198044c66747:0x8fc61cb2207f6f01,N_A,N_A,364,4.800000190734863,https://www.google.com/maps/place/?q=place_id:ChIJR2fGRIAZrjsRAW9_ILIcxo8,gmaps_v2,gym_fitness,leisure,N_A,1687847039,secondary_competitor,1545567940.0,429.0,https://www.google.com/maps/preview/review/listentitiesreviews?authuser=0&hl=en&gl=in&pb=!1m2!1y4300402732885763911!2y10359999544187383553!2m2!2i10!3sCAESB0VnTUlwQU0=!3e2!4m5!3b1!4b1!6b1!7b1!20b1!5m2!1sPsrQZPb9H5adseMPzOi5IA!7e81,0.22104160218220106
17152,ChIJrYJvYiEZrjsREP3p5HBZ5Ic,Armour Fitness Gym,13.094996452331545,77.58321380615234,0x3bae1921626f82ad:0x87e45970e4e9fd10,N_A,N_A,209,4.800000190734863,https://www.google.com/maps/place/?q=place_id:ChIJrYJvYiEZrjsREP3p5HBZ5Ic,gmaps_v2,gym_fitness,leisure,N_A,1687847039,secondary_competitor,1605098292.0,233.0,https://www.google.com/maps/preview/review/listentitiesreviews?authuser=0&hl=en&gl=in&pb=!1m2!1y4300402325361492653!2y9792049831222050064!2m2!2i10!3sCAESB0VnTUk1Z0U=!3e2!4m5!3b1!4b1!6b1!7b1!20b1!5m2!1sPsrQZPb9H5adseMPzOi5IA!7e81,0.21822203543456675
9913,ChIJn17VQlIXrjsRbknVxjZPJ_o,Gold’s Gym,13.040472030639648,77.56369018554688,0x3bae175242d55e9f:0xfa274f36c6d5496e,goldsgym,Gold's Gym India,376,4.0,https://www.google.com/maps/place/?q=place_id:ChIJn17VQlIXrjsRbknVxjZPJ_o,gmaps_v2,gym_fitness,leisure,N_A,1699615207,primary_competitor,1544189726.0,394.0,https://www.google.com/maps/preview/review/listentitiesreviews?authuser=0&hl=en&gl=in&pb=!1m2!1y4300400336261439135!2y18025463130256394606!2m2!2i10!3sCAESB0VnTUloZ00=!3e2!4m5!3b1!4b1!6b1!7b1!20b1!5m2!1sPsrQZPb9H5adseMPzOi5IA!7e81,0.2090159206262968
18515,ChIJIa9FeNwZrjsRz100AN_HHpU,BBMP Public Park,13.067009925842283,77.6250991821289,0x3bae19dc7845af21:0x951ec7df00345dcf,N_A,N_A,425,4.199999809265137,https://www.google.com/maps/place/?q=place_id:ChIJIa9FeNwZrjsRz100AN_HHpU,gmaps_v2,gym_fitness,leisure,N_A,1687847039,secondary_competitor,1510720921.0,462.0,https://www.google.com/maps/preview/review/listentitiesreviews?authuser=0&hl=en&gl=in&pb=!1m2!1y4300403128886734625!2y10745245521547648463!2m2!2i10!3sCAESB0VnTUl6QU0=!3e2!4m5!3b1!4b1!6b1!7b1!20b1!5m2!1sPsrQZPb9H5adseMPzOi5IA!7e81,0.20730991236425111
2305,ChIJ88vTy08XrjsRw4MKLwLwYak,Fitness 360 Degree Gym Hebbal Kempapura,13.05540370941162,77.60562896728516,0x3bae174fcbd3cbf3:0xa961f0022f0a83c3,N_A,N_A,340,4.800000190734863,https://www.google.com/maps/place/?q=place_id:ChIJ88vTy08XrjsRw4MKLwLwYak,gmaps_v2,gym_fitness,leisure,N_A,1687847039,secondary_competitor,1538370008.0,373.0,https://www.google.com/maps/preview/review/listentitiesreviews?authuser=0&hl=en&gl=in&pb=!1m2!1y4300400325674912755!2y12205300357320573891!2m2!2i10!3sCAESB0VnTUk4Z0k=!3e2!4m5!3b1!4b1!6b1!7b1!20b1!5m2!1sPsrQZPb9H5adseMPzOi5IA!7e81,0.1965251771691933
18306,ChIJXwhC32kZrjsRDqi5GIrz5to,Gold's Gym Yelahanka,13.099428176879885,77.58919525146484,0x3bae1969df42085f:0xdae6f38a18b9a80e,goldsgym,Gold's Gym India,187,3.900000095367432,https://www.google.com/maps/place/?q=place_id:ChIJXwhC32kZrjsRDqi5GIrz5to,gmaps_v2,gym_fitness,leisure,N_A,1687847039,primary_competitor,1603451424.0,213.0,https://www.google.com/maps/preview/review/listentitiesreviews?authuser=0&hl=en&gl=in&pb=!1m2!1y4300402636693309535!2y15773562519357597710!2m2!2i10!3sCAESB0VnTUkwZ0U=!3e2!4m5!3b1!4b1!6b1!7b1!20b1!5m2!1sPsrQZPb9H5adseMPzOi5IA!7e81,0.19144122594521054
6742,ChIJT2hDicQXrjsRMuZSm97G1uA,"Elite Fitness Club - Available on cult.fit - Gyms in R.M.V, Bangalore",13.040285110473633,77.56381225585938,0x3bae17c48943684f:0xe0d6c6de9b52e632,cult,Cult.fit,444,4.099999904632568,https://www.google.com/maps/place/?q=place_id:ChIJT2hDicQXrjsRMuZSm97G1uA,gmaps_v2,gym_fitness,leisure,N_A,1695212099,primary_competitor,1491840596.0,442.0,https://www.google.com/maps/preview/review/listentitiesreviews?authuser=0&hl=en&gl=in&pb=!1m2!1y4300400827069327439!2y16201355368902878770!2m2!2i10!3sCAESB0VnTUl1QU0=!3e2!4m5!3b1!4b1!6b1!7b1!20b1!5m2!1sPsrQZPb9H5adseMPzOi5IA!7e81,0.1886281973340188
7725,ChIJD_Isgy4XrjsR-vhVafWcAhw,Bangalore Boxing Club,13.04078483581543,77.62035369873047,0x3bae172e832cf20f:0x1c029cf56955f8fa,N_A,N_A,655,4.699999809265137,https://www.google.com/maps/place/?q=place_id:ChIJD_Isgy4XrjsR-vhVafWcAhw,gmaps_v2,gym_fitness,leisure,N_A,1687847039,secondary_competitor,1380096922.0,476.0,https://www.google.com/maps/preview/review/listentitiesreviews?authuser=0&hl=en&gl=in&pb=!1m2!1y4300400182722097679!2y2018348160863566074!2m2!2i10!3sCAESB0VnTUkxZ00=!3e2!4m5!3b1!4b1!6b1!7b1!20b1!5m2!1sPsrQZPb9H5adseMPzOi5IA!7e81,0.1838894508040106
14683,ChIJ0T4deGsRrjsR2Q4ax0zrVTE,SKANDA TAEKWONDO ACADEMY,13.062339782714844,77.58719635009766,0x3bae116b781d3ed1:0x3155eb4cc71a0ed9,N_A,N_A,136,5.0,https://www.google.com/maps/place/?q=place_id:ChIJ0T4deGsRrjsR2Q4ax0zrVTE,gmaps_v2,gym_fitness,leisure,N_A,1687847039,secondary_competitor,1622457680.0,154.0,https://www.google.com/maps/preview/review/listentitiesreviews?authuser=0&hl=en&gl=in&pb=!1m2!1y4300393847459757777!2y3555006195869290201!2m2!2i10!3sCAESB0VnTUlsZ0U=!3e2!4m5!3b1!4b1!6b1!7b1!20b1!5m2!1sPsrQZPb9H5adseMPzOi5IA!7e81,0.17969896294594354
16164,ChIJf7iqWwgYrjsRff7MCxK7UwI,FitnessEDGE 1,13.069091796875,77.56141662597656,0x3bae18085baab87f:0x253bb120bccfe7d,N_A,N_A,369,4.900000095367432,https://www.google.com/maps/place/?q=place_id:ChIJf7iqWwgYrjsRff7MCxK7UwI,gmaps_v2,gym_fitness,leisure,N_A,1687847039,secondary_competitor,1501512471.0,396.0,https://www.google.com/maps/preview/review/listentitiesreviews?authuser=0&hl=en&gl=in&pb=!1m2!1y4300401118362122367!2y167683297324629629!2m2!2i10!3sCAESB0VnTUloZ00=!3e2!4m5!3b1!4b1!6b1!7b1!20b1!5m2!1sPsrQZPb9H5adseMPzOi5IA!7e81,0.1710986873890195
8208,ChIJmShro6YjrjsRhB1K_KOyyig,Suraj's Iron Addict,13.069450378417969,77.55580139160156,0x3bae23a6a36b2899:0x28cab2a3fc4a1d84,N_A,N_A,244,4.800000190734863,https://www.google.com/maps/place/?q=place_id:ChIJmShro6YjrjsRhB1K_KOyyig,gmaps_v2,gym_fitness,leisure,N_A,1687847039,secondary_competitor,1557898539.0,278.0,https://www.google.com/maps/preview/review/listentitiesreviews?authuser=0&hl=en&gl=in&pb=!1m2!1y4300413892798654617!2y2939358124194798980!2m2!2i10!3sCAESB0VnTUlqZ0k=!3e2!4m5!3b1!4b1!6b1!7b1!20b1!5m2!1sPsrQZPb9H5adseMPzOi5IA!7e81,0.16223042205181284
1611,ChIJMadbVY4XrjsROtLZ3zFzpIs,Café Coffee Day,13.049199104309082,77.59300994873047,0x3bae178e555ba731:0x8ba47331dfd9d23a,cafecoffeeday,Cafe Coffee Day,370,3.799999952316284,https://www.google.com/maps/place/?q=place_id:ChIJMadbVY4XrjsROtLZ3zFzpIs,gmaps_v2,coffee_shop,food,N_A,1699615207,anchor_competitor,1500629815.0,383.0,https://www.google.com/maps/preview/review/listentitiesreviews?authuser=0&hl=en&gl=in&pb=!1m2!1y4300400594270267185!2y10062294125498716730!2m2!2i10!3sCAESB0VnTUlfQUk=!3e2!4m5!3b1!4b1!6b1!7b1!20b1!5m2!1sPsrQZPb9H5adseMPzOi5IA!7e81,0.16065500928832002
4391,ChIJS_RmWeoXrjsRWIBWxA01ZkM,Naks Gym - Best Gym & Fitness centre in Sanjay Nagar,13.042336463928224,77.57675170898438,0x3bae17ea5966f44b:0x4366350dc4568058,N_A,N_A,424,4.800000190734863,https://www.google.com/maps/place/?q=place_id:ChIJS_RmWeoXrjsRWIBWxA01ZkM,gmaps_v2,gym_fitness,leisure,N_A,1687847039,secondary_competitor,1454267479.0,427.0,https://www.google.com/maps/preview/review/listentitiesreviews?authuser=0&hl=en&gl=in&pb=!1m2!1y4300400989475107915!2y4856627581410508888!2m2!2i10!3sCAESB0VnTUlwQU0=!3e2!4m5!3b1!4b1!6b1!7b1!20b1!5m2!1sPsrQZPb9H5adseMPzOi5IA!7e81,0.15683564092680027
6794,ChIJraL04l4YrjsRgOEnSNebNGA,Lassi Shop,13.099658012390137,77.588623046875,0x3bae185ee2f4a2ad:0x60349bd74827e180,lassishop,Lassi Shop,300,4.199999809265137,https://www.google.com/maps/place/?q=place_id:ChIJraL04l4YrjsRgOEnSNebNGA,gmaps_v2,coffee_shop,food,N_A,1687847039,anchor_competitor,1519662218.0,342.0,https://www.google.com/maps/preview/review/listentitiesreviews?authuser=0&hl=en&gl=in&pb=!1m2!1y4300401489999078061!2y6932337075360883072!2m2!2i10!3sCAESB0VnTUkxQUk=!3e2!4m5!3b1!4b1!6b1!7b1!20b1!5m2!1sPsrQZPb9H5adseMPzOi5IA!7e81,0.15411616723723243
8919,ChIJrRvHrZ8irjsRL38Xg-uvwzU,Onyx Fitness,13.08107566833496,77.55970001220703,0x3bae229fadc71bad:0x35c3afeb83177f2f,N_A,N_A,290,4.400000095367432,https://www.google.com/maps/place/?q=place_id:ChIJrRvHrZ8irjsRL38Xg-uvwzU,gmaps_v2,gym_fitness,leisure,N_A,1687847039,secondary_competitor,1522061507.0,298.0,https://www.google.com/maps/preview/review/listentitiesreviews?authuser=0&hl=en&gl=in&pb=!1m2!1y4300412763396053933!2y3874133530520289071!2m2!2i10!3sCAESB0VnTUlvZ0k=!3e2!4m5!3b1!4b1!6b1!7b1!20b1!5m2!1sPsrQZPb9H5adseMPzOi5IA!7e81,0.15113502184255742
11363,ChIJk0QMducZrjsRH7FBG3JXakg,Lassi Shop,13.067925453186035,77.63175201416016,0x3bae19e7760c4493:0x486a57721b41b11f,lassishop,Lassi Shop,342,4.099999904632568,https://www.google.com/maps/place/?q=place_id:ChIJk0QMducZrjsRH7FBG3JXakg,gmaps_v2,coffee_shop,food,N_A,1699615207,anchor_competitor,1503499177.0,346.0,https://www.google.com/maps/preview/review/listentitiesreviews?authuser=0&hl=en&gl=in&pb=!1m2!1y4300403176094057619!2y5218079265857319199!2m2!2i10!3sCAESB0VnTUkxQUk=!3e2!4m5!3b1!4b1!6b1!7b1!20b1!5m2!1sPsrQZPb9H5adseMPzOi5IA!7e81,0.15066998857768027
10162,ChIJc7c33akZrjsR5_ClaY899fs,Fika Arena,13.073068618774414,77.6082992553711,0x3bae19a9dd37b773:0xfbf53d8f69a5f0e7,N_A,N_A,58,4.199999809265137,https://www.google.com/maps/place/?q=place_id:ChIJc7c33akZrjsR5_ClaY899fs,gmaps_v2,gym_fitness,leisure,N_A,1687847039,secondary_competitor,1654268532.0,91.0,https://www.google.com/maps/preview/review/listentitiesreviews?authuser=0&hl=en&gl=in&pb=!1m2!1y4300402911536985971!2y18155485158976123111!2m2!2i10!3sCAESBkVnSUlXZw==!3e2!4m5!3b1!4b1!6b1!7b1!20b1!5m2!1sPsrQZPb9H5adseMPzOi5IA!7e81,0.1492383208103922
5750,ChIJz-bltRQjrjsRMY0sAUvAhGI,"Cult Vidyaranyapura - Gyms in Vidyaranyapura, Bangalore",13.079805374145508,77.55941009521484,0x3bae2314b5e5e6cf:0x6284c04b012c8d31,cult,Cult.fit,86,4.199999809265137,https://www.google.com/maps/place/?q=place_id:ChIJz-bltRQjrjsRMY0sAUvAhGI,gmaps_v2,gym_fitness,leisure,N_A,1687847039,primary_competitor,1636876982.0,120.0,https://www.google.com/maps/preview/review/listentitiesreviews?authuser=0&hl=en&gl=in&pb=!1m2!1y4300413266043463375!2y7099010341017521457!2m2!2i10!3sCAESBkVnSUliZw==!3e2!4m5!3b1!4b1!6b1!7b1!20b1!5m2!1sPsrQZPb9H5adseMPzOi5IA!7e81,0.14577970748590688
10792,ChIJ8xBXSWkjrjsRKIupZd59o9E,"SRX Fitness Studio, Vidyaranyapura",13.069066047668455,77.5626220703125,0x3bae2369495710f3:0xd1a37dde65a98b28,N_A,N_A,222,4.900000095367432,https://www.google.com/maps/place/?q=place_id:ChIJ8xBXSWkjrjsRKIupZd59o9E,gmaps_v2,gym_fitness,leisure,N_A,1687847039,secondary_competitor,1554960803.0,253.0,https://www.google.com/maps/preview/review/listentitiesreviews?authuser=0&hl=en&gl=in&pb=!1m2!1y4300413629294383347!2y15106055969272597288!2m2!2i10!3sCAESB0VnTUktZ0U=!3e2!4m5!3b1!4b1!6b1!7b1!20b1!5m2!1sPsrQZPb9H5adseMPzOi5IA!7e81,0.14434000523575669
9285,ChIJIZ5r784jrjsR-s0jdtrClHA,Reflex Fitness,13.07895851135254,77.55889892578125,0x3bae23ceef6b9e21:0x7094c2da7623cdfa,N_A,N_A,57,4.900000095367432,https://www.google.com/maps/place/?q=place_id:ChIJIZ5r784jrjsR-s0jdtrClHA,gmaps_v2,gym_fitness,leisure,N_A,1687847039,secondary_competitor,1653724515.0,104.0,https://www.google.com/maps/preview/review/listentitiesreviews?authuser=0&hl=en&gl=in&pb=!1m2!1y4300414065872444961!2y8112323072341822970!2m2!2i10!3sCAESBkVnSUlaQQ==!3e2!4m5!3b1!4b1!6b1!7b1!20b1!5m2!1sPsrQZPb9H5adseMPzOi5IA!7e81,0.14432695541513868
2632,ChIJvd42Vt4ZrjsRUnikY3nofVc,Twistars Gymnastics,13.067334175109863,77.59735107421875,0x3bae19de5636debd:0x577de87963a47852,N_A,N_A,138,4.800000190734863,https://www.google.com/maps/place/?q=place_id:ChIJvd42Vt4ZrjsRUnikY3nofVc,gmaps_v2,gym_fitness,leisure,N_A,1687847039,secondary_competitor,1603542171.0,160.0,https://www.google.com/maps/preview/review/listentitiesreviews?authuser=0&hl=en&gl=in&pb=!1m2!1y4300403136905273021!2y6304450661448972370!2m2!2i10!3sCAESB0VnTUlsZ0U=!3e2!4m5!3b1!4b1!6b1!7b1!20b1!5m2!1sPsrQZPb9H5adseMPzOi5IA!7e81,0.14142955540835436
8885,ChIJg27MCMAXrjsRUURkrLUeqxg,Yogakulam Academy,13.02617073059082,77.58735656738281,0x3bae17c008cc6e83:0x18ab1eb5ac644451,N_A,N_A,139,5.0,https://www.google.com/maps/place/?q=place_id:ChIJg27MCMAXrjsRUURkrLUeqxg,gmaps_v2,gym_fitness,leisure,N_A,1687847039,secondary_competitor,1601028722.0,181.0,https://www.google.com/maps/preview/review/listentitiesreviews?authuser=0&hl=en&gl=in&pb=!1m2!1y4300400807734177411!2y1777548243557958737!2m2!2i10!3sCAESB0VnTUl0QUU=!3e2!4m5!3b1!4b1!6b1!7b1!20b1!5m2!1sPsrQZPb9H5adseMPzOi5IA!7e81,0.13833025581456504
4653,ChIJaT3yn-QZrjsRWCu8GwbLRsA,"Aim Fitness, Yelahanka",13.098164558410645,77.58465576171875,0x3bae19e49ff23d69:0xc046cb061bbc2b58,N_A,N_A,83,4.800000190734863,https://www.google.com/maps/place/?q=place_id:ChIJaT3yn-QZrjsRWCu8GwbLRsA,gmaps_v2,gym_fitness,leisure,N_A,1687847039,secondary_competitor,1635614115.0,116.0,https://www.google.com/maps/preview/review/listentitiesreviews?authuser=0&hl=en&gl=in&pb=!1m2!1y4300403163912093033!2y13854984530747468632!2m2!2i10!3sCAESBkVnSUliZw==!3e2!4m5!3b1!4b1!6b1!7b1!20b1!5m2!1sPsrQZPb9H5adseMPzOi5IA!7e81,0.13729271598886555
12199,ChIJo6ujn7UXrjsRdZ8iE2Y4Hzo,Lean & Fit,13.038381576538086,77.57395935058594,0x3bae17b59fa3aba3:0x3a1f386613229f75,N_A,N_A,170,5.0,https://www.google.com/maps/place/?q=place_id:ChIJo6ujn7UXrjsRdZ8iE2Y4Hzo,gmaps_v2,gym_fitness,leisure,N_A,1687847039,secondary_competitor,1578302554.0,188.0,https://www.google.com/maps/preview/review/listentitiesreviews?authuser=0&hl=en&gl=in&pb=!1m2!1y4300400763020225443!2y4188128189536706421!2m2!2i10!3sCAESB0VnTUl0QUU=!3e2!4m5!3b1!4b1!6b1!7b1!20b1!5m2!1sPsrQZPb9H5adseMPzOi5IA!7e81,0.13408251451453718
9196,ChIJ8z8RjfwXrjsRNfDrgfjjw4A,Rebel's Fitness One,13.047425270080566,77.5666275024414,0x3bae17fc8d113ff3:0x80c3e3f881ebf035,N_A,N_A,280,4.900000095367432,https://www.google.com/maps/place/?q=place_id:ChIJ8z8RjfwXrjsRNfDrgfjjw4A,gmaps_v2,gym_fitness,leisure,N_A,1687847039,secondary_competitor,1502512294.0,291.0,https://www.google.com/maps/preview/review/listentitiesreviews?authuser=0&hl=en&gl=in&pb=!1m2!1y4300401067651317747!2y9278510313784471605!2m2!2i10!3sCAESB0VnTUlvZ0k=!3e2!4m5!3b1!4b1!6b1!7b1!20b1!5m2!1sPsrQZPb9H5adseMPzOi5IA!7e81,0.13053137985540703
13460,ChIJsSghFXkXrjsR6sfTpWvUG9Y,V2 Fitness Zone,13.051361083984377,77.61207580566406,0x3bae1779152128b1:0xd61bd46ba5d3c7ea,N_A,N_A,261,4.800000190734863,https://www.google.com/maps/place/?q=place_id:ChIJsSghFXkXrjsR6sfTpWvUG9Y,gmaps_v2,gym_fitness,leisure,N_A,1687847039,secondary_competitor,1508730663.0,292.0,https://www.google.com/maps/preview/review/listentitiesreviews?authuser=0&hl=en&gl=in&pb=!1m2!1y4300400502998378673!2y15428158507296475114!2m2!2i10!3sCAESB0VnTUlvZ0k=!3e2!4m5!3b1!4b1!6b1!7b1!20b1!5m2!1sPsrQZPb9H5adseMPzOi5IA!7e81,0.1258980362577233
1797,ChIJubahgNoXrjsRT5pniThZZjA,SUPRAD Badminton Academy,13.05008316040039,77.60783386230469,0x3bae17da80a1b6b9:0x3066593889679a4f,N_A,N_A,192,4.699999809265137,https://www.google.com/maps/place/?q=place_id:ChIJubahgNoXrjsRT5pniThZZjA,gmaps_v2,gym_fitness,leisure,N_A,1687847039,secondary_competitor,1552651295.0,203.0,https://www.google.com/maps/preview/review/listentitiesreviews?authuser=0&hl=en&gl=in&pb=!1m2!1y4300400921413793465!2y3487573060803336783!2m2!2i10!3sCAESB0VnTUl5QUU=!3e2!4m5!3b1!4b1!6b1!7b1!20b1!5m2!1sPsrQZPb9H5adseMPzOi5IA!7e81,0.12270208742665746
16100,ChIJobU0RtEXrjsRkPVXs3RRpQM,Dtown dance and fitness studio,13.049030303955078,77.59668731689453,0x3bae17d14634b5a1:0x3a55174b357f590,N_A,N_A,162,4.900000095367432,https://www.google.com/maps/place/?q=place_id:ChIJobU0RtEXrjsRkPVXs3RRpQM,gmaps_v2,gym_fitness,leisure,N_A,1687847039,secondary_competitor,1570543953.0,188.0,https://www.google.com/maps/preview/review/listentitiesreviews?authuser=0&hl=en&gl=in&pb=!1m2!1y4300400881778865569!2y262705714937984400!2m2!2i10!3sCAESB0VnTUl0QUU=!3e2!4m5!3b1!4b1!6b1!7b1!20b1!5m2!1sPsrQZPb9H5adseMPzOi5IA!7e81,0.11932166899684123
15441,ChIJK1avFboXrjsR7aL6JP4qA2g,International Fitness Centre (IFC),13.024618148803713,77.59180450439453,0x3bae17ba15af562b:0x68032afe24faa2ed,N_A,N_A,340,4.800000190734863,https://www.google.com/maps/place/?q=place_id:ChIJK1avFboXrjsR7aL6JP4qA2g,gmaps_v2,gym_fitness,leisure,N_A,1687847039,secondary_competitor,1440569953.0,342.0,https://www.google.com/maps/preview/review/listentitiesreviews?authuser=0&hl=en&gl=in&pb=!1m2!1y4300400782180570667!2y7494881475905102573!2m2!2i10!3sCAESB0VnTUkxQUk=!3e2!4m5!3b1!4b1!6b1!7b1!20b1!5m2!1sPsrQZPb9H5adseMPzOi5IA!7e81,0.11879790592485387
16209,ChIJ-angeaYirjsRvtGidQDGUdc,Muscle Planet vidyaranyapura,13.079394340515137,77.55903625488281,0x3bae22a679e0a9f9:0xd751c60075a2d1be,N_A,N_A,317,4.599999904632568,https://www.google.com/maps/place/?q=place_id:ChIJ-angeaYirjsRvtGidQDGUdc,gmaps_v2,gym_fitness,leisure,N_A,1687847039,secondary_competitor,1456293591.0,321.0,https://www.google.com/maps/preview/review/listentitiesreviews?authuser=0&hl=en&gl=in&pb=!1m2!1y4300412792590084601!2y15515399896543973822!2m2!2i10!3sCAESB0VnTUl3QUk=!3e2!4m5!3b1!4b1!6b1!7b1!20b1!5m2!1sPsrQZPb9H5adseMPzOi5IA!7e81,0.11828284241312614
2684,ChIJ6VcnpLkXrjsRGYcIH9XC9hA,EXERCISE CURE-Best physiotherapy center,13.023893356323242,77.59172821044922,0x3bae17b9a42757e9:0x10f6c2d51f088719,N_A,N_A,152,5.0,https://www.google.com/maps/place/?q=place_id:ChIJ6VcnpLkXrjsRGYcIH9XC9hA,gmaps_v2,gym_fitness,leisure,N_A,1687847039,secondary_competitor,1576162184.0,171.0,https://www.google.com/maps/preview/review/listentitiesreviews?authuser=0&hl=en&gl=in&pb=!1m2!1y4300400780275832809!2y1222378569482143513!2m2!2i10!3sCAESB0VnTUlxZ0U=!3e2!4m5!3b1!4b1!6b1!7b1!20b1!5m2!1sPsrQZPb9H5adseMPzOi5IA!7e81,0.11758801137361015
4863,ChIJae8fRLgXrjsRkpBXJIZTCJU,Kamala Gym,13.025016784667969,77.5867919921875,0x3bae17b8441fef69:0x9508538624579092,N_A,N_A,232,4.699999809265137,https://www.google.com/maps/place/?q=place_id:ChIJae8fRLgXrjsRkpBXJIZTCJU,gmaps_v2,gym_fitness,leisure,N_A,1687847039,secondary_competitor,1507824361.0,242.0,https://www.google.com/maps/preview/review/listentitiesreviews?authuser=0&hl=en&gl=in&pb=!1m2!1y4300400774369767273!2y10738925147065389202!2m2!2i10!3sCAESB0VnTUk4QUU=!3e2!4m5!3b1!4b1!6b1!7b1!20b1!5m2!1sPsrQZPb9H5adseMPzOi5IA!7e81,0.11134597164475023
5845,ChIJoZHbKqIirjsRyojk700pqd4,Shivaranga Indoor Stadium,13.075624465942385,77.55606079101562,0x3bae22a22adb91a1:0xdea9294defe488ca,N_A,N_A,209,4.599999904632568,https://www.google.com/maps/place/?q=place_id:ChIJoZHbKqIirjsRyojk700pqd4,gmaps_v2,gym_fitness,leisure,N_A,1687847039,secondary_competitor,1523671577.0,208.0,https://www.google.com/maps/preview/review/listentitiesreviews?authuser=0&hl=en&gl=in&pb=!1m2!1y4300412774084481441!2y16044400562198055114!2m2!2i10!3sCAESB0VnTUl5QUU=!3e2!4m5!3b1!4b1!6b1!7b1!20b1!5m2!1sPsrQZPb9H5adseMPzOi5IA!7e81,0.10998964023015814
18212,ChIJk3beL3QXrjsR8tE6y09B9cY,Guru Fitness Centre,13.040743827819824,77.61151123046875,0x3bae17742fde7693:0xc6f5414fcb3ad1f2,N_A,N_A,233,4.800000190734863,https://www.google.com/maps/place/?q=place_id:ChIJk3beL3QXrjsR8tE6y09B9cY,gmaps_v2,gym_fitness,leisure,N_A,1687847039,secondary_competitor,1504062330.0,269.0,https://www.google.com/maps/preview/review/listentitiesreviews?authuser=0&hl=en&gl=in&pb=!1m2!1y4300400481972156051!2y14336436799771693554!2m2!2i10!3sCAESB0VnTUloQUk=!3e2!4m5!3b1!4b1!6b1!7b1!20b1!5m2!1sPsrQZPb9H5adseMPzOi5IA!7e81,0.10953686032715594
77,ChIJ2WTLIaQirjsRcKLq0kWfO5g,Cosmos Fitness Gym Pvt Ltd,13.071249961853027,77.55602264404297,0x3bae22a421cb64d9:0x983b9f45d2eaa270,N_A,N_A,270,4.0,https://www.google.com/maps/place/?q=place_id:ChIJ2WTLIaQirjsRcKLq0kWfO5g,gmaps_v2,gym_fitness,leisure,N_A,1687847039,secondary_competitor,1472318030.0,267.0,https://www.google.com/maps/preview/review/listentitiesreviews?authuser=0&hl=en&gl=in&pb=!1m2!1y4300412782522361049!2y10969536439631127152!2m2!2i10!3sCAESB0VnTUloQUk=!3e2!4m5!3b1!4b1!6b1!7b1!20b1!5m2!1sPsrQZPb9H5adseMPzOi5IA!7e81,0.10823601012335189
11086,ChIJ5QOOJ4IXrjsR1mAXek1FQes,Body & Mind - PhysioPilates,13.081497192382812,77.5600814819336,0x3bae1782278e03e5:0xeb41454d7a1760d6,N_A,N_A,59,5.0,https://www.google.com/maps/place/?q=place_id:ChIJ5QOOJ4IXrjsR1mAXek1FQes,gmaps_v2,gym_fitness,leisure,N_A,1687847039,secondary_competitor,1640010987.0,72.0,https://www.google.com/maps/preview/review/listentitiesreviews?authuser=0&hl=en&gl=in&pb=!1m2!1y4300400541962208229!2y16951906671462408406!2m2!2i10!3sCAESBkVnSUlSZw==!3e2!4m5!3b1!4b1!6b1!7b1!20b1!5m2!1sPsrQZPb9H5adseMPzOi5IA!7e81,0.10656397814769497
18527,ChIJ_xPGi6sZrjsRH1eaXCHjRbw,The Fit Nation,13.063803672790527,77.59144592285156,0x3bae19ab8bc613ff:0xbc45e3215c9a571f,N_A,N_A,312,4.099999904632568,https://www.google.com/maps/place/?q=place_id:ChIJ_xPGi6sZrjsRH1eaXCHjRbw,gmaps_v2,gym_fitness,leisure,N_A,1687847039,secondary_competitor,1425691378.0,342.0,https://www.google.com/maps/preview/review/listentitiesreviews?authuser=0&hl=en&gl=in&pb=!1m2!1y4300402918760518655!2y13566499184950531871!2m2!2i10!3sCAESB0VnTUkxQUk=!3e2!4m5!3b1!4b1!6b1!7b1!20b1!5m2!1sPsrQZPb9H5adseMPzOi5IA!7e81,0.10282745715721928
650,ChIJpYwQtpcXrjsR2S0a75W37QI,Abhiva Fitness,13.0364351272583,77.59385681152344,0x3bae1797b6108ca5:0x2edb795ef1a2dd9,N_A,N_A,226,4.300000190734863,https://www.google.com/maps/place/?q=place_id:ChIJpYwQtpcXrjsR2S0a75W37QI,gmaps_v2,gym_fitness,leisure,N_A,1687847039,secondary_competitor,1488645093.0,234.0,https://www.google.com/maps/preview/review/listentitiesreviews?authuser=0&hl=en&gl=in&pb=!1m2!1y4300400634547440805!2y211026612145761753!2m2!2i10!3sCAESB0VnTUk1Z0U=!3e2!4m5!3b1!4b1!6b1!7b1!20b1!5m2!1sPsrQZPb9H5adseMPzOi5IA!7e81,0.09802313879001966
15685,ChIJk8I6ym8XrjsRtONs47i2yQI,Café Coffee Day,13.04478645324707,77.62088775634766,0x3bae176fca3ac293:0x2c9b6b8e36ce3b4,cafecoffeeday,Cafe Coffee Day,224,3.799999952316284,https://www.google.com/maps/place/?q=place_id:ChIJk8I6ym8XrjsRtONs47i2yQI,gmaps_v2,coffee_shop,food,N_A,1687847039,anchor_competitor,1490090385.0,222.0,https://www.google.com/maps/preview/review/listentitiesreviews?authuser=0&hl=en&gl=in&pb=!1m2!1y4300400463087059603!2y200892563600499636!2m2!2i10!3sCAESB0VnTUkzQUU=!3e2!4m5!3b1!4b1!6b1!7b1!20b1!5m2!1sPsrQZPb9H5adseMPzOi5IA!7e81,0.09786573350902265
154,ChIJu6t4MK4ZrjsRCeeCekVuSq8,M S FITNESS CLUB,13.07132053375244,77.56774139404297,0x3bae19ae3078abbb:0xaf4a6e457a82e709,N_A,N_A,119,4.5,https://www.google.com/maps/place/?q=place_id:ChIJu6t4MK4ZrjsRCeeCekVuSq8,gmaps_v2,gym_fitness,leisure,N_A,1687847039,secondary_competitor,1580746861.0,147.0,https://www.google.com/maps/preview/review/listentitiesreviews?authuser=0&hl=en&gl=in&pb=!1m2!1y4300402930113620923!2y12631029349601175305!2m2!2i10!3sCAESB0VnTUlqQUU=!3e2!4m5!3b1!4b1!6b1!7b1!20b1!5m2!1sPsrQZPb9H5adseMPzOi5IA!7e81,0.09599984044844445
12636,ChIJsaUVGkkXrjsR4CJu3wg3VeA,Universal Fitness Studio,13.057369232177734,77.60466003417969,0x3bae17491a15a5b1:0xe0553708df6e22e0,N_A,N_A,89,4.900000095367432,https://www.google.com/maps/place/?q=place_id:ChIJsaUVGkkXrjsR4CJu3wg3VeA,gmaps_v2,gym_fitness,leisure,N_A,1687847039,secondary_competitor,1607580603.0,89.0,https://www.google.com/maps/preview/review/listentitiesreviews?authuser=0&hl=en&gl=in&pb=!1m2!1y4300400296923080113!2y16164886948764066528!2m2!2i10!3sCAESBkVnSUlVQQ==!3e2!4m5!3b1!4b1!6b1!7b1!20b1!5m2!1sPsrQZPb9H5adseMPzOi5IA!7e81,0.09580093976017573
12529,ChIJ8x_-OXwZrjsRtg0T9Gm7Yk8,Plank Fitness,13.103361129760742,77.5767593383789,0x3bae197c39fe1ff3:0x4f62bb69f4130db6,N_A,N_A,120,4.800000190734863,https://www.google.com/maps/place/?q=place_id:ChIJ8x_-OXwZrjsRtg0T9Gm7Yk8,gmaps_v2,gym_fitness,leisure,N_A,1687847039,secondary_competitor,1579072281.0,123.0,https://www.google.com/maps/preview/review/listentitiesreviews?authuser=0&hl=en&gl=in&pb=!1m2!1y4300402715524997107!2y5720340540454800822!2m2!2i10!3sCAESBkVnSUllQQ==!3e2!4m5!3b1!4b1!6b1!7b1!20b1!5m2!1sPsrQZPb9H5adseMPzOi5IA!7e81,0.0953162313631624
16903,ChIJhWDxPCIXrjsRjy1PRVL6AnA,Varsha's Yoga Class,13.038206100463867,77.58155822753906,0x3bae17223cf16085:0x7002fa52454f2d8f,N_A,N_A,58,5.0,https://www.google.com/maps/place/?q=place_id:ChIJhWDxPCIXrjsRjy1PRVL6AnA,gmaps_v2,gym_fitness,leisure,N_A,1687847039,secondary_competitor,1634495823.0,63.0,https://www.google.com/maps/preview/review/listentitiesreviews?authuser=0&hl=en&gl=in&pb=!1m2!1y4300400130004181125!2y8071288713458429327!2m2!2i10!3sCAESBkVnSUlQQQ==!3e2!4m5!3b1!4b1!6b1!7b1!20b1!5m2!1sPsrQZPb9H5adseMPzOi5IA!7e81,0.09392850577201464
15149,ChIJ73yDtGMZrjsR2RwVADc5elA,Humming Nest (Zumba and Yoga Fitness Studio),13.069412231445312,77.62804412841797,0x3bae1963b4837cef:0x507a393700151cd9,N_A,N_A,131,5.0,https://www.google.com/maps/place/?q=place_id:ChIJ73yDtGMZrjsR2RwVADc5elA,gmaps_v2,gym_fitness,leisure,N_A,1687847039,secondary_competitor,1565205456.0,140.0,https://www.google.com/maps/preview/review/listentitiesreviews?authuser=0&hl=en&gl=in&pb=!1m2!1y4300402610206375151!2y5799010378580303065!2m2!2i10!3sCAESB0VnTUlnZ0U=!3e2!4m5!3b1!4b1!6b1!7b1!20b1!5m2!1sPsrQZPb9H5adseMPzOi5IA!7e81,0.09228843694882836
13399,ChIJ_9rBvm0XrjsRZa5_mqmtHZ4,"Avinash Power Yoga And Aerobics Studio,Nagawara",13.04040241241455,77.62084197998047,0x3bae176dbec1daff:0x9e1dada99a7fae65,N_A,N_A,203,5.0,https://www.google.com/maps/place/?q=place_id:ChIJ_9rBvm0XrjsRZa5_mqmtHZ4,gmaps_v2,gym_fitness,leisure,N_A,1687847039,secondary_competitor,1497338919.0,205.0,https://www.google.com/maps/preview/review/listentitiesreviews?authuser=0&hl=en&gl=in&pb=!1m2!1y4300400454304652031!2y11393453576270360165!2m2!2i10!3sCAESB0VnTUl5QUU=!3e2!4m5!3b1!4b1!6b1!7b1!20b1!5m2!1sPsrQZPb9H5adseMPzOi5IA!7e81,0.09206536708251596
3398,ChIJmRwT--oZrjsRnfdToFTYaeU,SHUTTLE MANIA BADMINTON CLUB,13.063767433166504,77.5689697265625,0x3bae19eafb131c99:0xe569d854a053f79d,N_A,N_A,85,4.599999904632568,https://www.google.com/maps/place/?q=place_id:ChIJmRwT--oZrjsRnfdToFTYaeU,gmaps_v2,gym_fitness,leisure,N_A,1687847039,secondary_competitor,1607690759.0,84.0,https://www.google.com/maps/preview/review/listentitiesreviews?authuser=0&hl=en&gl=in&pb=!1m2!1y4300403191210777753!2y16530981765218826141!2m2!2i10!3sCAESBkVnSUlVQQ==!3e2!4m5!3b1!4b1!6b1!7b1!20b1!5m2!1sPsrQZPb9H5adseMPzOi5IA!7e81,0.0916210183406715
2135,ChIJkavO06EirjsRQt0sR0NBkjs,Asha Yoga Center,13.078041076660156,77.55909729003906,0x3bae22a1d3ceab91:0x3b924143472cdd42,N_A,N_A,233,4.900000095367432,https://www.google.com/maps/place/?q=place_id:ChIJkavO06EirjsRQt0sR0NBkjs,gmaps_v2,gym_fitness,leisure,N_A,1687847039,secondary_competitor,1467978679.0,261.0,https://www.google.com/maps/preview/review/listentitiesreviews?authuser=0&hl=en&gl=in&pb=!1m2!1y4300412772624018321!2y4292565152050240834!2m2!2i10!3sCAESB0VnTUloQUk=!3e2!4m5!3b1!4b1!6b1!7b1!20b1!5m2!1sPsrQZPb9H5adseMPzOi5IA!7e81,0.09156024086412433
10345,ChIJHdgj-ugXrjsR8Ii9BG652m0,Aarya Yoga,13.055671691894531,77.60303497314453,0x3bae17e8fa23d81d:0x6ddab96e04bd88f0,N_A,N_A,112,5.0,https://www.google.com/maps/place/?q=place_id:ChIJHdgj-ugXrjsR8Ii9BG652m0,gmaps_v2,gym_fitness,leisure,N_A,1687847039,secondary_competitor,1580817511.0,131.0,https://www.google.com/maps/preview/review/listentitiesreviews?authuser=0&hl=en&gl=in&pb=!1m2!1y4300400983581906973!2y7915843177234139376!2m2!2i10!3sCAESB0VnTUlnZ0U=!3e2!4m5!3b1!4b1!6b1!7b1!20b1!5m2!1sPsrQZPb9H5adseMPzOi5IA!7e81,0.09041243272604173
8877,ChIJY8lADuJrrjsRR0cmoM3Kgrk,Shlloka - Classical Isha Hatha Yoga Teacher,13.035961151123049,77.59815216064453,0x3bae6be20e40c963:0xb982cacda0264747,N_A,N_A,56,5.0,https://www.google.com/maps/place/?q=place_id:ChIJY8lADuJrrjsRR0cmoM3Kgrk,gmaps_v2,gym_fitness,leisure,N_A,1687847039,secondary_competitor,1631219477.0,70.0,https://www.google.com/maps/preview/review/listentitiesreviews?authuser=0&hl=en&gl=in&pb=!1m2!1y4300493312831310179!2y13367469628493023047!2m2!2i10!3sCAESBkVnSUlQQQ==!3e2!4m5!3b1!4b1!6b1!7b1!20b1!5m2!1sPsrQZPb9H5adseMPzOi5IA!7e81,0.0854424917675248
1868,ChIJm8XaCycYrjsRLUDyvCFEnrk,WELCARE EQUIPMENTS PVT LTD,13.059304237365724,77.59317779541016,0x3bae18270bdac59b:0xb99e4421bcf2402d,welcareindia,Welcare Fitness,200,4.800000190734863,https://www.google.com/maps/place/?q=place_id:ChIJm8XaCycYrjsRLUDyvCFEnrk,gmaps_v2,gym_fitness,leisure,N_A,1687847039,primary_competitor,1485580202.0,205.0,https://www.google.com/maps/preview/review/listentitiesreviews?authuser=0&hl=en&gl=in&pb=!1m2!1y4300401250167080347!2y13375202855031554093!2m2!2i10!3sCAESB0VnTUl5QUU=!3e2!4m5!3b1!4b1!6b1!7b1!20b1!5m2!1sPsrQZPb9H5adseMPzOi5IA!7e81,0.08543170129268399
4300,ChIJO8uk_V0XrjsRHDQpu6HLb4Q,"Cult Nagavara - Gyms in Nagavara, Bangalore",13.040815353393556,77.61976623535156,0x3bae175dfda4cb3b:0x846fcba1bb29341c,cult,Cult.fit,127,4.5,https://www.google.com/maps/place/?q=place_id:ChIJO8uk_V0XrjsRHDQpu6HLb4Q,gmaps_v2,gym_fitness,leisure,N_A,1687847039,primary_competitor,1557640535.0,183.0,https://www.google.com/maps/preview/review/listentitiesreviews?authuser=0&hl=en&gl=in&pb=!1m2!1y4300400386640235323!2y9543070030911583260!2m2!2i10!3sCAESB0VnTUl0QUU=!3e2!4m5!3b1!4b1!6b1!7b1!20b1!5m2!1sPsrQZPb9H5adseMPzOi5IA!7e81,0.08427228796496986
16681,ChIJLTuZZ3sXrjsRF_JesO0Vys8,Mantri Lithos,13.052095413208008,77.61763000488281,0x3bae177b67993b2d:0xcfca15edb05ef217,N_A,N_A,185,4.099999904632568,https://www.google.com/maps/place/?q=place_id:ChIJLTuZZ3sXrjsRF_JesO0Vys8,gmaps_v2,gym_fitness,leisure,N_A,1687847039,secondary_competitor,1488172946.0,207.0,https://www.google.com/maps/preview/review/listentitiesreviews?authuser=0&hl=en&gl=in&pb=!1m2!1y4300400512971914029!2y14972804021757080087!2m2!2i10!3sCAESB0VnTUl5QUU=!3e2!4m5!3b1!4b1!6b1!7b1!20b1!5m2!1sPsrQZPb9H5adseMPzOi5IA!7e81,0.08005044500189616
13931,ChIJpU2GEqojrjsRFk7Fr5dAXoI,"BBMP Sports Complex, Badminton Court",13.075547218322754,77.55596160888672,0x3bae23aa12864da5:0x825e4097afc54e16,N_A,N_A,102,4.400000095367432,https://www.google.com/maps/place/?q=place_id:ChIJpU2GEqojrjsRFk7Fr5dAXoI,gmaps_v2,gym_fitness,leisure,N_A,1687847039,secondary_competitor,1575897182.0,124.0,https://www.google.com/maps/preview/review/listentitiesreviews?authuser=0&hl=en&gl=in&pb=!1m2!1y4300413907547606437!2y9394016892974616086!2m2!2i10!3sCAESBkVnSUllQQ==!3e2!4m5!3b1!4b1!6b1!7b1!20b1!5m2!1sPsrQZPb9H5adseMPzOi5IA!7e81,0.07872095808036629
3982,ChIJ2ysEwEsjrjsRDFdkGyvB0l8,Kalasadha Academy,13.06678295135498,77.55377197265625,0x3bae234bc0042bdb:0x5fd2c12b1b64570c,N_A,N_A,112,4.800000190734863,https://www.google.com/maps/place/?q=place_id:ChIJ2ysEwEsjrjsRDFdkGyvB0l8,gmaps_v2,gym_fitness,leisure,N_A,1687847039,secondary_competitor,1560693135.0,134.0,https://www.google.com/maps/preview/review/listentitiesreviews?authuser=0&hl=en&gl=in&pb=!1m2!1y4300413502436420571!2y6904793569599706892!2m2!2i10!3sCAESB0VnTUlnZ0U=!3e2!4m5!3b1!4b1!6b1!7b1!20b1!5m2!1sPsrQZPb9H5adseMPzOi5IA!7e81,0.07610305067786201
854,ChIJw_VD6C0ZrjsRsJ4O72oxgMA,Tycoon Fitness Club,13.14444637298584,77.61792755126953,0x3bae192de843f5c3:0xc080316aef0e9eb0,N_A,N_A,177,4.199999809265137,https://www.google.com/maps/place/?q=place_id:ChIJw_VD6C0ZrjsRsJ4O72oxgMA,gmaps_v2,gym_fitness,leisure,N_A,1687847039,secondary_competitor,1483463173.0,175.0,https://www.google.com/maps/preview/review/listentitiesreviews?authuser=0&hl=en&gl=in&pb=!1m2!1y4300402379146393027!2y13871141187648134832!2m2!2i10!3sCAESB0VnTUlxZ0U=!3e2!4m5!3b1!4b1!6b1!7b1!20b1!5m2!1sPsrQZPb9H5adseMPzOi5IA!7e81,0.07482391002428734
10190,ChIJa8kpxS4XrjsRoh4Q1XEYngg,BFC Bengaluru Fitness Club,13.055143356323242,77.57583618164062,0x3bae172ec529c96b:0x89e1871d5101ea2,N_A,N_A,110,4.800000190734863,https://www.google.com/maps/place/?q=place_id:ChIJa8kpxS4XrjsRoh4Q1XEYngg,gmaps_v2,gym_fitness,leisure,N_A,1687847039,secondary_competitor,1560080939.0,121.0,https://www.google.com/maps/preview/review/listentitiesreviews?authuser=0&hl=en&gl=in&pb=!1m2!1y4300400183829186923!2y620960675808681634!2m2!2i10!3sCAESBkVnSUllQQ==!3e2!4m5!3b1!4b1!6b1!7b1!20b1!5m2!1sPsrQZPb9H5adseMPzOi5IA!7e81,0.07438592866182814
17600,ChIJeZkgEgcZrjsR8NvrywCzrVo,THE FITNESS CLUB,13.090487480163574,77.60225677490234,0x3bae190712209979:0x5aadb300cbebdbf0,N_A,N_A,105,5.0,https://www.google.com/maps/place/?q=place_id:ChIJeZkgEgcZrjsR8NvrywCzrVo,gmaps_v2,gym_fitness,leisure,N_A,1687847039,secondary_competitor,1563863196.0,112.0,https://www.google.com/maps/preview/review/listentitiesreviews?authuser=0&hl=en&gl=in&pb=!1m2!1y4300402212344994169!2y6534075450387061744!2m2!2i10!3sCAESBkVnSUliZw==!3e2!4m5!3b1!4b1!6b1!7b1!20b1!5m2!1sPsrQZPb9H5adseMPzOi5IA!7e81,0.07317082436297768
12539,ChIJK_LuSIkZrjsR1phe_rpbbd8,BootCamp Sports Academy,13.073200225830078,77.5715560913086,0x3bae198948eef22b:0xdf6d5bbafe5e98d6,N_A,N_A,73,4.800000190734863,https://www.google.com/maps/place/?q=place_id:ChIJK_LuSIkZrjsR1phe_rpbbd8,gmaps_v2,gym_fitness,leisure,N_A,1687847039,secondary_competitor,1599459489.0,111.0,https://www.google.com/maps/preview/review/listentitiesreviews?authuser=0&hl=en&gl=in&pb=!1m2!1y4300402771610235435!2y16099625101609048278!2m2!2i10!3sCAESBkVnSUliZw==!3e2!4m5!3b1!4b1!6b1!7b1!20b1!5m2!1sPsrQZPb9H5adseMPzOi5IA!7e81,0.07135846620932473
14341,ChIJM3P35HMXrjsRupo12ypxzgk,Rithvik Luxury PG For Gents,13.04102611541748,77.61468505859375,0x3bae1773e4f77333:0x9ce712adb359aba,N_A,N_A,150,3.400000095367432,https://www.google.com/maps/place/?q=place_id:ChIJM3P35HMXrjsRupo12ypxzgk,gmaps_v2,gym_fitness,leisure,N_A,1687847039,secondary_competitor,1505720609.0,157.0,https://www.google.com/maps/preview/review/listentitiesreviews?authuser=0&hl=en&gl=in&pb=!1m2!1y4300400480715502387!2y706626620424035002!2m2!2i10!3sCAESB0VnTUlsZ0U=!3e2!4m5!3b1!4b1!6b1!7b1!20b1!5m2!1sPsrQZPb9H5adseMPzOi5IA!7e81,0.07115935891347566
2393,ChIJ55BRYiMXrjsRzzleqLjaR4M,Victory Fit And Fine,13.053346633911133,77.60369110107422,0x3bae1723625190e7:0x8347dab8a85e39cf,N_A,N_A,109,4.699999809265137,https://www.google.com/maps/place/?q=place_id:ChIJ55BRYiMXrjsRzzleqLjaR4M,gmaps_v2,gym_fitness,leisure,N_A,1687847039,secondary_competitor,1555044801.0,143.0,https://www.google.com/maps/preview/review/listentitiesreviews?authuser=0&hl=en&gl=in&pb=!1m2!1y4300400134926209255!2y9459770028948601295!2m2!2i10!3sCAESB0VnTUlqQUU=!3e2!4m5!3b1!4b1!6b1!7b1!20b1!5m2!1sPsrQZPb9H5adseMPzOi5IA!7e81,0.0709144675709456
18505,ChIJPc-XbTEYrjsRh2owoWqfbgQ,MS Fitness Club,13.0728759765625,77.60077667236328,0x3bae18316d97cf3d:0x46e9f6aa1306a87,N_A,N_A,166,4.400000095367432,https://www.google.com/maps/place/?q=place_id:ChIJPc-XbTEYrjsRh2owoWqfbgQ,gmaps_v2,gym_fitness,leisure,N_A,1687847039,secondary_competitor,1484876051.0,170.0,https://www.google.com/maps/preview/review/listentitiesreviews?authuser=0&hl=en&gl=in&pb=!1m2!1y4300401294756532029!2y319367903909538439!2m2!2i10!3sCAESB0VnTUlvQUU=!3e2!4m5!3b1!4b1!6b1!7b1!20b1!5m2!1sPsrQZPb9H5adseMPzOi5IA!7e81,0.07066231554235722
5381,ChIJxcUtE5oZrjsRsYm7hvpbA0Y,Fitness Fever Gym,13.06984519958496,77.58123016357422,0x3bae199a132dc5c5:0x46035bfa86bb89b1,N_A,N_A,88,4.900000095367432,https://www.google.com/maps/place/?q=place_id:ChIJxcUtE5oZrjsRsYm7hvpbA0Y,gmaps_v2,gym_fitness,leisure,N_A,1687847039,secondary_competitor,1579233758.0,102.0,https://www.google.com/maps/preview/review/listentitiesreviews?authuser=0&hl=en&gl=in&pb=!1m2!1y4300402843722827205!2y5044977139145476529!2m2!2i10!3sCAESBkVnSUlaQQ==!3e2!4m5!3b1!4b1!6b1!7b1!20b1!5m2!1sPsrQZPb9H5adseMPzOi5IA!7e81,0.07000248892214203
1632,ChIJmfnXHRAYrjsRbvWQ9CPB8Qo,Revive 360 Degree,13.068982124328612,77.57353973388672,0x3bae18101dd7f999:0xaf1c123f490f56e,N_A,N_A,166,4.699999809265137,https://www.google.com/maps/place/?q=place_id:ChIJmfnXHRAYrjsRbvWQ9CPB8Qo,gmaps_v2,gym_fitness,leisure,N_A,1687847039,secondary_competitor,1481022668.0,173.0,https://www.google.com/maps/preview/review/listentitiesreviews?authuser=0&hl=en&gl=in&pb=!1m2!1y4300401151684639129!2y788623769937704302!2m2!2i10!3sCAESB0VnTUlxZ0U=!3e2!4m5!3b1!4b1!6b1!7b1!20b1!5m2!1sPsrQZPb9H5adseMPzOi5IA!7e81,0.0693457929094826
17127,ChIJEVf-P2wXrjsRw55I9BQFapw,Muscular freaks fitness centre,13.057239532470703,77.6103286743164,0x3bae176c3ffe5711:0x9c6a0514f4489ec3,N_A,N_A,84,4.900000095367432,https://www.google.com/maps/place/?q=place_id:ChIJEVf-P2wXrjsRw55I9BQFapw,gmaps_v2,gym_fitness,leisure,N_A,1687847039,secondary_competitor,1581149280.0,95.0,https://www.google.com/maps/preview/review/listentitiesreviews?authuser=0&hl=en&gl=in&pb=!1m2!1y4300400447882942225!2y11270826605003972291!2m2!2i10!3sCAESBkVnSUlXZw==!3e2!4m5!3b1!4b1!6b1!7b1!20b1!5m2!1sPsrQZPb9H5adseMPzOi5IA!7e81,0.06802017275733035
3782,ChIJja5Hk3MjrjsRTwj9gUZMhTU,HERCULES FITNESS EQUIPMENTS(Murugappa Group),13.073784828186035,77.5570068359375,0x3bae23739347ae8d:0x35854c4681fd084f,herculesfitness,herculesfitness,110,4.900000095367432,https://www.google.com/maps/place/?q=place_id:ChIJja5Hk3MjrjsRTwj9gUZMhTU,gmaps_v2,gym_fitness,leisure,N_A,1687847039,secondary_competitor,1546613432.0,159.0,https://www.google.com/maps/preview/review/listentitiesreviews?authuser=0&hl=en&gl=in&pb=!1m2!1y4300413673484562061!2y3856572521624963151!2m2!2i10!3sCAESB0VnTUlsZ0U=!3e2!4m5!3b1!4b1!6b1!7b1!20b1!5m2!1sPsrQZPb9H5adseMPzOi5IA!7e81,0.06729276552428488
87,ChIJnU2Kn7IXrjsRjgsNuGviGxk,Mithun's Fitness Factory,13.060925483703612,77.58746337890625,0x3bae17b29f8a4d9d:0x191be26bb80d0b8e,N_A,N_A,89,5.0,https://www.google.com/maps/place/?q=place_id:ChIJnU2Kn7IXrjsRjgsNuGviGxk,gmaps_v2,gym_fitness,leisure,N_A,1687847039,secondary_competitor,1571415561.0,102.0,https://www.google.com/maps/preview/review/listentitiesreviews?authuser=0&hl=en&gl=in&pb=!1m2!1y4300400750133661085!2y1809288627596626830!2m2!2i10!3sCAESBkVnSUlaQQ==!3e2!4m5!3b1!4b1!6b1!7b1!20b1!5m2!1sPsrQZPb9H5adseMPzOi5IA!7e81,0.06604399542192534
6611,ChIJpWPniYcXrjsRdVcWvWfHyF0,Bbmp Park,13.057611465454102,77.59818267822266,0x3bae178789e763a5:0x5dc8c767bd165775,N_A,N_A,170,3.900000095367432,https://www.google.com/maps/place/?q=place_id:ChIJpWPniYcXrjsRdVcWvWfHyF0,gmaps_v2,gym_fitness,leisure,N_A,1687847039,secondary_competitor,1465107110.0,193.0,https://www.google.com/maps/preview/review/listentitiesreviews?authuser=0&hl=en&gl=in&pb=!1m2!1y4300400565087069093!2y6757870489237346165!2m2!2i10!3sCAESB0VnTUl2Z0U=!3e2!4m5!3b1!4b1!6b1!7b1!20b1!5m2!1sPsrQZPb9H5adseMPzOi5IA!7e81,0.06594237533406055
13206,ChIJRybgmAoZrjsROPTbMKzgd24,Santhosh Subbireddy - Isha Hatha Yoga Teacher,13.076498985290527,77.56498718261719,0x3bae190a98e02647:0x6e77e0ac30dbf438,N_A,N_A,62,5.0,https://www.google.com/maps/place/?q=place_id:ChIJRybgmAoZrjsROPTbMKzgd24,gmaps_v2,gym_fitness,leisure,N_A,1687847039,secondary_competitor,1605437420.0,62.0,https://www.google.com/maps/preview/review/listentitiesreviews?authuser=0&hl=en&gl=in&pb=!1m2!1y4300402227490596423!2y7960077896559359032!2m2!2i10!3sCAESBkVnSUlQQQ==!3e2!4m5!3b1!4b1!6b1!7b1!20b1!5m2!1sPsrQZPb9H5adseMPzOi5IA!7e81,0.06500212068690671
18671,ChIJk3_1EqMZrjsRoau3y3ukmkM,"Cult Yelahanka - Gyms in Yelahanka, Bangalore",13.098272323608398,77.58441925048828,0x3bae19a312f57f93:0x439aa47bcbb7aba1,cult,Cult.fit,119,4.300000190734863,https://www.google.com/maps/place/?q=place_id:ChIJk3_1EqMZrjsRoau3y3ukmkM,gmaps_v2,gym_fitness,leisure,N_A,1687847039,primary_competitor,1529479946.0,341.0,https://www.google.com/maps/preview/review/listentitiesreviews?authuser=0&hl=en&gl=in&pb=!1m2!1y4300402882373844883!2y4871386798560357281!2m2!2i10!3sCAESB0VnTUkxQUk=!3e2!4m5!3b1!4b1!6b1!7b1!20b1!5m2!1sPsrQZPb9H5adseMPzOi5IA!7e81,0.06492257832881987
11623,ChIJKakdYoIXrjsR-zs4o5Ru2V4,SIR Shankar and Capt Yogi Cricket Ground,13.049418449401855,77.6068344116211,0x3bae1782621da929:0x5ed96e94a3383bfb,N_A,N_A,162,4.099999904632568,https://www.google.com/maps/place/?q=place_id:ChIJKakdYoIXrjsR-zs4o5Ru2V4,gmaps_v2,gym_fitness,leisure,N_A,1687847039,secondary_competitor,1471333174.0,159.0,https://www.google.com/maps/preview/review/listentitiesreviews?authuser=0&hl=en&gl=in&pb=!1m2!1y4300400542944700713!2y6834615494184025083!2m2!2i10!3sCAESB0VnTUlsZ0U=!3e2!4m5!3b1!4b1!6b1!7b1!20b1!5m2!1sPsrQZPb9H5adseMPzOi5IA!7e81,0.06464620637574411
7935,ChIJb_IeCS8YrjsRg2W9Zn78_SM,Body tone fitness gym,13.066078186035156,77.59831237792969,0x3bae182f091ef26f:0x23fdfc7e66bd6583,N_A,N_A,208,4.5,https://www.google.com/maps/place/?q=place_id:ChIJb_IeCS8YrjsRg2W9Zn78_SM,gmaps_v2,gym_fitness,leisure,N_A,1687847039,secondary_competitor,1400641519.0,211.0,https://www.google.com/maps/preview/review/listentitiesreviews?authuser=0&hl=en&gl=in&pb=!1m2!1y4300401284480954991!2y2593506580255040899!2m2!2i10!3sCAESB0VnTUkwZ0U=!3e2!4m5!3b1!4b1!6b1!7b1!20b1!5m2!1sPsrQZPb9H5adseMPzOi5IA!7e81,0.06257261350687132
9037,ChIJVVPmH6oZrjsR6lIMBIu1vVA,BODY AND SOUL FITNESS,13.071836471557615,77.61815643310547,0x3bae19aa1fe65355:0x50bdb58b040c52ea,N_A,N_A,112,4.400000095367432,https://www.google.com/maps/place/?q=place_id:ChIJVVPmH6oZrjsR6lIMBIu1vVA,gmaps_v2,gym_fitness,leisure,N_A,1687847039,secondary_competitor,1528528035.0,119.0,https://www.google.com/maps/preview/review/listentitiesreviews?authuser=0&hl=en&gl=in&pb=!1m2!1y4300402912655725397!2y5818005902305546986!2m2!2i10!3sCAESBkVnSUliZw==!3e2!4m5!3b1!4b1!6b1!7b1!20b1!5m2!1sPsrQZPb9H5adseMPzOi5IA!7e81,0.06073851679364001
2615,ChIJG6G9gN0ZrjsRMhs9e4nBBcI,HEALTH BEAT FITNESS,13.067865371704102,77.63005828857422,0x3bae19dd80bda11b:0xc205c1897b3d1b32,N_A,N_A,159,4.400000095367432,https://www.google.com/maps/place/?q=place_id:ChIJG6G9gN0ZrjsRMhs9e4nBBcI,gmaps_v2,gym_fitness,leisure,N_A,1687847039,secondary_competitor,1458819003.0,164.0,https://www.google.com/maps/preview/review/listentitiesreviews?authuser=0&hl=en&gl=in&pb=!1m2!1y4300403133323780379!2y13980793414463855410!2m2!2i10!3sCAESB0VnTUlvQUU=!3e2!4m5!3b1!4b1!6b1!7b1!20b1!5m2!1sPsrQZPb9H5adseMPzOi5IA!7e81,0.059982176155935776
7857,ChIJPTJQpfYXrjsRgC38fqNBG_M,Matsya Incorporation,13.048233032226562,77.6024398803711,0x3bae17f6a550323d:0xf31b41a37efc2d80,N_A,N_A,98,4.5,https://www.google.com/maps/place/?q=place_id:ChIJPTJQpfYXrjsRgC38fqNBG_M,gmaps_v2,gym_fitness,leisure,N_A,1687847039,secondary_competitor,1546416633.0,106.0,https://www.google.com/maps/preview/review/listentitiesreviews?authuser=0&hl=en&gl=in&pb=!1m2!1y4300401042288292413!2y17517667346053606784!2m2!2i10!3sCAESBkVnSUlaQQ==!3e2!4m5!3b1!4b1!6b1!7b1!20b1!5m2!1sPsrQZPb9H5adseMPzOi5IA!7e81,0.059868314314250076
14463,ChIJh1lFBmMYrjsRtGjUTvq3gck,Om PG for Men,13.098851203918455,77.57608032226562,0x3bae186306455987:0xc981b7fa4ed468b4,N_A,N_A,127,3.799999952316284,https://www.google.com/maps/place/?q=place_id:ChIJh1lFBmMYrjsRtGjUTvq3gck,gmaps_v2,gym_fitness,leisure,N_A,1687847039,secondary_competitor,1489679788.0,153.0,https://www.google.com/maps/preview/review/listentitiesreviews?authuser=0&hl=en&gl=in&pb=!1m2!1y4300401507771439495!2y14520088959311440052!2m2!2i10!3sCAESB0VnTUlsZ0U=!3e2!4m5!3b1!4b1!6b1!7b1!20b1!5m2!1sPsrQZPb9H5adseMPzOi5IA!7e81,0.055371409476735384
14454,ChIJCSJDHGQZrjsRqA6161p_Oy0,Dr.Shivaram Karanth Nagar (SKN) Club,13.075892448425291,77.622802734375,0x3bae19641c432209:0x2d3b7f5aebb50ea8,N_A,N_A,78,4.300000190734863,https://www.google.com/maps/place/?q=place_id:ChIJCSJDHGQZrjsRqA6161p_Oy0,gmaps_v2,gym_fitness,leisure,N_A,1687847039,secondary_competitor,1564403971.0,171.0,https://www.google.com/maps/preview/review/listentitiesreviews?authuser=0&hl=en&gl=in&pb=!1m2!1y4300402611946988041!2y3259338783810981544!2m2!2i10!3sCAESB0VnTUlxZ0U=!3e2!4m5!3b1!4b1!6b1!7b1!20b1!5m2!1sPsrQZPb9H5adseMPzOi5IA!7e81,0.054593588033635065
10307,ChIJeb7Uy10YrjsRwcilxkqItvc,Shree Yoga Vijnana Kendra (SYVK),13.09739589691162,77.5875473022461,0x3bae185dcbd4be79:0xf7b6884ac6a5c8c1,N_A,N_A,151,4.900000095367432,https://www.google.com/maps/place/?q=place_id:ChIJeb7Uy10YrjsRwcilxkqItvc,gmaps_v2,gym_fitness,leisure,N_A,1687847039,secondary_competitor,1445186900.0,153.0,https://www.google.com/maps/preview/review/listentitiesreviews?authuser=0&hl=en&gl=in&pb=!1m2!1y4300401485316144761!2y17849604027871250625!2m2!2i10!3sCAESB0VnTUlsZ0U=!3e2!4m5!3b1!4b1!6b1!7b1!20b1!5m2!1sPsrQZPb9H5adseMPzOi5IA!7e81,0.0537640836017159
8074,ChIJMWlwDAAjrjsR4-YSQ_nz3V0,Chanakya's Taekwondo and Fitness Academy & Cures Foundation (R),13.075549125671388,77.55595397949219,0x3bae23000c706931:0x5dddf3f94312e6e3,N_A,N_A,91,4.900000095367432,https://www.google.com/maps/place/?q=place_id:ChIJMWlwDAAjrjsR4-YSQ_nz3V0,gmaps_v2,gym_fitness,leisure,N_A,1687847039,secondary_competitor,1540965399.0,92.0,https://www.google.com/maps/preview/review/listentitiesreviews?authuser=0&hl=en&gl=in&pb=!1m2!1y4300413177301068081!2y6763830467278071523!2m2!2i10!3sCAESBkVnSUlXZw==!3e2!4m5!3b1!4b1!6b1!7b1!20b1!5m2!1sPsrQZPb9H5adseMPzOi5IA!7e81,0.053528814084592195
4562,ChIJRVphtcMXrjsRjXCJofCL2Zw,Xtreme fitness Sanjaynagar,13.036903381347656,77.57493591308594,0x3bae17c3b5615a45:0x9cd98bf0a189708d,N_A,N_A,148,4.699999809265137,https://www.google.com/maps/place/?q=place_id:ChIJRVphtcMXrjsRjXCJofCL2Zw,gmaps_v2,gym_fitness,leisure,N_A,1687847039,secondary_competitor,1447556836.0,147.0,https://www.google.com/maps/preview/review/listentitiesreviews?authuser=0&hl=en&gl=in&pb=!1m2!1y4300400823514520133!2y11302218605481521293!2m2!2i10!3sCAESB0VnTUlqQUU=!3e2!4m5!3b1!4b1!6b1!7b1!20b1!5m2!1sPsrQZPb9H5adseMPzOi5IA!7e81,0.053215652741364576
1181,ChIJPUCsCCcYrjsR_KKjZgv9mU8,Tapasya Yogashala,13.059662818908691,77.59310150146484,0x3bae182708ac403d:0x4f99fd0b66a3a2fc,N_A,N_A,119,4.800000190734863,https://www.google.com/maps/place/?q=place_id:ChIJPUCsCCcYrjsR_KKjZgv9mU8,gmaps_v2,gym_fitness,leisure,N_A,1687847039,secondary_competitor,1492749762.0,119.0,https://www.google.com/maps/preview/review/listentitiesreviews?authuser=0&hl=en&gl=in&pb=!1m2!1y4300401250113699901!2y5735893825841505020!2m2!2i10!3sCAESBkVnSUliZw==!3e2!4m5!3b1!4b1!6b1!7b1!20b1!5m2!1sPsrQZPb9H5adseMPzOi5IA!7e81,0.05269986418108747
8066,ChIJEfiNnP8YrjsRwa9cIGG23lg,PIPS Fitness,13.104241371154783,77.60520935058594,0x3bae18ff9c8df811:0x58deb661205cafc1,N_A,N_A,114,4.099999904632568,https://www.google.com/maps/place/?q=place_id:ChIJEfiNnP8YrjsRwa9cIGG23lg,gmaps_v2,gym_fitness,leisure,N_A,1687847039,secondary_competitor,1499332731.0,118.0,https://www.google.com/maps/preview/review/listentitiesreviews?authuser=0&hl=en&gl=in&pb=!1m2!1y4300402180307679249!2y6403756248438452161!2m2!2i10!3sCAESBkVnSUliZw==!3e2!4m5!3b1!4b1!6b1!7b1!20b1!5m2!1sPsrQZPb9H5adseMPzOi5IA!7e81,0.05224855399304757
4071,ChIJIwL-JisZrjsRsAUVk7llx2M,Harry's Dance N Fitness Academy-Sahakarnagar,13.064104080200195,77.58618927001953,0x3bae192b26fe0223:0x63c765b9931505b0,N_A,N_A,75,5.0,https://www.google.com/maps/place/?q=place_id:ChIJIwL-JisZrjsRsAUVk7llx2M,gmaps_v2,gym_fitness,leisure,N_A,1687847039,secondary_competitor,1562669848.0,76.0,https://www.google.com/maps/preview/review/listentitiesreviews?authuser=0&hl=en&gl=in&pb=!1m2!1y4300402367313871395!2y7189827177831269808!2m2!2i10!3sCAESBkVnSUlSZw==!3e2!4m5!3b1!4b1!6b1!7b1!20b1!5m2!1sPsrQZPb9H5adseMPzOi5IA!7e81,0.05176661936758111
14204,ChIJKRQAdPgZrjsRNSREKltVlZQ,CrossFit Yuva,13.07029628753662,77.62275695800781,0x3bae19f874001429:0x9495555b2a442435,N_A,N_A,75,4.900000095367432,https://www.google.com/maps/place/?q=place_id:ChIJKRQAdPgZrjsRNSREKltVlZQ,gmaps_v2,gym_fitness,leisure,N_A,1687847039,secondary_competitor,1561963310.0,83.0,https://www.google.com/maps/preview/review/listentitiesreviews?authuser=0&hl=en&gl=in&pb=!1m2!1y4300403249074148393!2y10706557539182715957!2m2!2i10!3sCAESBkVnSUlVQQ==!3e2!4m5!3b1!4b1!6b1!7b1!20b1!5m2!1sPsrQZPb9H5adseMPzOi5IA!7e81,0.05147607281319097
5602,ChIJxwZ9KfEXrjsRzEtMwwkqOTE,Iron House Gym,13.050633430480955,77.57656860351562,0x3bae17f1297d06c7:0x31392a09c34c4bcc,N_A,N_A,95,4.800000190734863,https://www.google.com/maps/place/?q=place_id:ChIJxwZ9KfEXrjsRzEtMwwkqOTE,gmaps_v2,gym_fitness,leisure,N_A,1687847039,secondary_competitor,1522918106.0,97.0,https://www.google.com/maps/preview/review/listentitiesreviews?authuser=0&hl=en&gl=in&pb=!1m2!1y4300401018736019143!2y3546912402950605772!2m2!2i10!3sCAESBkVnSUlXZw==!3e2!4m5!3b1!4b1!6b1!7b1!20b1!5m2!1sPsrQZPb9H5adseMPzOi5IA!7e81,0.04976688959723034
4281,ChIJ8zqSxS4ZrjsR_tqstQZDDPI,FIT CREED,13.09257984161377,77.6009292602539,0x3bae192ec5923af3:0xf20c4306b5acdafe,N_A,N_A,70,4.599999904632568,https://www.google.com/maps/place/?q=place_id:ChIJ8zqSxS4ZrjsR_tqstQZDDPI,gmaps_v2,gym_fitness,leisure,N_A,1687847039,secondary_competitor,1564488732.0,68.0,https://www.google.com/maps/preview/review/listentitiesreviews?authuser=0&hl=en&gl=in&pb=!1m2!1y4300402382859287283!2y17441389152995957502!2m2!2i10!3sCAESBkVnSUlQQQ==!3e2!4m5!3b1!4b1!6b1!7b1!20b1!5m2!1sPsrQZPb9H5adseMPzOi5IA!7e81,0.049027910216050546
16199,ChIJg9j-UoAXrjsRYTTwFvSlmm0,Fitstop Gym and Fitness,13.055264472961426,77.60274505615234,0x3bae178052fed883:0x6d9aa5f416f03461,N_A,N_A,97,4.300000190734863,https://www.google.com/maps/place/?q=place_id:ChIJg9j-UoAXrjsRYTTwFvSlmm0,gmaps_v2,gym_fitness,leisure,N_A,1687847039,secondary_competitor,1516684208.0,103.0,https://www.google.com/maps/preview/review/listentitiesreviews?authuser=0&hl=en&gl=in&pb=!1m2!1y4300400534101088387!2y7897807364323030113!2m2!2i10!3sCAESBkVnSUlaQQ==!3e2!4m5!3b1!4b1!6b1!7b1!20b1!5m2!1sPsrQZPb9H5adseMPzOi5IA!7e81,0.04896390151434221
3772,ChIJcy3noxkYrjsRlhViKc4j9S4,Sweat Groupex,13.065821647644045,77.58085632324219,0x3bae1819a3e72d73:0x2ef523ce29621596,N_A,N_A,103,3.299999952316284,https://www.google.com/maps/place/?q=place_id:ChIJcy3noxkYrjsRlhViKc4j9S4,gmaps_v2,gym_fitness,leisure,N_A,1687847039,secondary_competitor,1495639074.0,99.0,https://www.google.com/maps/preview/review/listentitiesreviews?authuser=0&hl=en&gl=in&pb=!1m2!1y4300401192588488051!2y3383650063403324822!2m2!2i10!3sCAESBkVnSUlXZw==!3e2!4m5!3b1!4b1!6b1!7b1!20b1!5m2!1sPsrQZPb9H5adseMPzOi5IA!7e81,0.04629985026895218
16789,ChIJq5_JCMgZrjsRZanyWmPS_B8,Natyakshetra Dance Academy,13.11052703857422,77.6079330444336,0x3bae19c808c99fab:0x1ffcd2635af2a965,N_A,N_A,80,4.900000095367432,https://www.google.com/maps/place/?q=place_id:ChIJq5_JCMgZrjsRZanyWmPS_B8,gmaps_v2,gym_fitness,leisure,N_A,1687847039,secondary_competitor,1537526630.0,102.0,https://www.google.com/maps/preview/review/listentitiesreviews?authuser=0&hl=en&gl=in&pb=!1m2!1y4300403041116987307!2y2304948433476299109!2m2!2i10!3sCAESBkVnSUlaQQ==!3e2!4m5!3b1!4b1!6b1!7b1!20b1!5m2!1sPsrQZPb9H5adseMPzOi5IA!7e81,0.04598178015867426
4475,ChIJk6Kk2xsYrjsRvzaPqKperOQ,Akshar Yoga Sahakarnagar,13.06439971923828,77.5786361694336,0x3bae181bdba4a293:0xe4ac5eaaa88f36bf,aksharyoga,Akshar Yoga,114,4.5,https://www.google.com/maps/place/?q=place_id:ChIJk6Kk2xsYrjsRvzaPqKperOQ,gmaps_v2,gym_fitness,leisure,yoga,1687847039,primary_competitor,1473616742.0,116.0,https://www.google.com/maps/preview/review/listentitiesreviews?authuser=0&hl=en&gl=in&pb=!1m2!1y4300401202113585811!2y16477649223707211455!2m2!2i10!3sCAESBkVnSUliZw==!3e2!4m5!3b1!4b1!6b1!7b1!20b1!5m2!1sPsrQZPb9H5adseMPzOi5IA!7e81,0.045976690215763456
9450,ChIJz8qjl4UXrjsRttZx61Khv28,Café Coffee Day,13.049848556518556,77.5971450805664,0x3bae178597a3cacf:0x6fbfa152eb71d6b6,cafecoffeeday,Cafe Coffee Day,172,3.900000095367432,https://www.google.com/maps/place/?q=place_id:ChIJz8qjl4UXrjsRttZx61Khv28,gmaps_v2,coffee_shop,food,N_A,1699615207,anchor_competitor,1370885132.0,176.0,https://www.google.com/maps/preview/review/listentitiesreviews?authuser=0&hl=en&gl=in&pb=!1m2!1y4300400556727585487!2y8052332036271232694!2m2!2i10!3sCAESB0VnTUlxZ0U=!3e2!4m5!3b1!4b1!6b1!7b1!20b1!5m2!1sPsrQZPb9H5adseMPzOi5IA!7e81,0.04520669427645158
4345,ChIJ2dEWqEEYrjsRfeuoCK8-Qa8,Pathway Of Bbmp Park,13.083391189575195,77.5876693725586,0x3bae1841a816d1d9:0xaf413eaf08a8eb7d,N_A,N_A,100,3.900000095367432,https://www.google.com/maps/place/?q=place_id:ChIJ2dEWqEEYrjsRfeuoCK8-Qa8,gmaps_v2,gym_fitness,leisure,N_A,1687847039,secondary_competitor,1493359142.0,100.0,https://www.google.com/maps/preview/review/listentitiesreviews?authuser=0&hl=en&gl=in&pb=!1m2!1y4300401364457411033!2y12628443751609068413!2m2!2i10!3sCAESBkVnSUlXZw==!3e2!4m5!3b1!4b1!6b1!7b1!20b1!5m2!1sPsrQZPb9H5adseMPzOi5IA!7e81,0.044424358190268264
1631,ChIJAy-FMaQirjsRyqKgskWHE4U,Aadhya's Dance and Fitness World,13.078815460205078,77.55914306640625,0x3bae22a431852f03:0x85138745b2a0a2ca,N_A,N_A,81,5.0,https://www.google.com/maps/place/?q=place_id:ChIJAy-FMaQirjsRyqKgskWHE4U,gmaps_v2,gym_fitness,leisure,N_A,1687847039,secondary_competitor,1528954570.0,108.0,https://www.google.com/maps/preview/review/listentitiesreviews?authuser=0&hl=en&gl=in&pb=!1m2!1y4300412782786195203!2y9589156765021283018!2m2!2i10!3sCAESBkVnSUlaQQ==!3e2!4m5!3b1!4b1!6b1!7b1!20b1!5m2!1sPsrQZPb9H5adseMPzOi5IA!7e81,0.04404488169920753
14958,ChIJZ8RJcaYirjsR5EWkItTnFnE,Fitness 9,13.069067001342772,77.55644989013672,0x3bae22a67149c467:0x7116e7d422a445e4,N_A,N_A,94,4.5,https://www.google.com/maps/place/?q=place_id:ChIJZ8RJcaYirjsR5EWkItTnFnE,gmaps_v2,gym_fitness,leisure,N_A,1687847039,secondary_competitor,1498186507.0,93.0,https://www.google.com/maps/preview/review/listentitiesreviews?authuser=0&hl=en&gl=in&pb=!1m2!1y4300412792445977703!2y8148955474073765348!2m2!2i10!3sCAESBkVnSUlXZw==!3e2!4m5!3b1!4b1!6b1!7b1!20b1!5m2!1sPsrQZPb9H5adseMPzOi5IA!7e81,0.0428217716904854
18045,ChIJnyb6BYkYrjsR2Z9lbHicWH0,Victory Gym,13.10348415374756,77.57583618164062,0x3bae188905fa269f:0x7d589c786c659fd9,N_A,N_A,77,4.800000190734863,https://www.google.com/maps/place/?q=place_id:ChIJnyb6BYkYrjsR2Z9lbHicWH0,gmaps_v2,gym_fitness,leisure,N_A,1687847039,secondary_competitor,1525153142.0,80.0,https://www.google.com/maps/preview/review/listentitiesreviews?authuser=0&hl=en&gl=in&pb=!1m2!1y4300401670975268511!2y9032141093720137689!2m2!2i10!3sCAESBkVnSUlSZw==!3e2!4m5!3b1!4b1!6b1!7b1!20b1!5m2!1sPsrQZPb9H5adseMPzOi5IA!7e81,0.040891515432813066
1255,ChIJ6xGB_6MirjsRquElVb3kYZE,Aim Health - Fitness Supplement Store,13.07264804840088,77.55602264404297,0x3bae22a3ff8111eb:0x9161e4bd5525e1aa,N_A,N_A,87,4.900000095367432,https://www.google.com/maps/place/?q=place_id:ChIJ6xGB_6MirjsRquElVb3kYZE,gmaps_v2,gym_fitness,leisure,N_A,1687847039,secondary_competitor,1501248372.0,96.0,https://www.google.com/maps/preview/review/listentitiesreviews?authuser=0&hl=en&gl=in&pb=!1m2!1y4300412781947064811!2y10475905710068982186!2m2!2i10!3sCAESBkVnSUlXZw==!3e2!4m5!3b1!4b1!6b1!7b1!20b1!5m2!1sPsrQZPb9H5adseMPzOi5IA!7e81,0.04028324596766814
16779,ChIJacRBoBsXrjsRV_lQRMQQCOg,Asian Taekwondo Academy and fitness centre,13.02646827697754,77.5903091430664,0x3bae171ba041c469:0xe80810c44450f957,N_A,N_A,51,4.900000095367432,https://www.google.com/maps/place/?q=place_id:ChIJacRBoBsXrjsRV_lQRMQQCOg,gmaps_v2,gym_fitness,leisure,N_A,1687847039,secondary_competitor,1574765743.0,49.0,https://www.google.com/maps/preview/review/listentitiesreviews?authuser=0&hl=en&gl=in&pb=!1m2!1y4300400101605622889!2y16719632051758758231!2m2!2i10!3sCAESBkVnSUlLQQ==!3e2!4m5!3b1!4b1!6b1!7b1!20b1!5m2!1sPsrQZPb9H5adseMPzOi5IA!7e81,0.03896665634253078
3456,ChIJsZX0LZgXrjsR2NiYwuURrDg,Xtreme Bodyline Gym,13.037442207336426,77.59667205810547,0x3bae17982df495b1:0x38ac11e5c298d8d8,N_A,N_A,78,4.400000095367432,https://www.google.com/maps/place/?q=place_id:ChIJsZX0LZgXrjsR2NiYwuURrDg,gmaps_v2,gym_fitness,leisure,N_A,1687847039,secondary_competitor,1508168931.0,81.0,https://www.google.com/maps/preview/review/listentitiesreviews?authuser=0&hl=en&gl=in&pb=!1m2!1y4300400636558874033!2y4083658640628177112!2m2!2i10!3sCAESBkVnSUlVQQ==!3e2!4m5!3b1!4b1!6b1!7b1!20b1!5m2!1sPsrQZPb9H5adseMPzOi5IA!7e81,0.03750707348276396
3693,ChIJQ5gSSbgZrjsR-hgG7UDNdbc,Arivu School of Yoga,13.06264305114746,77.60926818847656,0x3bae19b849129843:0xb775cd40ed0618fa,N_A,N_A,55,5.0,https://www.google.com/maps/place/?q=place_id:ChIJQ5gSSbgZrjsR-hgG7UDNdbc,gmaps_v2,gym_fitness,leisure,N_A,1687847039,secondary_competitor,1559448399.0,60.0,https://www.google.com/maps/preview/review/listentitiesreviews?authuser=0&hl=en&gl=in&pb=!1m2!1y4300402973476034627!2y13219697959954159866!2m2!2i10!3sCAESBkVnSUlNZw==!3e2!4m5!3b1!4b1!6b1!7b1!20b1!5m2!1sPsrQZPb9H5adseMPzOi5IA!7e81,0.03700973779784583
9798,ChIJAwY-xNwZrjsResXk5sCIzEU,Reckon Dance Zumba & Fitness Studio LLP,13.06902313232422,77.62474822998047,0x3bae19dcc43e0603:0x45cc88c0e6e4c57a,N_A,N_A,74,4.800000190734863,https://www.google.com/maps/place/?q=place_id:ChIJAwY-xNwZrjsResXk5sCIzEU,gmaps_v2,gym_fitness,leisure,N_A,1687847039,secondary_competitor,1511779133.0,74.0,https://www.google.com/maps/preview/review/listentitiesreviews?authuser=0&hl=en&gl=in&pb=!1m2!1y4300403130161300995!2y5029545245954852218!2m2!2i10!3sCAESBkVnSUlSZw==!3e2!4m5!3b1!4b1!6b1!7b1!20b1!5m2!1sPsrQZPb9H5adseMPzOi5IA!7e81,0.03631326199790211
8009,ChIJ-UYOkBIjrjsRrF4-karYs7E,Thunder Martial Arts,13.07729434967041,77.55839538574219,0x3bae2312900e46f9:0xb1b3d8aa913e5eac,N_A,N_A,58,5.0,https://www.google.com/maps/place/?q=place_id:ChIJ-UYOkBIjrjsRrF4-karYs7E,gmaps_v2,gym_fitness,leisure,N_A,1687847039,secondary_competitor,1547910247.0,64.0,https://www.google.com/maps/preview/review/listentitiesreviews?authuser=0&hl=en&gl=in&pb=!1m2!1y4300413256818640633!2y12804816392637275820!2m2!2i10!3sCAESBkVnSUlQQQ==!3e2!4m5!3b1!4b1!6b1!7b1!20b1!5m2!1sPsrQZPb9H5adseMPzOi5IA!7e81,0.03581045362251837
6456,ChIJazOofjEXrjsRp-mVX6QKH0w,Laasya Academy Of Dance Bangalore,13.038265228271484,77.57707214355469,0x3bae17317ea8336b:0x4c1f0aa45f95e9a7,N_A,N_A,64,4.900000095367432,https://www.google.com/maps/place/?q=place_id:ChIJazOofjEXrjsRp-mVX6QKH0w,gmaps_v2,gym_fitness,leisure,N_A,1687847039,secondary_competitor,1529473106.0,69.0,https://www.google.com/maps/preview/review/listentitiesreviews?authuser=0&hl=en&gl=in&pb=!1m2!1y4300400195531191147!2y5485114572255127975!2m2!2i10!3sCAESBkVnSUlQQQ==!3e2!4m5!3b1!4b1!6b1!7b1!20b1!5m2!1sPsrQZPb9H5adseMPzOi5IA!7e81,0.03491483664802338
3752,ChIJBeKDd4EXrjsRUQ1lKJz45iQ,Vivekananda School of Yoga,13.053174018859863,77.6046371459961,0x3bae17817783e205:0x24e6f89c28650d51,N_A,N_A,82,4.800000190734863,https://www.google.com/maps/place/?q=place_id:ChIJBeKDd4EXrjsRUQ1lKJz45iQ,gmaps_v2,gym_fitness,leisure,N_A,1687847039,secondary_competitor,1477585575.0,92.0,https://www.google.com/maps/preview/review/listentitiesreviews?authuser=0&hl=en&gl=in&pb=!1m2!1y4300400539008754181!2y2659085979585154385!2m2!2i10!3sCAESBkVnSUlXZw==!3e2!4m5!3b1!4b1!6b1!7b1!20b1!5m2!1sPsrQZPb9H5adseMPzOi5IA!7e81,0.03369519009912344
8210,ChIJxU93_W4ZrjsRCK2zUD--g8E,SukhoThai Spa,13.063847541809082,77.58827209472656,0x3bae196efd774fc5:0xc183be3f50b3ad08,sukhothai,sukhothai,53,3.799999952316284,https://www.google.com/maps/place/?q=place_id:ChIJxU93_W4ZrjsRCK2zUD--g8E,gmaps_v2,gym_fitness,leisure,N_A,1687847039,secondary_competitor,1549123860.0,70.0,https://www.google.com/maps/preview/review/listentitiesreviews?authuser=0&hl=en&gl=in&pb=!1m2!1y4300402658674954181!2y13944198050415357192!2m2!2i10!3sCAESBkVnSUlQQQ==!3e2!4m5!3b1!4b1!6b1!7b1!20b1!5m2!1sPsrQZPb9H5adseMPzOi5IA!7e81,0.03300962415228388
15118,ChIJXyPkC2QYrjsRmX0t_esJru8,Bendre BBMP Park,13.096135139465332,77.57803344726562,0x3bae18640be4235f:0xefae09ebfd2d7d99,N_A,N_A,76,4.199999809265137,https://www.google.com/maps/place/?q=place_id:ChIJXyPkC2QYrjsRmX0t_esJru8,gmaps_v2,gym_fitness,leisure,N_A,1687847039,secondary_competitor,1487652835.0,76.0,https://www.google.com/maps/preview/review/listentitiesreviews?authuser=0&hl=en&gl=in&pb=!1m2!1y4300401512160699231!2y17270752530182012313!2m2!2i10!3sCAESBkVnSUlSZw==!3e2!4m5!3b1!4b1!6b1!7b1!20b1!5m2!1sPsrQZPb9H5adseMPzOi5IA!7e81,0.032800150397960574
14773,ChIJk-uHp6kirjsRCzILrwzbSwc,Spartans Gym,13.063501358032228,77.5593032836914,0x3bae22a9a787eb93:0x74bdb0caf0b320b,N_A,N_A,73,4.0,https://www.google.com/maps/place/?q=place_id:ChIJk-uHp6kirjsRCzILrwzbSwc,gmaps_v2,gym_fitness,leisure,N_A,1687847039,secondary_competitor,1493149952.0,78.0,https://www.google.com/maps/preview/review/listentitiesreviews?authuser=0&hl=en&gl=in&pb=!1m2!1y4300412806240922515!2y525754629041631755!2m2!2i10!3sCAESBkVnSUlSZw==!3e2!4m5!3b1!4b1!6b1!7b1!20b1!5m2!1sPsrQZPb9H5adseMPzOi5IA!7e81,0.032394937680808755
18046,ChIJWf6ciiEYrjsRUXCXaPMBqDE,Yug Yoga/Adityaa Fitness World,13.064820289611816,77.58382415771484,0x3bae18218a9cfe59:0x31a801f368977051,N_A,N_A,62,4.699999809265137,https://www.google.com/maps/place/?q=place_id:ChIJWf6ciiEYrjsRUXCXaPMBqDE,gmaps_v2,gym_fitness,leisure,N_A,1687847039,secondary_competitor,1503042706.0,64.0,https://www.google.com/maps/preview/review/listentitiesreviews?authuser=0&hl=en&gl=in&pb=!1m2!1y4300401226523934297!2y3578112048889294929!2m2!2i10!3sCAESBkVnSUlQQQ==!3e2!4m5!3b1!4b1!6b1!7b1!20b1!5m2!1sPsrQZPb9H5adseMPzOi5IA!7e81,0.028986333345333414
2868,ChIJe-aqWFUYrjsRRmfmJY64tO0,SOBHA Palm Court (Apartments in Yelahanka),13.103965759277344,77.60665130615234,0x3bae185558aae67b:0xedb4b88e25e66746,N_A,N_A,68,4.0,https://www.google.com/maps/place/?q=place_id:ChIJe-aqWFUYrjsRRmfmJY64tO0,gmaps_v2,gym_fitness,leisure,N_A,1687847039,secondary_competitor,1480227990.0,72.0,https://www.google.com/maps/preview/review/listentitiesreviews?authuser=0&hl=en&gl=in&pb=!1m2!1y4300401449024284283!2y17128518203457562438!2m2!2i10!3sCAESBkVnSUlSZw==!3e2!4m5!3b1!4b1!6b1!7b1!20b1!5m2!1sPsrQZPb9H5adseMPzOi5IA!7e81,0.028297981463155628
5924,ChIJCwBPJSIYrjsRfEpzrR0Q99o,"Cult Sahakar Nagar - Gyms in Sahakar Nagar, Bangalore",13.063674926757812,77.58692932128906,0x3bae1822254f000b:0xdaf7101dad734a7c,cult,Cult.fit,52,4.199999809265137,https://www.google.com/maps/place/?q=place_id:ChIJCwBPJSIYrjsRfEpzrR0Q99o,gmaps_v2,gym_fitness,leisure,N_A,1687847039,primary_competitor,1526789379.0,147.0,https://www.google.com/maps/preview/review/listentitiesreviews?authuser=0&hl=en&gl=in&pb=!1m2!1y4300401229119291403!2y15778097539165932156!2m2!2i10!3sCAESB0VnTUlqQUU=!3e2!4m5!3b1!4b1!6b1!7b1!20b1!5m2!1sPsrQZPb9H5adseMPzOi5IA!7e81,0.02789559962562476
18638,ChIJcdf6D0EYrjsRwQoWTp7yEUk,SWAMI VIVEKANANDA YOGA RESEARCH.,13.084760665893556,77.58870697021484,0x3bae18410ffad771:0x4911f29e4e160ac1,N_A,N_A,62,4.699999809265137,https://www.google.com/maps/place/?q=place_id:ChIJcdf6D0EYrjsRwQoWTp7yEUk,gmaps_v2,gym_fitness,leisure,N_A,1687847039,secondary_competitor,1492189524.0,64.0,https://www.google.com/maps/preview/review/listentitiesreviews?authuser=0&hl=en&gl=in&pb=!1m2!1y4300401361905440625!2y5265256201101642433!2m2!2i10!3sCAESBkVnSUlQQQ==!3e2!4m5!3b1!4b1!6b1!7b1!20b1!5m2!1sPsrQZPb9H5adseMPzOi5IA!7e81,0.02737845259866456
1090,ChIJdeecmVMWrjsRPIm42tyyU8E,"Anil Balloon Decorations - Balloon Decoration, Birthday, Naming ceremony, surprise, balloon,",13.108946800231934,77.58058166503906,0x3bae1653999ce775:0xc153b2dcdab8893c,N_A,N_A,59,4.699999809265137,https://www.google.com/maps/place/?q=place_id:ChIJdeecmVMWrjsRPIm42tyyU8E,gmaps_v2,gym_fitness,leisure,N_A,1687847039,secondary_competitor,1500796487.0,59.0,https://www.google.com/maps/preview/review/listentitiesreviews?authuser=0&hl=en&gl=in&pb=!1m2!1y4300399242500695925!2y13930674734019152188!2m2!2i10!3sCAESBkVnSUlNZw==!3e2!4m5!3b1!4b1!6b1!7b1!20b1!5m2!1sPsrQZPb9H5adseMPzOi5IA!7e81,0.027252525830557293
18551,ChIJb2v7d4UXrjsRkQcKwlN2Bd0,Gryphon Fitness,13.04930591583252,77.59716796875,0x3bae178577fb6b6f:0xdd057653c20a0791,N_A,N_A,58,4.400000095367432,https://www.google.com/maps/place/?q=place_id:ChIJb2v7d4UXrjsRkQcKwlN2Bd0,gmaps_v2,gym_fitness,leisure,N_A,1687847039,secondary_competitor,1498490371.0,58.0,https://www.google.com/maps/preview/review/listentitiesreviews?authuser=0&hl=en&gl=in&pb=!1m2!1y4300400556196457327!2y15926265759375427473!2m2!2i10!3sCAESBkVnSUlNZw==!3e2!4m5!3b1!4b1!6b1!7b1!20b1!5m2!1sPsrQZPb9H5adseMPzOi5IA!7e81,0.02646434399658955
17013,ChIJGRA-MIIXrjsRyZ-D9ZGwqd8,Centurion Fitness Centre,13.051750183105469,77.6054458618164,0x3bae1782303e1019:0xdfa9b091f5839fc9,N_A,N_A,67,4.300000190734863,https://www.google.com/maps/place/?q=place_id:ChIJGRA-MIIXrjsRyZ-D9ZGwqd8,gmaps_v2,gym_fitness,leisure,N_A,1687847039,secondary_competitor,1460082127.0,72.0,https://www.google.com/maps/preview/review/listentitiesreviews?authuser=0&hl=en&gl=in&pb=!1m2!1y4300400542107963417!2y16116606882457821129!2m2!2i10!3sCAESBkVnSUlSZw==!3e2!4m5!3b1!4b1!6b1!7b1!20b1!5m2!1sPsrQZPb9H5adseMPzOi5IA!7e81,0.02541567947919915
3029,ChIJK67mniYYrjsRIaN12bRDAPM,Smith Gym,13.06350040435791,77.58639526367188,0x3bae18269ee6ae2b:0xf30043b4d975a321,N_A,N_A,58,4.599999904632568,https://www.google.com/maps/place/?q=place_id:ChIJK67mniYYrjsRIaN12bRDAPM,gmaps_v2,gym_fitness,leisure,N_A,1687847039,secondary_competitor,1490376754.0,61.0,https://www.google.com/maps/preview/review/listentitiesreviews?authuser=0&hl=en&gl=in&pb=!1m2!1y4300401248339144235!2y17510069795238028065!2m2!2i10!3sCAESBkVnSUlQQQ==!3e2!4m5!3b1!4b1!6b1!7b1!20b1!5m2!1sPsrQZPb9H5adseMPzOi5IA!7e81,0.025376982668556942
8866,ChIJhSHfUfQXrjsRQUCCZQfo_88,Café Coffee Day Value Express,13.05370807647705,77.58129119873047,0x3bae17f451df2185:0xcfffe80765824041,cafecoffeeday,Cafe Coffee Day,31,4.0,https://www.google.com/maps/place/?q=place_id:ChIJhSHfUfQXrjsRQUCCZQfo_88,gmaps_v2,coffee_shop,food,N_A,1687847039,anchor_competitor,1508241757.0,32.0,https://www.google.com/maps/preview/review/listentitiesreviews?authuser=0&hl=en&gl=in&pb=!1m2!1y4300401032298439045!2y14987953203377750081!2m2!2i10!3sCAESBkVnSUlIZw==!3e2!4m5!3b1!4b1!6b1!7b1!20b1!5m2!1sPsrQZPb9H5adseMPzOi5IA!7e81,0.014912701732235247
11411,ChIJ2Sihp3EXrjsR-4_WxMJxdsE,Café Coffee Day,13.043622016906738,77.61663818359375,0x3bae1771a7a128d9:0xc17671c2c4d68ffb,cafecoffeeday,Cafe Coffee Day,36,3.5999999046325684,https://www.google.com/maps/place/?q=place_id:ChIJ2Sihp3EXrjsR-4_WxMJxdsE,gmaps_v2,coffee_shop,food,N_A,1699615207,anchor_competitor,1485326662.0,38.0,https://www.google.com/maps/preview/review/listentitiesreviews?authuser=0&hl=en&gl=in&pb=!1m2!1y4300400471096502489!2y13940454777911939067!2m2!2i10!3sCAESBkVnSUlIZw==!3e2!4m5!3b1!4b1!6b1!7b1!20b1!5m2!1sPsrQZPb9H5adseMPzOi5IA!7e81,0.014515008256740928
4088,ChIJ4eNtYr4XrjsRvg9OhWWAmdY,Art of living Yoga and Meditation Centre,13.055352210998535,77.60167694091797,0x3bae17be626de3e1:0xd6998065854e0fbe,artofliving,Art of Living,16,5.0,https://www.google.com/maps/place/?q=place_id:ChIJ4eNtYr4XrjsRvg9OhWWAmdY,gmaps_v2,gym_fitness,leisure,wellness_centre,1687847039,primary_competitor,0.0,0.0,,0.0008190315639141279
16020,ChIJx1_vefAXrjsRR-fSMYxejr4,Akshar Yoga,13.047703742980955,77.57445526123047,0x3bae17f079ef5fc7:0xbe8e5e8c31d2e747,aksharyoga,Akshar Yoga,14,4.0,https://www.google.com/maps/place/?q=place_id:ChIJx1_vefAXrjsRR-fSMYxejr4,gmaps_v2,gym_fitness,leisure,yoga,1687847039,primary_competitor,0.0,0.0,,0.0007166526184248619
1365,ChIJzaUnCJIZrjsRFsxFJULb3j8,Starbucks Coffee,13.101969718933104,77.58635711669922,0x3bae19920827a5cd:0x3fdedb422545cc16,starbucks,Starbucks,7,4.900000095367432,https://www.google.com/maps/place/?q=place_id:ChIJzaUnCJIZrjsRFsxFJULb3j8,gmaps_v2,coffee_shop,food,N_A,1687847039,anchor_competitor,0.0,0.0,,0.00035832630921243095
3676,ChIJE4S36f0ZrjsRRO-387oM9wM,Leaf Yoga Teacher Training School,13.11612606048584,77.60730743408203,0x3bae19fde9b78413:0x3f70cbaf3b7ef44,leafyogavillage,Leaf Yoga Village,7,5.0,https://www.google.com/maps/place/?q=place_id:ChIJE4S36f0ZrjsRRO-387oM9wM,gmaps_v2,gym_fitness,leisure,yoga,1687847039,primary_competitor,0.0,0.0,,0.00035832630921243095
3846,ChIJkeVDyRgYrjsR7eiP5X7P1EI,Yoga & Meditation Center,13.063069343566896,77.58323669433594,0x3bae1818c943e591:0x42d4cf7ee58fe8ed,artofliving,Art of Living,7,4.400000095367432,https://www.google.com/maps/place/?q=place_id:ChIJkeVDyRgYrjsR7eiP5X7P1EI,gmaps_v2,gym_fitness,leisure,wellness_centre,1687847039,primary_competitor,0.0,0.0,,0.00035832630921243095
11682,ChIJE8R9PncWrjsRLJJsRE4W-eA,Art Of Living Yoga & Meditation Center,13.042614936828612,77.5762710571289,0x3bae16773e7dc413:0xe0f9164e446c922c,artofliving,Art of Living,6,3.799999952316284,https://www.google.com/maps/place/?q=place_id:ChIJE8R9PncWrjsRLJJsRE4W-eA,gmaps_v2,gym_fitness,leisure,wellness_centre,1687847039,primary_competitor,0.0,0.0,,0.000307136836467798
13762,ChIJ0awHSCwZrjsRgqesu7xMY-w,MIND.FIT,13.063773155212402,77.58525848388672,0x3bae192c4807acd1:0xec634cbcbbaca782,cure,Cult.fit,6,4.800000190734863,https://www.google.com/maps/place/?q=place_id:ChIJ0awHSCwZrjsRgqesu7xMY-w,gmaps_v2,gym_fitness,leisure,N_A,1687847039,primary_competitor,0.0,0.0,,0.000307136836467798
5070,ChIJD9W_IdMXrjsRgh87MOMCFC8,Aditya Yoga Classes,13.04082202911377,77.61266326904297,0x3bae17d321bfd50f:0x2f1402e3303b1f82,adithyayoga,Adithya Yoga,4,4.800000190734863,https://www.google.com/maps/place/?q=place_id:ChIJD9W_IdMXrjsRgh87MOMCFC8,gmaps_v2,gym_fitness,leisure,yoga,1687847039,primary_competitor,0.0,0.0,,0.00020475789097853197
1026,ChIJ7W0-PpgXrjsRdrj74UddmMg,SPYSS Vidyanjali Academy for Learning School Branch,13.036426544189451,77.5980224609375,0x3bae17983e3e6ded:0xc8985d47e1fbb876,spyss,Shri Pathanjali Yoga Shikshana Samiti,3,4.300000190734863,https://www.google.com/maps/place/?q=place_id:ChIJ7W0-PpgXrjsRdrj74UddmMg,gmaps_v2,gym_fitness,leisure,N_A,1687847039,primary_competitor,0.0,0.0,,0.000153568418233899
1240,ChIJM2Uq2RUZrjsR-ReVa6yqz0A,The Art of living Happiness Center,13.093897819519045,77.5885238647461,0x3bae1915d92a6533:0x40cfaaac6b9517f9,artofliving,Art of Living,2,3.0,https://www.google.com/maps/place/?q=place_id:ChIJM2Uq2RUZrjsR-ReVa6yqz0A,gmaps_v2,gym_fitness,leisure,wellness_centre,1687847039,primary_competitor,0.0,0.0,,0.00010237894548926598
1555,ChIJBWZ02cEXrjsRFbV-0L6q_0U,Adithya Yoga Classes,13.04385757446289,77.57756042480469,0x3bae17c1d9746605:0x45ffaabed07eb515,adithyayoga,Adithya Yoga,2,5.0,https://www.google.com/maps/place/?q=place_id:ChIJBWZ02cEXrjsRFbV-0L6q_0U,gmaps_v2,gym_fitness,leisure,yoga,1687847039,primary_competitor,0.0,0.0,,0.00010237894548926598
18106,ChIJQ8f9CdAXrjsRC6xWPsVjjUs,Akshar Yoga,13.047855377197266,77.57904815673828,0x3bae17d009fdc743:0x4b8d63c53e56ac0b,aksharyoga,Akshar Yoga,1,5.0,https://www.google.com/maps/place/?q=place_id:ChIJQ8f9CdAXrjsRC6xWPsVjjUs,gmaps_v2,gym_fitness,leisure,yoga,1687847039,primary_competitor,0.0,0.0,,5.118947274463299e-05
14693,ChIJb50po4gZrjsRnnhk2ai3QCY,Surya Yoga Classes,13.068161010742188,77.63302612304688,0x3bae1988a3299d6f:0x2640b7a8d964789e,suryasyoga,Surya's Yoga,1,5.0,https://www.google.com/maps/place/?q=place_id:ChIJb50po4gZrjsRnnhk2ai3QCY,gmaps_v2,gym_fitness,leisure,yoga,1687847039,primary_competitor,0.0,0.0,,5.118947274463299e-05
14796,ChIJ2yxWb-oXrjsR6jeSckcdMhg,Café Coffee Day,13.04368495941162,77.58147430419922,0x3bae17ea6f562cdb:0x18321d47729237ea,cafecoffeeday,Cafe Coffee Day,1,4.0,https://www.google.com/maps/place/?q=place_id:ChIJ2yxWb-oXrjsR6jeSckcdMhg,gmaps_v2,coffee_shop,food,N_A,1699615207,anchor_competitor,0.0,0.0,,5.083503586232622e-05
4779,ChIJibhrrgwZrjsR0APv8HW2P7I,The Art of Living Yoga and Meditation Center,13.057143211364746,77.5745849609375,0x3bae190cae6bb889:0xb23fb675f0ef03d0,artofliving,Art of Living,0,0.0,https://www.google.com/maps/place/?q=place_id:ChIJibhrrgwZrjsR0APv8HW2P7I,gmaps_v2,gym_fitness,leisure,wellness_centre,1687847039,primary_competitor,0.0,0.0,,0.0
4910,ChIJGXzrmrkZrjsRHMRUgdoRF1M,SPYSS YOGA,13.06584644317627,77.56997680664062,0x3bae19b99aeb7c19:0x531711da8154c41c,spyss,Shri Pathanjali Yoga Shikshana Samiti,0,0.0,https://www.google.com/maps/place/?q=place_id:ChIJGXzrmrkZrjsRHMRUgdoRF1M,gmaps_v2,gym_fitness,leisure,N_A,1687847039,primary_competitor,0.0,0.0,,0.0
123,ChIJn-Fau8sZrjsRvZSl15_ExCs,The Art Of Living Happiness Center,13.063152313232422,77.58309936523438,0x3bae19cbbb5ae19f:0x2bc4c49fd7a594bd,artofliving,Art of Living,0,0.0,https://www.google.com/maps/place/?q=place_id:ChIJn-Fau8sZrjsRvZSl15_ExCs,gmaps_v2,gym_fitness,leisure,wellness_centre,1695212099,primary_competitor,0.0,0.0,,0.0
8189,ChIJSfpYgP0XrjsRt8fpIdwgyqU,Cult Gym Thanisandra,13.044161796569824,77.62596130371094,0x3bae17fd8058fa49:0xa5ca20dc21e9c7b7,cult,Cult.fit,0,0.0,https://www.google.com/maps/place/?q=place_id:ChIJSfpYgP0XrjsRt8fpIdwgyqU,gmaps_v2,gym_fitness,leisure,N_A,1687847039,primary_competitor,0.0,0.0,,0.0
9440,ChIJsU71OV4YrjsRiWGblzGb0qo,Heart Beat Gym,13.098801612854004,77.58587646484375,0x3bae185e39f54eb1:0xaad29b31979b6189,N_A,N_A,337,4.599999904632568,https://www.google.com/maps/place/?q=place_id:ChIJsU71OV4YrjsRiWGblzGb0qo,gmaps_v2,gym_fitness,leisure,N_A,1687847039,secondary_competitor,,,,
