id,name,lat,lng,cid,brand_id,brand_name,number_of_votes,place_url,source,category,top_category,type,created_at,date,number_of_reviews,url,reviews_per_day
18987973,Leon's Burgers & Wings,13.0636782501,77.5906413049,18987973,zomato_leon's_burgers_&_wings,Leon's Burgers & Wings,20000,,zomato,restaurant,food,N_A,1688639100,1550687400,3291,,6.263061636790268
ChIJNXFsbXYZrjsRp6dF5uGwxoM,Brahmins Thatte Idli,13.063724517822266,77.58535766601562,0x3bae19766d6c7135:0x83c6b0e1e645a7a7,N_A,N_A,4810,https://www.google.com/maps/place/?q=place_id:ChIJNXFsbXYZrjsRp6dF5uGwxoM,gmaps_v2,restaurant,food,N_A,1699615207,1545227644,4924,https://www.google.com/maps/preview/review/listentitiesreviews?authuser=0&hl=en&gl=in&pb=!1m2!1y4300402690618061109!2y9495471348634724263!2m2!2i10!3sCAESB0VnTUl1Q1k=!3e2!4m5!3b1!4b1!6b1!7b1!20b1!5m2!1sPsrQZPb9H5adseMPzOi5IA!7e81,2.691823045357611
ChIJ_RaZYi4ZrjsRxzFEJFBfuUw,And It Was Called Yellow Modernist Desi Kitchen + Bar,13.063642501831056,77.59066009521484,0x3bae192e629916fd:0x4cb95f50244431c7,N_A,N_A,1690,https://www.google.com/maps/place/?q=place_id:ChIJ_RaZYi4ZrjsRxzFEJFBfuUw,gmaps_v2,restaurant,food,N_A,1699615207,1632210199,1770,https://www.google.com/maps/preview/review/listentitiesreviews?authuser=0&hl=en&gl=in&pb=!1m2!1y4300402381198792445!2y5528554815384465863!2m2!2i10!3sCAESB0VnTUk0QTA=!3e2!4m5!3b1!4b1!6b1!7b1!20b1!5m2!1sPsrQZPb9H5adseMPzOi5IA!7e81,2.166248537497392
ChIJ3RzV5SMYrjsRwLqBIvIjV6I,McDonald's,13.063653945922852,77.58956909179688,0x3bae1823e5d51cdd:0xa25723f22281bac0,mcdelivery,McDonald's,5917,https://www.google.com/maps/place/?q=place_id:ChIJ3RzV5SMYrjsRwLqBIvIjV6I,gmaps_v2,restaurant,food,N_A,1699615207,1449197739,6033,https://www.google.com/maps/preview/review/listentitiesreviews?authuser=0&hl=en&gl=in&pb=!1m2!1y4300401236644273373!2y11697858079986137792!2m2!2i10!3sCAESB0VnTUlqaTg=!3e2!4m5!3b1!4b1!6b1!7b1!20b1!5m2!1sPsrQZPb9H5adseMPzOi5IA!7e81,2.041506146048885
ChIJZeXk--gZrjsRXAVsFngroCM,Watson's Sahakara Nagar,13.063678741455078,77.59066772460938,0x3bae19e8fbe4e565:0x23a02b78166c055c,N_A,N_A,3090,https://www.google.com/maps/place/?q=place_id:ChIJZeXk--gZrjsRXAVsFngroCM,gmaps_v2,restaurant,food,N_A,1699615207,1553610224,3199,https://www.google.com/maps/preview/review/listentitiesreviews?authuser=0&hl=en&gl=in&pb=!1m2!1y4300403182634591589!2y2567099582373430620!2m2!2i10!3sCAESB0VnTUk5aGc=!3e2!4m5!3b1!4b1!6b1!7b1!20b1!5m2!1sPsrQZPb9H5adseMPzOi5IA!7e81,1.828540331394032
ChIJC9hpo8gZrjsRfZMveLImOjU,Glen’s Bakehouse Sahakarnagar,13.062774658203123,77.58714294433594,0x3bae19c8a369d80b:0x353a26b2782f937d,N_A,N_A,729,https://www.google.com/maps/place/?q=place_id:ChIJC9hpo8gZrjsRfZMveLImOjU,gmaps_v2,restaurant,food,N_A,1699615207,1664897635,922,https://www.google.com/maps/preview/review/listentitiesreviews?authuser=0&hl=en&gl=in&pb=!1m2!1y4300403043711178763!2y3835420580621816701!2m2!2i10!3sCAESB0VnTUltQWM=!3e2!4m5!3b1!4b1!6b1!7b1!20b1!5m2!1sPsrQZPb9H5adseMPzOi5IA!7e81,1.8142282530587104
ChIJtXy7TwgZrjsROQG-QZlsh_Y,Restaurant1179,13.063921928405762,77.58812713623047,0x3bae19084fbb7cb5:0xf6876c9941be0139,N_A,N_A,1723,https://www.google.com/maps/place/?q=place_id:ChIJtXy7TwgZrjsROQG-QZlsh_Y,gmaps_v2,restaurant,food,N_A,1699615207,1610391866,1744,https://www.google.com/maps/preview/review/listentitiesreviews?authuser=0&hl=en&gl=in&pb=!1m2!1y4300402217673522357!2y17764286660674978105!2m2!2i10!3sCAESB0VnTUl6QTA=!3e2!4m5!3b1!4b1!6b1!7b1!20b1!5m2!1sPsrQZPb9H5adseMPzOi5IA!7e81,1.6684782068405173
ChIJ-3GTzyMYrjsRBzGkgTGYO8k,Poorvika Mobiles Sahakar Nagar,13.063858032226562,77.58838653564453,0x3bae1823cf9371fb:0xc93b983181a43107,poorvika,Poorvika,2657,https://www.google.com/maps/place/?q=place_id:ChIJ-3GTzyMYrjsRBzGkgTGYO8k,gmaps_v2,electronic_store,retail,N_A,1695212099,1508213831,2823,https://www.google.com/maps/preview/review/listentitiesreviews?authuser=0&hl=en&gl=in&pb=!1m2!1y4300401236270871035!2y14500350763645284615!2m2!2i10!3sCAESB0VnTUloQlk=!3e2!4m5!3b1!4b1!6b1!7b1!20b1!5m2!1sPsrQZPb9H5adseMPzOi5IA!7e81,1.2276306216911057
ChIJ4-00svwZrjsR9C6PyDQQTbQ,"KFC RESTAURANT, SAHAKAR NAGAR",13.06361198425293,77.59078979492188,0x3bae19fcb234ede3:0xb44d1034c88f2ef4,N_A,N_A,441,https://www.google.com/maps/place/?q=place_id:ChIJ4-00svwZrjsR9C6PyDQQTbQ,gmaps_v2,restaurant,food,N_A,1699615207,1664717127,479,https://www.google.com/maps/preview/review/listentitiesreviews?authuser=0&hl=en&gl=in&pb=!1m2!1y4300403267297668579!2y12992058318922919668!2m2!2i10!3sCAESB0VnTUkxZ00=!3e2!4m5!3b1!4b1!6b1!7b1!20b1!5m2!1sPsrQZPb9H5adseMPzOi5IA!7e81,1.09181937802882
ChIJb1-oifgZrjsR_Fb0fPtcqTI,NH8 Restaurant,13.063904762268066,77.58863067626953,0x3bae19f889a85f6f:0x32a95cfb7cf456fc,N_A,N_A,1846,https://www.google.com/maps/place/?q=place_id:ChIJb1-oifgZrjsR_Fb0fPtcqTI,gmaps_v2,restaurant,food,N_A,1699615207,1551444891,1879,https://www.google.com/maps/preview/review/listentitiesreviews?authuser=0&hl=en&gl=in&pb=!1m2!1y4300403249437499247!2y3650551208163432188!2m2!2i10!3sCAESB0VnTUl6ZzQ=!3e2!4m5!3b1!4b1!6b1!7b1!20b1!5m2!1sPsrQZPb9H5adseMPzOi5IA!7e81,1.0764261311287209
ChIJ6abTcUIZrjsRimRSSUXIPwU,SBTC Davangere benne dose,13.061952590942385,77.58781433105469,0x3bae194271d3a6e9:0x53fc8454952648a,N_A,N_A,1920,https://www.google.com/maps/place/?q=place_id:ChIJ6abTcUIZrjsRimRSSUXIPwU,gmaps_v2,restaurant,food,N_A,1699615207,1545454578,2005,https://www.google.com/maps/preview/review/listentitiesreviews?authuser=0&hl=en&gl=in&pb=!1m2!1y4300402467353634537!2y378241093630846090!2m2!2i10!3sCAESB0VnTUkwQTg=!3e2!4m5!3b1!4b1!6b1!7b1!20b1!5m2!1sPsrQZPb9H5adseMPzOi5IA!7e81,1.0760724127559185
ChIJX_Rvz68ZrjsREXE9SGZO3VU,Cafe Rome,13.060606956481934,77.5896224975586,0x3bae19afcf6ff45f:0x55dd4e66483d7111,N_A,N_A,1347,https://www.google.com/maps/place/?q=place_id:ChIJX_Rvz68ZrjsREXE9SGZO3VU,gmaps_v2,coffee_shop,food,N_A,1687847039,1577621925,1536,https://www.google.com/maps/preview/review/listentitiesreviews?authuser=0&hl=en&gl=in&pb=!1m2!1y4300402937075594335!2y6187187664282546449!2m2!2i10!3sCAESB0VnTUktZ3M=!3e2!4m5!3b1!4b1!6b1!7b1!20b1!5m2!1sPsrQZPb9H5adseMPzOi5IA!7e81,1.055846492479019
ChIJJ6_LbZsZrjsRp64y0s1maGs,Starbucks,13.060235023498535,77.5875473022461,0x3bae199b6dcbaf27:0x6b6866cdd232aea7,starbucks,Starbucks,363,https://www.google.com/maps/place/?q=place_id:ChIJJ6_LbZsZrjsRp64y0s1maGs,gmaps_v2,coffee_shop,food,N_A,1687847039,1657695801,579,https://www.google.com/maps/preview/review/listentitiesreviews?authuser=0&hl=en&gl=in&pb=!1m2!1y4300402849538092839!2y7739548993817063079!2m2!2i10!3sCAESB0VnTUl1Z1E=!3e2!4m5!3b1!4b1!6b1!7b1!20b1!5m2!1sPsrQZPb9H5adseMPzOi5IA!7e81,1.0401960941039967
19013257,NH8,13.0637906001,77.5884556398,19013257,zomato_nh8,NH8,3252,,zomato,restaurant,food,N_A,1688639100,1552761000,1974,,1.0339149575980235
19296961,Chaatimes,13.063403781,77.5862376445,19296961,N_A,N_A,2386,,zomato,restaurant,food,N_A,1688639100,1578940200,406,,0.9396192669206346
ChIJY12GqrEZrjsRGcjR-X3RPIU,Third Wave Coffee,13.061092376708984,77.58721923828125,0x3bae19b1aa865d63:0x853cd17df9d1c819,thirdwavecoffee,Third Wave Coffee,142,https://www.google.com/maps/place/?q=place_id:ChIJY12GqrEZrjsRGcjR-X3RPIU,gmaps_v2,coffee_shop,food,N_A,1687847039,1673602078,300,https://www.google.com/maps/preview/review/listentitiesreviews?authuser=0&hl=en&gl=in&pb=!1m2!1y4300402945046240611!2y9600778844639447065!2m2!2i10!3sCAESB0VnTUlvZ0k=!3e2!4m5!3b1!4b1!6b1!7b1!20b1!5m2!1sPsrQZPb9H5adseMPzOi5IA!7e81,0.8612729792661419
ChIJAQAAQBkYrjsR91Mo-NsUhmE,The Bel St.,13.0611572265625,77.58720397949219,0x3bae181940000001:0x618614dbf82853f7,N_A,N_A,2502,https://www.google.com/maps/place/?q=place_id:ChIJAQAAQBkYrjsR91Mo-NsUhmE,gmaps_v2,restaurant,food,N_A,1699615207,1447557002,2521,https://www.google.com/maps/preview/review/listentitiesreviews?authuser=0&hl=en&gl=in&pb=!1m2!1y4300401190912393217!2y7027327203552023543!2m2!2i10!3sCAESB0VnTUkyQk0=!3e2!4m5!3b1!4b1!6b1!7b1!20b1!5m2!1sPsrQZPb9H5adseMPzOi5IA!7e81,0.8576304826101574
ChIJQae7fyYZrjsRxMkKC4CHa34,"ASHA SWEET CENTER, Sahakar Nagar",13.063675880432127,77.58921813964844,0x3bae19267fbba741:0x7e6b87800b0ac9c4,ashasweetcenter,Asha Sweet Center,910,https://www.google.com/maps/place/?q=place_id:ChIJQae7fyYZrjsRxMkKC4CHa34,gmaps_v2,restaurant,food,N_A,1699615207,1604468855,969,https://www.google.com/maps/preview/review/listentitiesreviews?authuser=0&hl=en&gl=in&pb=!1m2!1y4300402347327858497!2y9109523655297780164!2m2!2i10!3sCAESB0VnTUl3QWM=!3e2!4m5!3b1!4b1!6b1!7b1!20b1!5m2!1sPsrQZPb9H5adseMPzOi5IA!7e81,0.8263480243572554
ChIJz_jZSSoZrjsRWmGO8lrNNRA,Udupi Aatithya,13.060221672058104,77.5873794555664,0x3bae192a49d9f8cf:0x1035cd5af28e615a,N_A,N_A,266,https://www.google.com/maps/place/?q=place_id:ChIJz_jZSSoZrjsRWmGO8lrNNRA,gmaps_v2,restaurant,food,N_A,1699615207,1669990050,319,https://www.google.com/maps/preview/review/listentitiesreviews?authuser=0&hl=en&gl=in&pb=!1m2!1y4300402363603744975!2y1168065468872679770!2m2!2i10!3sCAESB0VnTUl0Z0k=!3e2!4m5!3b1!4b1!6b1!7b1!20b1!5m2!1sPsrQZPb9H5adseMPzOi5IA!7e81,0.7757731039197531
ChIJX77PjQoZrjsRSGC7iV1i95E,Leon's Burgers & Wings - Sahakara Nagar,13.063677787780762,77.59062194824219,0x3bae190a8dcfbe5f:0x91f7625d89bb6048,N_A,N_A,1314,https://www.google.com/maps/place/?q=place_id:ChIJX77PjQoZrjsRSGC7iV1i95E,gmaps_v2,restaurant,food,N_A,1699615207,1550778257,1319,https://www.google.com/maps/preview/review/listentitiesreviews?authuser=0&hl=en&gl=in&pb=!1m2!1y4300402227304971871!2y10517983608629321800!2m2!2i10!3sCAESB0VnTUluZ28=!3e2!4m5!3b1!4b1!6b1!7b1!20b1!5m2!1sPsrQZPb9H5adseMPzOi5IA!7e81,0.7627783289028699
ChIJhXjKGyIYrjsR4Eof3Idd3pM,KANTI SWEETS SAHAKAR NAGAR,13.063908576965332,77.58513641357422,0x3bae18221bca7885:0x93de5d87dc1f4ae0,kantisweets,Kanti Sweets,2590,https://www.google.com/maps/place/?q=place_id:ChIJhXjKGyIYrjsR4Eof3Idd3pM,gmaps_v2,restaurant,food,N_A,1687847039,1381027583,2676,https://www.google.com/maps/preview/review/listentitiesreviews?authuser=0&hl=en&gl=in&pb=!1m2!1y4300401228959611013!2y10655056606500178656!2m2!2i10!3sCAESB0VnTUk3aFE=!3e2!4m5!3b1!4b1!6b1!7b1!20b1!5m2!1sPsrQZPb9H5adseMPzOi5IA!7e81,0.7293409711279848
ChIJ_7yNHRkYrjsRKidpw-sI47U,PNS Silks,13.0648832321167,77.58412170410156,0x3bae18191d8dbcff:0xb5e308ebc369272a,N_A,N_A,208,https://www.google.com/maps/place/?q=place_id:ChIJ_7yNHRkYrjsRKidpw-sI47U,gmaps_v2,clothing_store,retail,N_A,1687847039,1662536369,3,https://www.google.com/maps/preview/review/listentitiesreviews?authuser=0&hl=en&gl=in&pb=!1m2!1y4300401190334479615!2y13106329149267060522!2m2!2i10!3s!3e2!4m5!3b1!4b1!6b1!7b1!20b1!5m2!1sPsrQZPb9H5adseMPzOi5IA!7e81,0.7100246654869271
ChIJJTEMSlIZrjsRqtrlxJQg7Ho,THE CAFE BUDDHA,13.064071655273438,77.58663940429688,0x3bae19524a0c3125:0x7aec2094c4e5daaa,N_A,N_A,443,https://www.google.com/maps/place/?q=place_id:ChIJJTEMSlIZrjsRqtrlxJQg7Ho,gmaps_v2,coffee_shop,food,N_A,1687847039,1629374542,525,https://www.google.com/maps/preview/review/listentitiesreviews?authuser=0&hl=en&gl=in&pb=!1m2!1y4300402535405728037!2y8857490390461569706!2m2!2i10!3sCAESB0VnTUlpQVE=!3e2!4m5!3b1!4b1!6b1!7b1!20b1!5m2!1sPsrQZPb9H5adseMPzOi5IA!7e81,0.6545846673864466
ChIJEUqS23kZrjsRX9UHf_QkrH4,Manyavar,13.063677787780762,77.5897445678711,0x3bae1979db924a11:0x7eac24f47f07d55f,manyavar,Manyavar,1034,https://www.google.com/maps/place/?q=place_id:ChIJEUqS23kZrjsRX9UHf_QkrH4,gmaps_v2,clothing_store,retail,N_A,1687847039,1540045115,1094,https://www.google.com/maps/preview/review/listentitiesreviews?authuser=0&hl=en&gl=in&pb=!1m2!1y4300402705350937105!2y9127711177294992735!2m2!2i10!3sCAESB0VnTUl3Z2c=!3e2!4m5!3b1!4b1!6b1!7b1!20b1!5m2!1sPsrQZPb9H5adseMPzOi5IA!7e81,0.6044413873800452
ChIJickvziMYrjsR97PYtR7s5gg,Sangeetha - Sahakarnagar,13.06361484527588,77.58726501464844,0x3bae1823ce2fc989:0x8e6ec1eb5d8b3f7,sangeethamobiles,Sangeetha Mobiles,1540,https://www.google.com/maps/place/?q=place_id:ChIJickvziMYrjsR97PYtR7s5gg,gmaps_v2,electronic_store,retail,N_A,1695212099,1467980060,1544,https://www.google.com/maps/preview/review/listentitiesreviews?authuser=0&hl=en&gl=in&pb=!1m2!1y4300401236247562633!2y641459613590926327!2m2!2i10!3sCAESB0VnTUloQXc=!3e2!4m5!3b1!4b1!6b1!7b1!20b1!5m2!1sPsrQZPb9H5adseMPzOi5IA!7e81,0.5855512302998787
ChIJe6TZYN8ZrjsRcWR5qz6oG_s,Holige Mane,13.063610076904297,77.59027099609375,0x3bae19df60d9a47b:0xfb1ba83eab796471,N_A,N_A,577,https://www.google.com/maps/place/?q=place_id:ChIJe6TZYN8ZrjsRcWR5qz6oG_s,gmaps_v2,restaurant,food,N_A,1699615207,1609413512,604,https://www.google.com/maps/preview/review/listentitiesreviews?authuser=0&hl=en&gl=in&pb=!1m2!1y4300403141378679931!2y18094240915009397873!2m2!2i10!3sCAESB0VnTUkyQVE=!3e2!4m5!3b1!4b1!6b1!7b1!20b1!5m2!1sPsrQZPb9H5adseMPzOi5IA!7e81,0.5526814102550955
ChIJtW11ziMYrjsR0dMDYPXNIFg,Airtel Store,13.06385612487793,77.58821868896484,0x3bae1823ce756db5:0x5820cdf56003d3d1,airtel,Bharti Airtel,1649,https://www.google.com/maps/place/?q=place_id:ChIJtW11ziMYrjsR0dMDYPXNIFg,gmaps_v2,electronic_store,retail,N_A,1695212099,1422707975,1694,https://www.google.com/maps/preview/review/listentitiesreviews?authuser=0&hl=en&gl=in&pb=!1m2!1y4300401236252126645!2y6350301928353944529!2m2!2i10!3sCAESB0VnTUltZzA=!3e2!4m5!3b1!4b1!6b1!7b1!20b1!5m2!1sPsrQZPb9H5adseMPzOi5IA!7e81,0.5228309865871975
19706249,Restaurant 1179,13.0637739435,77.5881525502,19706249,N_A,N_A,771,,zomato,restaurant,food,N_A,1688639100,1619202600,341,,0.47967855522671793
ChIJSw2r0iMYrjsR7MibViO1IM0,Lassi Shop,13.063669204711914,77.58766174316406,0x3bae1823d2ab0d4b:0xcd20b523569bc8ec,lassishop,Lassi Shop,1072,https://www.google.com/maps/place/?q=place_id:ChIJSw2r0iMYrjsR7MibViO1IM0,gmaps_v2,coffee_shop,food,N_A,1687847039,1483669240,1093,https://www.google.com/maps/preview/review/listentitiesreviews?authuser=0&hl=en&gl=in&pb=!1m2!1y4300401236322749771!2y14781013140411500780!2m2!2i10!3sCAESB0VnTUl3Z2c=!3e2!4m5!3b1!4b1!6b1!7b1!20b1!5m2!1sPsrQZPb9H5adseMPzOi5IA!7e81,0.4536281635595455
19714474,Sbtc - Davangere Benne Dose,13.0618574539,77.5878595188,19714474,N_A,N_A,646,,zomato,restaurant,food,N_A,1688639100,1621794600,215,,0.41749433386441664
ChIJuRUWyHwZrjsRQEZiaONHJiY,Lord Of Igloos - LUXE,13.063735008239746,77.59044647216797,0x3bae197cc81615b9:0x262647e368624640,N_A,N_A,51,https://www.google.com/maps/place/?q=place_id:ChIJuRUWyHwZrjsRQEZiaONHJiY,gmaps_v2,restaurant,food,N_A,1699615207,1688822948,52,https://www.google.com/maps/preview/review/listentitiesreviews?authuser=0&hl=en&gl=in&pb=!1m2!1y4300402717908932025!2y2748963664590685760!2m2!2i10!3sCAESBkVnSUlNZw==!3e2!4m5!3b1!4b1!6b1!7b1!20b1!5m2!1sPsrQZPb9H5adseMPzOi5IA!7e81,0.4082926475356086
ChIJKycrnFYZrjsRn3PW1q1IRUM,TEATRIBE,13.061697959899902,77.58663177490234,0x3bae19569c2b272b:0x434548add6d6739f,N_A,N_A,277,https://www.google.com/maps/place/?q=place_id:ChIJKycrnFYZrjsRn3PW1q1IRUM,gmaps_v2,coffee_shop,food,N_A,1687847039,1626357317,298,https://www.google.com/maps/preview/review/listentitiesreviews?authuser=0&hl=en&gl=in&pb=!1m2!1y4300402553963357995!2y4847360485405127583!2m2!2i10!3sCAESB0VnTUlvZ0k=!3e2!4m5!3b1!4b1!6b1!7b1!20b1!5m2!1sPsrQZPb9H5adseMPzOi5IA!7e81,0.38921626609403115
ChIJM8UDBTcZrjsRxvu79j09R5o,BUBLEE,13.059956550598145,77.5876235961914,0x3bae19370503c533:0x9a473d3df6bbfbc6,N_A,N_A,73,https://www.google.com/maps/place/?q=place_id:ChIJM8UDBTcZrjsRxvu79j09R5o,gmaps_v2,coffee_shop,food,N_A,1687847039,1671437041,87,https://www.google.com/maps/preview/review/listentitiesreviews?authuser=0&hl=en&gl=in&pb=!1m2!1y4300402418283431219!2y11116921541529172934!2m2!2i10!3sCAESBkVnSUlVQQ==!3e2!4m5!3b1!4b1!6b1!7b1!20b1!5m2!1sPsrQZPb9H5adseMPzOi5IA!7e81,0.3843510523279771
ChIJMz4rMiQYrjsRduML9S_kbDk,Fresh Signature,13.063413619995115,77.5906982421875,0x3bae1824322b3e33:0x396ce42ff50be376,ril,Reliance Retail,906,https://www.google.com/maps/place/?q=place_id:ChIJMz4rMiQYrjsRduML9S_kbDk,gmaps_v2,supermarket,retail,N_A,1699615207,1463229227,909,https://www.google.com/maps/preview/review/listentitiesreviews?authuser=0&hl=en&gl=in&pb=!1m2!1y4300401237924986419!2y4137933052272436086!2m2!2i10!3sCAESB0VnTUloQWM=!3e2!4m5!3b1!4b1!6b1!7b1!20b1!5m2!1sPsrQZPb9H5adseMPzOi5IA!7e81,0.3311465426164445
ChIJh6LFBiQYrjsRRZRaTIJgQ18,Pizza Hut,13.063642501831056,77.59081268310547,0x3bae182406c5a287:0x5f4360824c5a9445,pizzahut,Pizza Hut,896,https://www.google.com/maps/place/?q=place_id:ChIJh6LFBiQYrjsRRZRaTIJgQ18,gmaps_v2,restaurant,food,N_A,1699615207,1465038306,901,https://www.google.com/maps/preview/review/listentitiesreviews?authuser=0&hl=en&gl=in&pb=!1m2!1y4300401237196907143!2y6864436369785787461!2m2!2i10!3sCAESB0VnTUloQWM=!3e2!4m5!3b1!4b1!6b1!7b1!20b1!5m2!1sPsrQZPb9H5adseMPzOi5IA!7e81,0.3300171486194201
ChIJzaqqqiYYrjsRe0w6ayg0cFM,Goli Vada Pav No. 1,13.062155723571776,77.58740997314453,0x3bae1826aaaaaacd:0x537034286b3a4c7b,N_A,N_A,1083,https://www.google.com/maps/place/?q=place_id:ChIJzaqqqiYYrjsRe0w6ayg0cFM,gmaps_v2,restaurant,food,N_A,1699615207,1404376990,1094,https://www.google.com/maps/preview/review/listentitiesreviews?authuser=0&hl=en&gl=in&pb=!1m2!1y4300401248536537805!2y6012362850741931131!2m2!2i10!3sCAESB0VnTUl3Z2c=!3e2!4m5!3b1!4b1!6b1!7b1!20b1!5m2!1sPsrQZPb9H5adseMPzOi5IA!7e81,0.3169345789674648
ChIJJ5EH8FcZrjsRDFLky1R3ukQ,The Nature's Best,13.064776420593262,77.5838623046875,0x3bae1957f0079127:0x44ba7754cbe4520c,boni,boni,62,https://www.google.com/maps/place/?q=place_id:ChIJJ5EH8FcZrjsRDFLky1R3ukQ,gmaps_v2,coffee_shop,food,N_A,1687847039,1668878353,59,https://www.google.com/maps/preview/review/listentitiesreviews?authuser=0&hl=en&gl=in&pb=!1m2!1y4300402559665279271!2y4952401946328977932!2m2!2i10!3sCAESBkVnSUlNZw==!3e2!4m5!3b1!4b1!6b1!7b1!20b1!5m2!1sPsrQZPb9H5adseMPzOi5IA!7e81,0.2824022707740536
ChIJw9wezY8ZrjsRn2ISds9cD0o,La Pinoz pizza,13.05993366241455,77.58763885498047,0x3bae198fcd1edcc3:0x4a0f5ccf7612629f,lapinozpizza,La Pinoz Pizza,89,https://www.google.com/maps/place/?q=place_id:ChIJw9wezY8ZrjsRn2ISds9cD0o,gmaps_v2,restaurant,food,N_A,1699615207,1671644666,103,https://www.google.com/maps/preview/review/listentitiesreviews?authuser=0&hl=en&gl=in&pb=!1m2!1y4300402799597771971!2y5336586129566229151!2m2!2i10!3sCAESBkVnSUlaQQ==!3e2!4m5!3b1!4b1!6b1!7b1!20b1!5m2!1sPsrQZPb9H5adseMPzOi5IA!7e81,0.2749178144248265
ChIJERBEjyEYrjsR8tY9lE8izoY,Saha Chowmein,13.06317138671875,77.5870361328125,0x3bae18218f441011:0x86ce224f943dd6f2,qrco,qrco,1032,https://www.google.com/maps/place/?q=place_id:ChIJERBEjyEYrjsR8tY9lE8izoY,gmaps_v2,restaurant,food,N_A,1699615207,1374558122,1041,https://www.google.com/maps/preview/review/listentitiesreviews?authuser=0&hl=en&gl=in&pb=!1m2!1y4300401226601992209!2y9713739171469580018!2m2!2i10!3sCAESB0VnTUlrQWc=!3e2!4m5!3b1!4b1!6b1!7b1!20b1!5m2!1sPsrQZPb9H5adseMPzOi5IA!7e81,0.2743050501421927
ChIJwUmTA44ZrjsR35xM8gqjpDw,Kushal's Fashion Jewellery,13.063411712646484,77.5868148803711,0x3bae198e039349c1:0x3ca4a30af24c9cdf,kushals,Kushal's Fashion Jewellery,508,https://www.google.com/maps/place/?q=place_id:ChIJwUmTA44ZrjsR35xM8gqjpDw,gmaps_v2,jewelry_store,retail,N_A,1687847039,1527685756,901,https://www.google.com/maps/preview/review/listentitiesreviews?authuser=0&hl=en&gl=in&pb=!1m2!1y4300402791921437121!2y4369796805866331359!2m2!2i10!3sCAESB0VnTUloQWM=!3e2!4m5!3b1!4b1!6b1!7b1!20b1!5m2!1sPsrQZPb9H5adseMPzOi5IA!7e81,0.27404375875285664
18749492,Barley & Grapes Cafe,13.0638013778,77.5901028514,18749492,N_A,N_A,826,,zomato,restaurant,food,N_A,1688639100,1532889000,587,,0.22910547087931243
ChIJZawf-SMYrjsR8TrUbA5TxWc,TRENDS Footwear,13.063594818115234,77.59011840820312,0x3bae1823f91fac65:0x67c5530e6cd43af1,ajio,Reliance Trends,466,https://www.google.com/maps/place/?q=place_id:ChIJZawf-SMYrjsR8TrUbA5TxWc,gmaps_v2,clothing_store,retail,N_A,1687847039,1488722510,489,https://www.google.com/maps/preview/review/listentitiesreviews?authuser=0&hl=en&gl=in&pb=!1m2!1y4300401236967926885!2y7477474077739072241!2m2!2i10!3sCAESB0VnTUk0QU0=!3e2!4m5!3b1!4b1!6b1!7b1!20b1!5m2!1sPsrQZPb9H5adseMPzOi5IA!7e81,0.202197088436051
ChIJTVAJIyIYrjsRMg81bnlBcmA,Namdhari Fresh,13.063459396362305,77.58658599853516,0x3bae18222309504d:0x607241796e350f32,namdharifresh,Namdhari's Fresh,662,https://www.google.com/maps/place/?q=place_id:ChIJTVAJIyIYrjsRMg81bnlBcmA,gmaps_v2,supermarket,retail,N_A,1687847039,1348292514,662,https://www.google.com/maps/preview/review/listentitiesreviews?authuser=0&hl=en&gl=in&pb=!1m2!1y4300401229081169997!2y6949689164781915954!2m2!2i10!3sCAESB0VnTUlsQVU=!3e2!4m5!3b1!4b1!6b1!7b1!20b1!5m2!1sPsrQZPb9H5adseMPzOi5IA!7e81,0.16844658453601818
19016244,Watson's,13.0635962737,77.5906386226,19016244,N_A,N_A,517,,zomato,restaurant,food,N_A,1688639100,1553538600,728,,0.16531693072934592
ChIJCWHLhSEYrjsREsJuUWuBtz8,Sunny Numkins,13.062572479248049,77.58717346191406,0x3bae182185cb6109:0x3fb7816b516ec212,N_A,N_A,447,https://www.google.com/maps/place/?q=place_id:ChIJCWHLhSEYrjsREsJuUWuBtz8,gmaps_v2,restaurant,food,N_A,1699615207,1458288395,454,https://www.google.com/maps/preview/review/listentitiesreviews?authuser=0&hl=en&gl=in&pb=!1m2!1y4300401226443088137!2y4591280643055206930!2m2!2i10!3sCAESB0VnTUl3Z00=!3e2!4m5!3b1!4b1!6b1!7b1!20b1!5m2!1sPsrQZPb9H5adseMPzOi5IA!7e81,0.16003526371533056
19232628,Cake Delight,13.0637020918,77.5878259912,19232628,N_A,N_A,431,,zomato,restaurant,food,N_A,1688639100,1571855400,238,,0.1594332085727717
18595856,Baskin Robbins,13.0652263244,77.5844849646,18595856,zomato_baskin_robbins,Baskin Robbins,583,,zomato,restaurant,food,N_A,1688639100,1527877800,120,,0.15666457039100828
ChIJfft_tDMZrjsRQCNUoTTCPMY,Idly guru,13.063982009887695,77.58342742919922,0x3bae1933b47ffb7d:0xc63cc234a1542340,N_A,N_A,46,https://www.google.com/maps/place/?q=place_id:ChIJfft_tDMZrjsRQCNUoTTCPMY,gmaps_v2,restaurant,food,N_A,1699615207,1673443041,53,https://www.google.com/maps/preview/review/listentitiesreviews?authuser=0&hl=en&gl=in&pb=!1m2!1y4300402404047715197!2y14284505649413104448!2m2!2i10!3sCAESBkVnSUlNZw==!3e2!4m5!3b1!4b1!6b1!7b1!20b1!5m2!1sPsrQZPb9H5adseMPzOi5IA!7e81,0.1518559831845786
ChIJFaGXQKMXrjsRZ8yMPWKxR7A,Vin Paul's,13.063733100891112,77.59065246582031,0x3bae17a34097a115:0xb047b1623d8ccc67,N_A,N_A,68,https://www.google.com/maps/place/?q=place_id:ChIJFaGXQKMXrjsRZ8yMPWKxR7A,gmaps_v2,restaurant,food,N_A,1687847039,1645721850,68,https://www.google.com/maps/preview/review/listentitiesreviews?authuser=0&hl=en&gl=in&pb=!1m2!1y4300400684116189461!2y12702316309519322215!2m2!2i10!3sCAESBkVnSUlQQQ==!3e2!4m5!3b1!4b1!6b1!7b1!20b1!5m2!1sPsrQZPb9H5adseMPzOi5IA!7e81,0.13946999739277136
ChIJgQLazCMYrjsRRE9NekMes-s,Soch,13.063844680786133,77.58797454833984,0x3bae1823ccda0281:0xebb31e437a4d4f44,N_A,N_A,375,https://www.google.com/maps/place/?q=place_id:ChIJgQLazCMYrjsRRE9NekMes-s,gmaps_v2,clothing_store,retail,N_A,1687847039,1452442486,379,https://www.google.com/maps/preview/review/listentitiesreviews?authuser=0&hl=en&gl=in&pb=!1m2!1y4300401236225163905!2y16983951894907801412!2m2!2i10!3sCAESB0VnTUk4Z0k=!3e2!4m5!3b1!4b1!6b1!7b1!20b1!5m2!1sPsrQZPb9H5adseMPzOi5IA!7e81,0.13763540079023026
ChIJ4xKMjxgYrjsRuEUG4IXYlnE,Rajendra Infotech,13.06277561187744,77.58689880371094,0x3bae18188f8c12e3:0x7196d885e00645b8,N_A,N_A,421,https://www.google.com/maps/place/?q=place_id:ChIJ4xKMjxgYrjsRuEUG4IXYlnE,gmaps_v2,home_decor,retail,N_A,1695212099,1430241469,427,https://www.google.com/maps/preview/review/listentitiesreviews?authuser=0&hl=en&gl=in&pb=!1m2!1y4300401187952005859!2y8184967442293212600!2m2!2i10!3sCAESB0VnTUlwQU0=!3e2!4m5!3b1!4b1!6b1!7b1!20b1!5m2!1sPsrQZPb9H5adseMPzOi5IA!7e81,0.13727710123948456
ChIJSw-BMiIYrjsReKOelLMgWsM,Alicea Music House,13.063459396362305,77.58662414550781,0x3bae182232810f4b:0xc35a20b3949ea378,N_A,N_A,364,https://www.google.com/maps/place/?q=place_id:ChIJSw-BMiIYrjsReKOelLMgWsM,gmaps_v2,electronic_store,retail,N_A,1695212099,1461503707,373,https://www.google.com/maps/preview/review/listentitiesreviews?authuser=0&hl=en&gl=in&pb=!1m2!1y4300401229340675915!2y14076599540964565880!2m2!2i10!3sCAESB0VnTUk4Z0k=!3e2!4m5!3b1!4b1!6b1!7b1!20b1!5m2!1sPsrQZPb9H5adseMPzOi5IA!7e81,0.13456769665335766
ChIJGSWYmiYYrjsRb6PViaP5hx8,Beijing Bites,13.060466766357422,77.58755493164062,0x3bae18269a982519:0x1f87f9a389d5a36f,beijingbites,Beijing Bites,613,https://www.google.com/maps/place/?q=place_id:ChIJGSWYmiYYrjsRb6PViaP5hx8,gmaps_v2,restaurant,food,N_A,1699615207,1301328704,627,https://www.google.com/maps/preview/review/listentitiesreviews?authuser=0&hl=en&gl=in&pb=!1m2!1y4300401248266888473!2y2272059017819169647!2m2!2i10!3sCAESB0VnTUk3QVE=!3e2!4m5!3b1!4b1!6b1!7b1!20b1!5m2!1sPsrQZPb9H5adseMPzOi5IA!7e81,0.13297764197648446
ChIJyTyi2-sZrjsReY7K4AGZ9io,Artyss Experience centre,13.063631057739258,77.5872573852539,0x3bae19ebdba23cc9:0x2af69901e0ca8e79,N_A,N_A,124,https://www.google.com/maps/place/?q=place_id:ChIJyTyi2-sZrjsReY7K4AGZ9io,gmaps_v2,home_decor,retail,N_A,1695212099,1605595920,118,https://www.google.com/maps/preview/review/listentitiesreviews?authuser=0&hl=en&gl=in&pb=!1m2!1y4300403194978254025!2y3095830027209182841!2m2!2i10!3sCAESBkVnSUliZw==!3e2!4m5!3b1!4b1!6b1!7b1!20b1!5m2!1sPsrQZPb9H5adseMPzOi5IA!7e81,0.11954984155260626
18943247,Blytons,13.0637837415,77.5901967287,18943247,N_A,N_A,349,,zomato,restaurant,food,N_A,1688639100,1549218600,246,,0.10813904698376495
ChIJ0dYfsRkYrjsRpBMKFVQXdJQ,Milan Silk And Sarees,13.062902450561523,77.58649444580078,0x3bae1819b11fd6d1:0x94741754150a13a4,N_A,N_A,253,https://www.google.com/maps/place/?q=place_id:ChIJ0dYfsRkYrjsRpBMKFVQXdJQ,gmaps_v2,clothing_store,retail,N_A,1687847039,1484556749,258,https://www.google.com/maps/preview/review/listentitiesreviews?authuser=0&hl=en&gl=in&pb=!1m2!1y4300401192810305233!2y10697200664809444260!2m2!2i10!3sCAESB0VnTUktZ0U=!3e2!4m5!3b1!4b1!6b1!7b1!20b1!5m2!1sPsrQZPb9H5adseMPzOi5IA!7e81,0.10752702453225878
ChIJoS3xzRsVrjsRhdkIViOompU,Anaika Designer Studio,13.060052871704102,77.5867691040039,0x3bae151bcdf12da1:0x959aa8235608d985,N_A,N_A,32,https://www.google.com/maps/place/?q=place_id:ChIJoS3xzRsVrjsRhdkIViOompU,gmaps_v2,clothing_store,retail,N_A,1687847039,1660968247,46,https://www.google.com/maps/preview/review/listentitiesreviews?authuser=0&hl=en&gl=in&pb=!1m2!1y4300397903348837793!2y10780113527785445765!2m2!2i10!3sCAESBkVnSUlLQQ==!3e2!4m5!3b1!4b1!6b1!7b1!20b1!5m2!1sPsrQZPb9H5adseMPzOi5IA!7e81,0.10286176551386685
19942569,Kolkata Victoria Chats Center,13.0633121323,77.5869737193,19942569,N_A,N_A,112,,zomato,restaurant,food,N_A,1688639100,1637519400,72,,0.09464844277255148
ChIJHWuVIW4ZrjsR_fqW33pcZ-E,Godrej Interio - Modular Kitchens & Lockers,13.063685417175291,77.58921813964844,0x3bae196e21956b1d:0xe1675c7adf96fafd,N_A,N_A,160,https://www.google.com/maps/place/?q=place_id:ChIJHWuVIW4ZrjsR_fqW33pcZ-E,gmaps_v2,home_decor,retail,N_A,1695212099,1540274735,156,https://www.google.com/maps/preview/review/listentitiesreviews?authuser=0&hl=en&gl=in&pb=!1m2!1y4300402654985939741!2y16242052263941962493!2m2!2i10!3sCAESB0VnTUlsZ0U=!3e2!4m5!3b1!4b1!6b1!7b1!20b1!5m2!1sPsrQZPb9H5adseMPzOi5IA!7e81,0.08922315213778904
ChIJUfLyOiIYrjsRyrZe-ssvOXM,Sree Jagdamba Fancy & Gift Centre,13.063817977905272,77.5869140625,0x3bae18223af2f251:0x73392fcbfa5eb6ca,N_A,N_A,185,https://www.google.com/maps/place/?q=place_id:ChIJUfLyOiIYrjsRyrZe-ssvOXM,gmaps_v2,jewelry_store,retail,N_A,1687847039,1498402454,188,https://www.google.com/maps/preview/review/listentitiesreviews?authuser=0&hl=en&gl=in&pb=!1m2!1y4300401229482357329!2y8302719941159597770!2m2!2i10!3sCAESB0VnTUl0QUU=!3e2!4m5!3b1!4b1!6b1!7b1!20b1!5m2!1sPsrQZPb9H5adseMPzOi5IA!7e81,0.08437295792856787
ChIJ2xP_11cZrjsRtu_BUDxj_fs,Canvas and beans,13.06347370147705,77.59009552001953,0x3bae1957d7ff13db:0xfbfd633c50c1efb6,N_A,N_A,30,https://www.google.com/maps/place/?q=place_id:ChIJ2xP_11cZrjsRtu_BUDxj_fs,gmaps_v2,coffee_shop,food,N_A,1687847039,1656692736,59,https://www.google.com/maps/preview/review/listentitiesreviews?authuser=0&hl=en&gl=in&pb=!1m2!1y4300402559262069723!2y18157778383331782582!2m2!2i10!3sCAESBkVnSUlNZw==!3e2!4m5!3b1!4b1!6b1!7b1!20b1!5m2!1sPsrQZPb9H5adseMPzOi5IA!7e81,0.0831987799566564
ChIJixc1ytgZrjsRpT-4MC6IlFI,Krishna Furnishing,13.063855171203612,77.58861541748047,0x3bae19d8ca35178b:0x5294882e30b83fa5,N_A,N_A,44,https://www.google.com/maps/place/?q=place_id:ChIJixc1ytgZrjsRpT-4MC6IlFI,gmaps_v2,home_decor,retail,N_A,1695212099,1647588293,61,https://www.google.com/maps/preview/review/listentitiesreviews?authuser=0&hl=en&gl=in&pb=!1m2!1y4300403113081509771!2y5950530739630522277!2m2!2i10!3sCAESBkVnSUlQQQ==!3e2!4m5!3b1!4b1!6b1!7b1!20b1!5m2!1sPsrQZPb9H5adseMPzOi5IA!7e81,0.07982562334476165
ChIJSXblufIZrjsR0ORFLRUzQW4,Maayarang Design Studio,13.06338596343994,77.58992767333984,0x3bae19f2b9e57649:0x6e4133152d45e4d0,N_A,N_A,134,https://www.google.com/maps/place/?q=place_id:ChIJSXblufIZrjsR0ORFLRUzQW4,gmaps_v2,clothing_store,retail,N_A,1687847039,1542779193,151,https://www.google.com/maps/preview/review/listentitiesreviews?authuser=0&hl=en&gl=in&pb=!1m2!1y4300403224477005385!2y7944687383705150672!2m2!2i10!3sCAESB0VnTUlsZ0U=!3e2!4m5!3b1!4b1!6b1!7b1!20b1!5m2!1sPsrQZPb9H5adseMPzOi5IA!7e81,0.07980817472122664
ChIJORXTbCIYrjsRMoq22Ey7jJ4,Sassy Eleganza,13.064589500427246,77.5848617553711,0x3bae18226cd31539:0x9e8cbb4cd8b68a32,N_A,N_A,183,https://www.google.com/maps/place/?q=place_id:ChIJORXTbCIYrjsRMoq22Ey7jJ4,gmaps_v2,clothing_store,retail,N_A,1687847039,1486883177,190,https://www.google.com/maps/preview/review/listentitiesreviews?authuser=0&hl=en&gl=in&pb=!1m2!1y4300401230319129913!2y11424712293459855922!2m2!2i10!3sCAESB0VnTUl0QUU=!3e2!4m5!3b1!4b1!6b1!7b1!20b1!5m2!1sPsrQZPb9H5adseMPzOi5IA!7e81,0.0786768319569814
ChIJE8R9PncWrjsR1jxP4Hs7JbU,Peter England Menswear Exclusive Showroom,13.063663482666016,77.5885238647461,0x3bae16773e7dc413:0xb5253b7be04f3cd6,peterengland,Peter England,193,https://www.google.com/maps/place/?q=place_id:ChIJE8R9PncWrjsR1jxP4Hs7JbU,gmaps_v2,clothing_store,retail,N_A,1687847039,1470380905,194,https://www.google.com/maps/preview/review/listentitiesreviews?authuser=0&hl=en&gl=in&pb=!1m2!1y4300399395590751251!2y13052904498233556182!2m2!2i10!3sCAESB0VnTUl2Z0U=!3e2!4m5!3b1!4b1!6b1!7b1!20b1!5m2!1sPsrQZPb9H5adseMPzOi5IA!7e81,0.07667952564972715
ChIJcwhiLyIYrjsRK-Biq_u3c14,Mahadev Jewellers,13.063422203063965,77.58682250976562,0x3bae18222f620873:0x5e73b7fbab62e02b,N_A,N_A,181,https://www.google.com/maps/place/?q=place_id:ChIJcwhiLyIYrjsRK-Biq_u3c14,gmaps_v2,jewelry_store,retail,N_A,1687847039,1472576942,189,https://www.google.com/maps/preview/review/listentitiesreviews?authuser=0&hl=en&gl=in&pb=!1m2!1y4300401229288310899!2y6805985753427009579!2m2!2i10!3sCAESB0VnTUl0QUU=!3e2!4m5!3b1!4b1!6b1!7b1!20b1!5m2!1sPsrQZPb9H5adseMPzOi5IA!7e81,0.07264548220090225
ChIJa6G2kBgYrjsRyEqxuWq6-84,Vinayaka Hardware and Ceramics,13.063393592834473,77.58621215820312,0x3bae181890b6a16b:0xcefbba6ab9b14ac8,N_A,N_A,178,https://www.google.com/maps/place/?q=place_id:ChIJa6G2kBgYrjsRyEqxuWq6-84,gmaps_v2,home_decor,retail,N_A,1695212099,1481265118,178,https://www.google.com/maps/preview/review/listentitiesreviews?authuser=0&hl=en&gl=in&pb=!1m2!1y4300401187971572075!2y14914719558512233160!2m2!2i10!3sCAESB0VnTUlxZ0U=!3e2!4m5!3b1!4b1!6b1!7b1!20b1!5m2!1sPsrQZPb9H5adseMPzOi5IA!7e81,0.07188322979888181
ChIJk70WKiIYrjsRTwVD2d-wEfI,Vaibhav Jewels,13.06348705291748,77.58564758300781,0x3bae18222a16bd93:0xf211b0dfd943054f,N_A,N_A,158,https://www.google.com/maps/place/?q=place_id:ChIJk70WKiIYrjsRTwVD2d-wEfI,gmaps_v2,jewelry_store,retail,N_A,1687847039,1472569446,178,https://www.google.com/maps/preview/review/listentitiesreviews?authuser=0&hl=en&gl=in&pb=!1m2!1y4300401229199490451!2y17442917307251885391!2m2!2i10!3sCAESB0VnTUlxZ0U=!3e2!4m5!3b1!4b1!6b1!7b1!20b1!5m2!1sPsrQZPb9H5adseMPzOi5IA!7e81,0.06341208023447197
ChIJkZLBUcgZrjsRHXdg5_i3zaA,Khadim - Sahakara Nagar,13.06363010406494,77.58651733398438,0x3bae19c851c19291:0xa0cdb7f8e760771d,khadims,Khadims,135,https://www.google.com/maps/place/?q=place_id:ChIJkZLBUcgZrjsRHXdg5_i3zaA,gmaps_v2,shoe_store,retail,N_A,1687847039,1490057276,137,https://www.google.com/maps/preview/review/listentitiesreviews?authuser=0&hl=en&gl=in&pb=!1m2!1y4300403042341196433!2y11587119695955785501!2m2!2i10!3sCAESB0VnTUlnZ0U=!3e2!4m5!3b1!4b1!6b1!7b1!20b1!5m2!1sPsrQZPb9H5adseMPzOi5IA!7e81,0.05897170724654743
ChIJH9FshSEYrjsR53uO8cxcn5s,Fine Food,13.05990219116211,77.587646484375,0x3bae1821856cd11f:0x9b9f5cccf18e7be7,N_A,N_A,161,https://www.google.com/maps/place/?q=place_id:ChIJH9FshSEYrjsR53uO8cxcn5s,gmaps_v2,supermarket,retail,N_A,1699615207,1462169244,163,https://www.google.com/maps/preview/review/listentitiesreviews?authuser=0&hl=en&gl=in&pb=!1m2!1y4300401226436890911!2y11213783632471555047!2m2!2i10!3sCAESB0VnTUlvQUU=!3e2!4m5!3b1!4b1!6b1!7b1!20b1!5m2!1sPsrQZPb9H5adseMPzOi5IA!7e81,0.05858343441282259
ChIJCS56Kh8YrjsRfgsAlI-Djbs,Simplee Good,13.061283111572266,77.58715057373047,0x3bae181f2a7a2e09:0xbb8d838f94000b7e,N_A,N_A,156,https://www.google.com/maps/place/?q=place_id:ChIJCS56Kh8YrjsRfgsAlI-Djbs,gmaps_v2,home_decor,retail,N_A,1695212099,1461374566,153,https://www.google.com/maps/preview/review/listentitiesreviews?authuser=0&hl=en&gl=in&pb=!1m2!1y4300401216321105417!2y13514602709495319422!2m2!2i10!3sCAESB0VnTUlsZ0U=!3e2!4m5!3b1!4b1!6b1!7b1!20b1!5m2!1sPsrQZPb9H5adseMPzOi5IA!7e81,0.05764001966271172
ChIJMV4VPuwZrjsRERj6PWYkXrE,Siddhashri Associates Construction and Home Interiors,13.066508293151855,77.58425903320312,0x3bae19ec3e155e31:0xb15e24663dfa1811,N_A,N_A,96,https://www.google.com/maps/place/?q=place_id:ChIJMV4VPuwZrjsRERj6PWYkXrE,gmaps_v2,home_decor,retail,N_A,1695212099,1549705220,96,https://www.google.com/maps/preview/review/listentitiesreviews?authuser=0&hl=en&gl=in&pb=!1m2!1y4300403196629966385!2y12780692814069110801!2m2!2i10!3sCAESBkVnSUlXZw==!3e2!4m5!3b1!4b1!6b1!7b1!20b1!5m2!1sPsrQZPb9H5adseMPzOi5IA!7e81,0.05700349053600414
ChIJHVhh5SMYrjsRT6O94R7-aUc,Firstcry.com Store Bangalore Sahakar Nagar,13.063483238220217,77.58665466308594,0x3bae1823e561581d:0x4769fe1ee1bda34f,firstcry,Firstcry,157,https://www.google.com/maps/place/?q=place_id:ChIJHVhh5SMYrjsRT6O94R7-aUc,gmaps_v2,clothing_store,retail,kids_wear,1695212099,1451628803,231,https://www.google.com/maps/preview/review/listentitiesreviews?authuser=0&hl=en&gl=in&pb=!1m2!1y4300401236636686365!2y5145923457837278031!2m2!2i10!3sCAESB0VnTUk1Z0U=!3e2!4m5!3b1!4b1!6b1!7b1!20b1!5m2!1sPsrQZPb9H5adseMPzOi5IA!7e81,0.05568854770731077
ChIJrZ-7fogZrjsRYcv0ML1q-7A,Annapoorna Pure Veg Hotel,13.063915252685549,77.58616638183594,0x3bae19887ebb9fad:0xb0fb6abd30f4cb61,N_A,N_A,80,https://www.google.com/maps/place/?q=place_id:ChIJrZ-7fogZrjsRYcv0ML1q-7A,gmaps_v2,restaurant,food,N_A,1699615207,1566721297,80,https://www.google.com/maps/preview/review/listentitiesreviews?authuser=0&hl=en&gl=in&pb=!1m2!1y4300402768217874349!2y12752904130632403809!2m2!2i10!3sCAESBkVnSUlSZw==!3e2!4m5!3b1!4b1!6b1!7b1!20b1!5m2!1sPsrQZPb9H5adseMPzOi5IA!7e81,0.05201141271259157
ChIJAQAAACMYrjsRp7bRLf-zflo,LAXMI RAJES Appliances,13.063657760620115,77.58943176269531,0x3bae182300000001:0x5a7eb3ff2dd1b6a7,N_A,N_A,138,https://www.google.com/maps/place/?q=place_id:ChIJAQAAACMYrjsRp7bRLf-zflo,gmaps_v2,home_decor,retail,N_A,1695212099,1455870821,141,https://www.google.com/maps/preview/review/listentitiesreviews?authuser=0&hl=en&gl=in&pb=!1m2!1y4300401232788324353!2y6520847219045807783!2m2!2i10!3sCAESB0VnTUlqQUU=!3e2!4m5!3b1!4b1!6b1!7b1!20b1!5m2!1sPsrQZPb9H5adseMPzOi5IA!7e81,0.04981673073543127
ChIJx2VG5SMYrjsRC0qmtMQkvYo,Sri Lakshmi Balaji Silk House and Blouse Designing.,13.063775062561035,77.58307647705078,0x3bae1823e54665c7:0x8abd24c4b4a64a0b,N_A,N_A,95,https://www.google.com/maps/place/?q=place_id:ChIJx2VG5SMYrjsRC0qmtMQkvYo,gmaps_v2,clothing_store,retail,N_A,1687847039,1521011548,103,https://www.google.com/maps/preview/review/listentitiesreviews?authuser=0&hl=en&gl=in&pb=!1m2!1y4300401236634920391!2y9997187175095355915!2m2!2i10!3sCAESBkVnSUlaQQ==!3e2!4m5!3b1!4b1!6b1!7b1!20b1!5m2!1sPsrQZPb9H5adseMPzOi5IA!7e81,0.049198164915641364
ChIJ12ehHogZrjsRLE3kCnMBj1A,Chetty’s Corner,13.063475608825684,77.59008026123047,0x3bae19881ea167d7:0x508f01730ae44d2c,chettyscorner,Chetty's Corner,31,https://www.google.com/maps/place/?q=place_id:ChIJ12ehHogZrjsRLE3kCnMBj1A,gmaps_v2,restaurant,food,N_A,1699615207,1645126409,34,https://www.google.com/maps/preview/review/listentitiesreviews?authuser=0&hl=en&gl=in&pb=!1m2!1y4300402766605543383!2y5804860038319459628!2m2!2i10!3sCAESBkVnSUlIZw==!3e2!4m5!3b1!4b1!6b1!7b1!20b1!5m2!1sPsrQZPb9H5adseMPzOi5IA!7e81,0.049155057522098394
ChIJcX4B1jcZrjsRfxijuIy1f8g,Café Hive,13.063661575317385,77.58836364746094,0x3bae1937d6017e71:0xc87fb58cb8a3187f,N_A,N_A,80,https://www.google.com/maps/place/?q=place_id:ChIJcX4B1jcZrjsRfxijuIy1f8g,gmaps_v2,restaurant,food,N_A,1699615207,1554379962,80,https://www.google.com/maps/preview/review/listentitiesreviews?authuser=0&hl=en&gl=in&pb=!1m2!1y4300402421789720177!2y14447465745625585791!2m2!2i10!3sCAESBkVnSUlSZw==!3e2!4m5!3b1!4b1!6b1!7b1!20b1!5m2!1sPsrQZPb9H5adseMPzOi5IA!7e81,0.04759175364079153
19850724,Winni Cakes & More,13.0610465013,77.5889320672,19850724,zomato_winni_cakes_&_more,Winni Cakes & More,64,,zomato,restaurant,food,N_A,1688639100,1629138600,90,,0.04646683641313939
ChIJMTCh7SQZrjsRED9DDJ_WNTY,Louis Philippe,13.063709259033203,77.59043884277344,0x3bae1924eda13031:0x3635d69f0c433f10,louisphilippe,Louis Philippe,72,https://www.google.com/maps/place/?q=place_id:ChIJMTCh7SQZrjsRED9DDJ_WNTY,gmaps_v2,clothing_store,retail,N_A,1687847039,1546678522,75,https://www.google.com/maps/preview/review/listentitiesreviews?authuser=0&hl=en&gl=in&pb=!1m2!1y4300402340581683249!2y3906264230407651088!2m2!2i10!3sCAESBkVnSUlSZw==!3e2!4m5!3b1!4b1!6b1!7b1!20b1!5m2!1sPsrQZPb9H5adseMPzOi5IA!7e81,0.04406648261382529
ChIJiw8wuU0ZrjsRkzX3MRq5il8,JOCKEY DEALER SAHAKARNAGAR,13.06381130218506,77.58607482910156,0x3bae194db9300f8b:0x5f8ab91a31f73593,N_A,N_A,64,https://www.google.com/maps/place/?q=place_id:ChIJiw8wuU0ZrjsRkzX3MRq5il8,gmaps_v2,shoe_store,retail,N_A,1687847039,1560767268,64,https://www.google.com/maps/preview/review/listentitiesreviews?authuser=0&hl=en&gl=in&pb=!1m2!1y4300402515795513227!2y6884518502547797395!2m2!2i10!3sCAESBkVnSUlQQQ==!3e2!4m5!3b1!4b1!6b1!7b1!20b1!5m2!1sPsrQZPb9H5adseMPzOi5IA!7e81,0.0435128262860971
ChIJgSYs0CMYrjsR-7nClV_SIgE,Aavish Infotech,13.063644409179688,77.58815002441406,0x3bae1823d02c2681:0x122d25f95c2b9fb,N_A,N_A,133,https://www.google.com/maps/place/?q=place_id:ChIJgSYs0CMYrjsR-7nClV_SIgE,gmaps_v2,electronic_store,retail,N_A,1695212099,1429249542,134,https://www.google.com/maps/preview/review/listentitiesreviews?authuser=0&hl=en&gl=in&pb=!1m2!1y4300401236280878721!2y81859051222383099!2m2!2i10!3sCAESB0VnTUlnZ0U=!3e2!4m5!3b1!4b1!6b1!7b1!20b1!5m2!1sPsrQZPb9H5adseMPzOi5IA!7e81,0.04320608182451788
ChIJcdExmSYYrjsRhnJ24I57b_8,Filmdeewane - The Creative Portrait Studio,13.063108444213867,77.58665466308594,0x3bae18269931d171:0xff6f7b8ee0767286,N_A,N_A,122,https://www.google.com/maps/place/?q=place_id:ChIJcdExmSYYrjsRhnJ24I57b_8,gmaps_v2,electronic_store,retail,N_A,1695212099,1445610027,122,https://www.google.com/maps/preview/review/listentitiesreviews?authuser=0&hl=en&gl=in&pb=!1m2!1y4300401248243405169!2y18406066055667937926!2m2!2i10!3sCAESBkVnSUllQQ==!3e2!4m5!3b1!4b1!6b1!7b1!20b1!5m2!1sPsrQZPb9H5adseMPzOi5IA!7e81,0.04223041866415276
ChIJjdbWBiQYrjsR7VbhV8bee4U,BOX8- Desi Meals | Order Food Online,13.06363582611084,77.58961486816406,0x3bae182406d6d68d:0x857bdec657e156ed,box8,Box8,102,https://www.google.com/maps/place/?q=place_id:ChIJjdbWBiQYrjsR7VbhV8bee4U,gmaps_v2,restaurant,food,N_A,1699615207,1489854883,103,https://www.google.com/maps/preview/review/listentitiesreviews?authuser=0&hl=en&gl=in&pb=!1m2!1y4300401237198034573!2y9618526372639102701!2m2!2i10!3sCAESBkVnSUlaQQ==!3e2!4m5!3b1!4b1!6b1!7b1!20b1!5m2!1sPsrQZPb9H5adseMPzOi5IA!7e81,0.042013665081867435
ChIJ7aubmCEYrjsR7A66MDOfSHs,Hunger Chase,13.06169891357422,77.5871810913086,0x3bae1821989babed:0x7b489f3330ba0eec,N_A,N_A,118,https://www.google.com/maps/place/?q=place_id:ChIJ7aubmCEYrjsR7A66MDOfSHs,gmaps_v2,restaurant,food,N_A,1699615207,1452498628,124,https://www.google.com/maps/preview/review/listentitiesreviews?authuser=0&hl=en&gl=in&pb=!1m2!1y4300401226758728685!2y8883525307197951724!2m2!2i10!3sCAESBkVnSUllQQ==!3e2!4m5!3b1!4b1!6b1!7b1!20b1!5m2!1sPsrQZPb9H5adseMPzOi5IA!7e81,0.04125664106089782
19769194,Laali Da Dhaba,13.06383338,77.58905411,19769194,zomato_laali_da_dhaba,Laali Da Dhaba,60,,zomato,restaurant,food,N_A,1688639100,1624732200,72,,0.040559000671289015
ChIJE3eh0iMYrjsRu8R2pQjLB_E,Bangarpete Chats,13.063583374023438,77.58836364746094,0x3bae1823d2a17713:0xf107cb08a576c4bb,N_A,N_A,84,https://www.google.com/maps/place/?q=place_id:ChIJE3eh0iMYrjsRu8R2pQjLB_E,gmaps_v2,restaurant,food,N_A,1699615207,1515487851,87,https://www.google.com/maps/preview/review/listentitiesreviews?authuser=0&hl=en&gl=in&pb=!1m2!1y4300401236322121491!2y17368073725973808315!2m2!2i10!3sCAESBkVnSUlVQQ==!3e2!4m5!3b1!4b1!6b1!7b1!20b1!5m2!1sPsrQZPb9H5adseMPzOi5IA!7e81,0.03941619625494432
ChIJn0ZO8O8ZrjsRj6kuF4yXLmM,"Allen Solly - Sahakarnagar, Bangalore",13.06387996673584,77.58837127685547,0x3bae19eff04e469f:0x632e978c172ea98f,allensolly,Allen Solly,35,https://www.google.com/maps/place/?q=place_id:ChIJn0ZO8O8ZrjsRj6kuF4yXLmM,gmaps_v2,clothing_store,retail,N_A,1687847039,1610305580,41,https://www.google.com/maps/preview/review/listentitiesreviews?authuser=0&hl=en&gl=in&pb=!1m2!1y4300403212504942239!2y7146816286623705487!2m2!2i10!3sCAESBkVnSUlLQQ==!3e2!4m5!3b1!4b1!6b1!7b1!20b1!5m2!1sPsrQZPb9H5adseMPzOi5IA!7e81,0.03899849240649444
ChIJdzeIxhgYrjsR_dCioJZ0Ccw,Star Sports,13.06375217437744,77.58305358886719,0x3bae1818c6883777:0xcc097496a0a2d0fd,N_A,N_A,96,https://www.google.com/maps/place/?q=place_id:ChIJdzeIxhgYrjsR_dCioJZ0Ccw,gmaps_v2,shoe_store,retail,N_A,1687847039,1472309052,103,https://www.google.com/maps/preview/review/listentitiesreviews?authuser=0&hl=en&gl=in&pb=!1m2!1y4300401188874499959!2y14702410648816636157!2m2!2i10!3sCAESBkVnSUlaQQ==!3e2!4m5!3b1!4b1!6b1!7b1!20b1!5m2!1sPsrQZPb9H5adseMPzOi5IA!7e81,0.03848231170498962
ChIJw50bs-EZrjsRptAVfK6ZaJE,Jai SPORTS Collection,13.06371784210205,77.58535766601562,0x3bae19e1b31b9dc3:0x916899ae7c15d0a6,N_A,N_A,65,https://www.google.com/maps/place/?q=place_id:ChIJw50bs-EZrjsRptAVfK6ZaJE,gmaps_v2,shoe_store,retail,N_A,1687847039,1537197451,72,https://www.google.com/maps/preview/review/listentitiesreviews?authuser=0&hl=en&gl=in&pb=!1m2!1y4300403151348669891!2y10477793507762622630!2m2!2i10!3sCAESBkVnSUlSZw==!3e2!4m5!3b1!4b1!6b1!7b1!20b1!5m2!1sPsrQZPb9H5adseMPzOi5IA!7e81,0.037278561956638076
ChIJFz9IoTIZrjsRlLL7sOvN-QE,REDTAPE,13.06350040435791,77.5864028930664,0x3bae1932a1483f17:0x1f9cdebb0fbb294,redtape,Redtape,46,https://www.google.com/maps/place/?q=place_id:ChIJFz9IoTIZrjsRlLL7sOvN-QE,gmaps_v2,shoe_store,retail,N_A,1687847039,1580652471,48,https://www.google.com/maps/preview/review/listentitiesreviews?authuser=0&hl=en&gl=in&pb=!1m2!1y4300402399430328087!2y142371275409175188!2m2!2i10!3sCAESBkVnSUlLQQ==!3e2!4m5!3b1!4b1!6b1!7b1!20b1!5m2!1sPsrQZPb9H5adseMPzOi5IA!7e81,0.03707650559308192
ChIJIbJN7yMYrjsRclwXV9oUqhY,Levi's,13.06385326385498,77.58953857421875,0x3bae1823ef4db221:0x16aa14da57175c72,levi,Levi,70,https://www.google.com/maps/place/?q=place_id:ChIJIbJN7yMYrjsRclwXV9oUqhY,gmaps_v2,clothing_store,retail,N_A,1687847039,1518159560,77,https://www.google.com/maps/preview/review/listentitiesreviews?authuser=0&hl=en&gl=in&pb=!1m2!1y4300401236803170849!2y1633140742871800946!2m2!2i10!3sCAESBkVnSUlSZw==!3e2!4m5!3b1!4b1!6b1!7b1!20b1!5m2!1sPsrQZPb9H5adseMPzOi5IA!7e81,0.035641993361219065
ChIJzbHJ2qEZrjsReDPtXLD5LFE,Faasos Sahakara Nagar,13.061373710632324,77.58396911621094,0x3bae19a1dac9b1cd:0x512cf9b05ced3378,eatsure,EatSure,55,https://www.google.com/maps/place/?q=place_id:ChIJzbHJ2qEZrjsReDPtXLD5LFE,gmaps_v2,restaurant,food,N_A,1699615207,1561739980,57,https://www.google.com/maps/preview/review/listentitiesreviews?authuser=0&hl=en&gl=in&pb=!1m2!1y4300402877136482765!2y5849324551916041080!2m2!2i10!3sCAESBkVnSUlNZw==!3e2!4m5!3b1!4b1!6b1!7b1!20b1!5m2!1sPsrQZPb9H5adseMPzOi5IA!7e81,0.03446594506785472
ChIJVVVVOhQXrjsR9p4YCbeGM20,Morada Bonito Design Studio,13.063813209533691,77.58707427978516,0x3bae17143a555555:0x6d3386b709189ef6,N_A,N_A,69,https://www.google.com/maps/place/?q=place_id:ChIJVVVVOhQXrjsR9p4YCbeGM20,gmaps_v2,home_decor,retail,N_A,1695212099,1513005346,71,https://www.google.com/maps/preview/review/listentitiesreviews?authuser=0&hl=en&gl=in&pb=!1m2!1y4300400069830858069!2y7868781094636134134!2m2!2i10!3sCAESBkVnSUlSZw==!3e2!4m5!3b1!4b1!6b1!7b1!20b1!5m2!1sPsrQZPb9H5adseMPzOi5IA!7e81,0.03271887513411756
ChIJTdhl7yMYrjsRMiSdwgzsm-A,"Zivame(Sahakar Nagar, Bengaluru)",13.063855171203612,77.5895767211914,0x3bae1823ef65d84d:0xe09bec0cc29d2432,zivame,Zivame,66,https://www.google.com/maps/place/?q=place_id:ChIJTdhl7yMYrjsRMiSdwgzsm-A,gmaps_v2,clothing_store,retail,N_A,1687847039,1508476850,70,https://www.google.com/maps/preview/review/listentitiesreviews?authuser=0&hl=en&gl=in&pb=!1m2!1y4300401236804753485!2y16184789225434850354!2m2!2i10!3sCAESBkVnSUlQQQ==!3e2!4m5!3b1!4b1!6b1!7b1!20b1!5m2!1sPsrQZPb9H5adseMPzOi5IA!7e81,0.031791235945009794
ChIJheZ25iMYrjsRMmwrhcFrTPI,"Basics Life. Bangalore, Sahakara Nagar",13.06362533569336,77.58904266357422,0x3bae1823e676e685:0xf24c6bc1852b6c32,N_A,N_A,79,https://www.google.com/maps/place/?q=place_id:ChIJheZ25iMYrjsRMmwrhcFrTPI,gmaps_v2,clothing_store,retail,N_A,1687847039,1470668634,143,https://www.google.com/maps/preview/review/listentitiesreviews?authuser=0&hl=en&gl=in&pb=!1m2!1y4300401236654876293!2y17459448334315646002!2m2!2i10!3sCAESB0VnTUlqQUU=!3e2!4m5!3b1!4b1!6b1!7b1!20b1!5m2!1sPsrQZPb9H5adseMPzOi5IA!7e81,0.03142853913122716
ChIJi-NxmyEYrjsR9XTmw3_WXsM,Krushna Pav Bhaji & Chaat,13.062203407287598,77.58736419677734,0x3bae18219b71e38b:0xc35ed67fc3e674f5,N_A,N_A,67,https://www.google.com/maps/place/?q=place_id:ChIJi-NxmyEYrjsR9XTmw3_WXsM,gmaps_v2,restaurant,food,N_A,1699615207,1515322387,67,https://www.google.com/maps/preview/review/listentitiesreviews?authuser=0&hl=en&gl=in&pb=!1m2!1y4300401226806322059!2y14077925329442600181!2m2!2i10!3sCAESBkVnSUlQQQ==!3e2!4m5!3b1!4b1!6b1!7b1!20b1!5m2!1sPsrQZPb9H5adseMPzOi5IA!7e81,0.03141088187808944
ChIJW5LQJCIYrjsRUH-CHdfXHcI,Balaji super market,13.063815116882324,77.58686828613281,0x3bae182224d0925b:0xc21dd7d71d827f50,N_A,N_A,70,https://www.google.com/maps/place/?q=place_id:ChIJW5LQJCIYrjsRUH-CHdfXHcI,gmaps_v2,supermarket,retail,N_A,1699615207,1481265255,70,https://www.google.com/maps/preview/review/listentitiesreviews?authuser=0&hl=en&gl=in&pb=!1m2!1y4300401229111005787!2y13987573336595660624!2m2!2i10!3sCAESBkVnSUlQQQ==!3e2!4m5!3b1!4b1!6b1!7b1!20b1!5m2!1sPsrQZPb9H5adseMPzOi5IA!7e81,0.0276986550471053
ChIJbf-igqUZrjsRK7bL0rT64fk,HANUMAN FANCY,13.06354522705078,77.58697509765625,0x3bae19a582a2ff6d:0xf9e1fab4d2cbb62b,N_A,N_A,78,https://www.google.com/maps/place/?q=place_id:ChIJbf-igqUZrjsRK7bL0rT64fk,gmaps_v2,home_decor,retail,N_A,1695212099,1447762167,84,https://www.google.com/maps/preview/review/listentitiesreviews?authuser=0&hl=en&gl=in&pb=!1m2!1y4300402892837420909!2y18005948439741576747!2m2!2i10!3sCAESBkVnSUlVQQ==!3e2!4m5!3b1!4b1!6b1!7b1!20b1!5m2!1sPsrQZPb9H5adseMPzOi5IA!7e81,0.02723460033118942
ChIJLQs3qJkXrjsR_D1VVsfhM7g,Unilet Head Office,13.0634126663208,77.59068298339844,0x3bae1799a8370b2d:0xb833e1c756553dfc,uniletstores,Unilet,31,https://www.google.com/maps/place/?q=place_id:ChIJLQs3qJkXrjsR_D1VVsfhM7g,gmaps_v2,electronic_store,retail,N_A,1695212099,1596793616,34,https://www.google.com/maps/preview/review/listentitiesreviews?authuser=0&hl=en&gl=in&pb=!1m2!1y4300400642905017133!2y13273200773054152188!2m2!2i10!3sCAESBkVnSUlIZw==!3e2!4m5!3b1!4b1!6b1!7b1!20b1!5m2!1sPsrQZPb9H5adseMPzOi5IA!7e81,0.027214400368272287
ChIJyXq3jiEYrjsRTtLMoJ99efY,Mahadev fashion,13.062788963317873,77.58660125732422,0x3bae18218eb77ac9:0xf6797d9fa0ccd24e,N_A,N_A,55,https://www.google.com/maps/place/?q=place_id:ChIJyXq3jiEYrjsRTtLMoJ99efY,gmaps_v2,clothing_store,retail,N_A,1687847039,1472569455,60,https://www.google.com/maps/preview/review/listentitiesreviews?authuser=0&hl=en&gl=in&pb=!1m2!1y4300401226592778953!2y17760364730063311438!2m2!2i10!3sCAESBkVnSUlNZw==!3e2!4m5!3b1!4b1!6b1!7b1!20b1!5m2!1sPsrQZPb9H5adseMPzOi5IA!7e81,0.02207382632090483
ChIJdfO6BlEZrjsRBkVpagp12tE,LEE CAR decor,13.065051078796388,77.58427429199219,0x3bae195106baf375:0xd1da750a6a694506,N_A,N_A,40,https://www.google.com/maps/place/?q=place_id:ChIJdfO6BlEZrjsRBkVpagp12tE,gmaps_v2,electronic_store,retail,N_A,1695212099,1534852470,40,https://www.google.com/maps/preview/review/listentitiesreviews?authuser=0&hl=en&gl=in&pb=!1m2!1y4300402529981363061!2y15121527386445268230!2m2!2i10!3sCAESBkVnSUlIZw==!3e2!4m5!3b1!4b1!6b1!7b1!20b1!5m2!1sPsrQZPb9H5adseMPzOi5IA!7e81,0.021551558965006087
ChIJfQWkM_MZrjsRSoJX1TkL8ws,sangeetha veg and non veg,13.06302547454834,77.58694458007812,0x3bae19f333a4057d:0xbf30b39d557824a,N_A,N_A,36,https://www.google.com/maps/place/?q=place_id:ChIJfQWkM_MZrjsRSoJX1TkL8ws,gmaps_v2,restaurant,food,N_A,1699615207,1550508468,37,https://www.google.com/maps/preview/review/listentitiesreviews?authuser=0&hl=en&gl=in&pb=!1m2!1y4300403226519537021!2y861044296778220106!2m2!2i10!3sCAESBkVnSUlIZw==!3e2!4m5!3b1!4b1!6b1!7b1!20b1!5m2!1sPsrQZPb9H5adseMPzOi5IA!7e81,0.020860224164650266
ChIJyQFVxSMYrjsR80PCFssNIvo,RIDDHI SIDDHI FASHION,13.06365203857422,77.58848571777344,0x3bae1823c55501c9:0xfa220dcb16c243f3,N_A,N_A,41,https://www.google.com/maps/place/?q=place_id:ChIJyQFVxSMYrjsR80PCFssNIvo,gmaps_v2,clothing_store,retail,N_A,1687847039,1503828563,43,https://www.google.com/maps/preview/review/listentitiesreviews?authuser=0&hl=en&gl=in&pb=!1m2!1y4300401236099006921!2y18023983824601498611!2m2!2i10!3sCAESBkVnSUlLQQ==!3e2!4m5!3b1!4b1!6b1!7b1!20b1!5m2!1sPsrQZPb9H5adseMPzOi5IA!7e81,0.019250240937763227
ChIJW-kjnyYYrjsR55WOOhitw8Y,Kyara,13.06357192993164,77.5870132446289,0x3bae18269f23e95b:0xc6c3ad183a8e95e7,N_A,N_A,38,https://www.google.com/maps/place/?q=place_id:ChIJW-kjnyYYrjsR55WOOhitw8Y,gmaps_v2,clothing_store,retail,N_A,1687847039,1514359437,42,https://www.google.com/maps/preview/review/listentitiesreviews?authuser=0&hl=en&gl=in&pb=!1m2!1y4300401248343157083!2y14322481559541552615!2m2!2i10!3sCAESBkVnSUlLQQ==!3e2!4m5!3b1!4b1!6b1!7b1!20b1!5m2!1sPsrQZPb9H5adseMPzOi5IA!7e81,0.018924695264391285
ChIJPU8PMiIYrjsRTJ4k6L3snkQ,Lighting Gallery,13.06367301940918,77.5874252319336,0x3bae1822320f4f3d:0x449eecbde8249e4c,N_A,N_A,33,https://www.google.com/maps/place/?q=place_id:ChIJPU8PMiIYrjsRTJ4k6L3snkQ,gmaps_v2,home_decor,retail,N_A,1695212099,1520777122,33,https://www.google.com/maps/preview/review/listentitiesreviews?authuser=0&hl=en&gl=in&pb=!1m2!1y4300401229333221181!2y4944649741287071308!2m2!2i10!3sCAESBkVnSUlIZw==!3e2!4m5!3b1!4b1!6b1!7b1!20b1!5m2!1sPsrQZPb9H5adseMPzOi5IA!7e81,0.016345345692911118
ChIJW8Ee0iMYrjsRijzLVroOydk,SLV Buy and Save,13.063624382019045,77.58819580078125,0x3bae1823d21ec15b:0xd9c90eba56cb3c8a,N_A,N_A,41,https://www.google.com/maps/place/?q=place_id:ChIJW8Ee0iMYrjsRijzLVroOydk,gmaps_v2,supermarket,retail,N_A,1699615207,1470380944,41,https://www.google.com/maps/preview/review/listentitiesreviews?authuser=0&hl=en&gl=in&pb=!1m2!1y4300401236313555291!2y15693090570032069770!2m2!2i10!3sCAESBkVnSUlLQQ==!3e2!4m5!3b1!4b1!6b1!7b1!20b1!5m2!1sPsrQZPb9H5adseMPzOi5IA!7e81,0.015453187292512202
ChIJ0Yq9zyMYrjsRWUOCIk1UWQI,BIBA,13.06374454498291,77.58699798583984,0x3bae1823cfbd8ad1:0x259544d22824359,biba,Biba,37,https://www.google.com/maps/place/?q=place_id:ChIJ0Yq9zyMYrjsRWUOCIk1UWQI,gmaps_v2,clothing_store,retail,N_A,1687847039,1471507528,40,https://www.google.com/maps/preview/review/listentitiesreviews?authuser=0&hl=en&gl=in&pb=!1m2!1y4300401236273629905!2y169259151271281497!2m2!2i10!3sCAESBkVnSUlIZw==!3e2!4m5!3b1!4b1!6b1!7b1!20b1!5m2!1sPsrQZPb9H5adseMPzOi5IA!7e81,0.01477677371656812
19135258,The Egg Factory,13.0642775585,77.5904857367,19135258,zomato_the_egg_factory,The Egg Factory,32,,zomato,restaurant,food,N_A,1688639100,1561228200,33,,0.010849935131138702
ChIJzUDLXxwYrjsR4kqGSWIHnTo,W For Woman,13.063844680786133,77.58741760253906,0x3bae181c5fcb40cd:0x3a9d076249864ae2,wforwoman,Wforwoman,29,https://www.google.com/maps/place/?q=place_id:ChIJzUDLXxwYrjsR4kqGSWIHnTo,gmaps_v2,clothing_store,retail,N_A,1687847039,0,0,,0.0014844947095943568
ChIJGdEf-hQZrjsRa32Q0zM89BQ,Sea Sure - Flavours Of Coastal,13.06204605102539,77.58708953857422,0x3bae1914fa1fd119:0x14f43c33d3907d6b,N_A,N_A,28,https://www.google.com/maps/place/?q=place_id:ChIJGdEf-hQZrjsRa32Q0zM89BQ,gmaps_v2,restaurant,food,N_A,1699615207,0,0,,0.0014233810041451341
ChIJjZOsIKcZrjsRLTJLYGYya4E,Springwel Mattress (Exclusive Showroom),13.06362247467041,77.58722686767578,0x3bae19a720ac938d:0x816b3266604b322d,springwel,Springwel Mattresses,27,https://www.google.com/maps/place/?q=place_id:ChIJjZOsIKcZrjsRLTJLYGYya4E,gmaps_v2,home_decor,retail,furniture_store,1695212099,0,0,,0.0013761109901092086
ChIJra0uRCEYrjsROUQnR9ut4W4,Janani Electricals,13.061965942382812,77.58990478515625,0x3bae1821442eadad:0x6ee1addb47274439,N_A,N_A,26,https://www.google.com/maps/place/?q=place_id:ChIJra0uRCEYrjsROUQnR9ut4W4,gmaps_v2,electronic_store,retail,N_A,1695212099,0,0,,0.0013251439164014603
ChIJFe1SiiEYrjsRczqk8HKj6Z0,Swathi enterprises,13.063627243041992,77.5887680053711,0x3bae18218a52ed15:0x9de9a372f0a43a73,N_A,N_A,25,https://www.google.com/maps/place/?q=place_id:ChIJFe1SiiEYrjsRczqk8HKj6Z0,gmaps_v2,jewelry_store,retail,N_A,1687847039,0,0,,0.0012797368186158247
ChIJRQA1_14ZrjsR5pQ40dWZioI,ACCORD VENTURES,13.06039047241211,77.58628845214844,0x3bae195eff350045:0x828a99d5d13894e6,N_A,N_A,25,https://www.google.com/maps/place/?q=place_id:ChIJRQA1_14ZrjsR5pQ40dWZioI,gmaps_v2,electronic_store,retail,N_A,1695212099,0,0,,0.0012741768426937118
ChIJB4kLGSgZrjsRzvx98Qo0Ydc,YumJar,13.062715530395508,77.58454132080078,0x3bae1928190b8907:0xd761340af17dfcce,N_A,N_A,24,https://www.google.com/maps/place/?q=place_id:ChIJB4kLGSgZrjsRzvx98Qo0Ydc,gmaps_v2,coffee_shop,food,N_A,1687847039,0,0,,0.001228547345871192
ChIJiaMbJJAZrjsRyKmQtoc1zZQ,Jojo hot momo's,13.062010765075684,77.58712768554688,0x3bae1990241ba389:0x94cd3587b690a9c8,N_A,N_A,23,https://www.google.com/maps/place/?q=place_id:ChIJiaMbJJAZrjsRyKmQtoc1zZQ,gmaps_v2,restaurant,food,N_A,1699615207,0,0,,0.0011692058248335031
ChIJN0sMl6AZrjsR9PU-h80j7bo,Annapoorna Refreshments,13.062793731689451,77.58692169189453,0x3bae19a0970c4b37:0xbaed23cd873ef5f4,N_A,N_A,22,https://www.google.com/maps/place/?q=place_id:ChIJN0sMl6AZrjsR9PU-h80j7bo,gmaps_v2,restaurant,food,N_A,1687847039,0,0,,0.0011261684003819258
ChIJ5YYe33IZrjsRwhWLyg7q-0M,Sabhyata Sahakara Nagara,13.06367015838623,77.59062194824219,0x3bae1972df1e86e5:0x43fbea0eca8b15c2,N_A,N_A,22,https://www.google.com/maps/place/?q=place_id:ChIJ5YYe33IZrjsRwhWLyg7q-0M,gmaps_v2,clothing_store,retail,N_A,1687847039,0,0,,0.0011261684003819258
ChIJPylIECIYrjsRlmF0kwT8e-E,The World Time Centre,13.063763618469238,77.58566284179688,0x3bae18221048293f:0xe17bfc0493746196,N_A,N_A,22,https://www.google.com/maps/place/?q=place_id:ChIJPylIECIYrjsRlmF0kwT8e-E,gmaps_v2,clothing_store,retail,N_A,1687847039,0,0,,0.0011261684003819258
ChIJu__NIiIYrjsR5SNUdt_Gnn0,Srushti Communication & Digital Photo Studio,13.063399314880373,77.58649444580078,0x3bae182222cdffbb:0x7d9ec6df765423e5,N_A,N_A,22,https://www.google.com/maps/place/?q=place_id:ChIJu__NIiIYrjsR5SNUdt_Gnn0,gmaps_v2,electronic_store,retail,N_A,1695212099,0,0,,0.0011212756215704665
ChIJvUPIsWUZrjsRru9tBo7iPAA,Bose:Holistic AV,13.063852310180664,77.58950805664062,0x3bae1965b1c843bd:0x3ce28e066defae,N_A,N_A,22,https://www.google.com/maps/place/?q=place_id:ChIJvUPIsWUZrjsRru9tBo7iPAA,gmaps_v2,electronic_store,retail,N_A,1695212099,0,0,,0.0011212756215704665
ChIJU6lQTqEZrjsRkP43fUrwI1Y,UNIFORM CENTRAL,13.063904762268066,77.5910415649414,0x3bae19a14e50a953:0x5623f04a7d37fe90,N_A,N_A,21,https://www.google.com/maps/place/?q=place_id:ChIJU6lQTqEZrjsRkP43fUrwI1Y,gmaps_v2,clothing_store,retail,N_A,1687847039,0,0,,0.0010749789276372928
ChIJaTwEOSIYrjsRNDgbW7Xp1P0,Dugar (The World Of Fashion),13.06412410736084,77.58680725097656,0x3bae182239043c69:0xfdd4e9b55b1b3834,N_A,N_A,20,https://www.google.com/maps/place/?q=place_id:ChIJaTwEOSIYrjsRNDgbW7Xp1P0,gmaps_v2,clothing_store,retail,N_A,1687847039,0,0,,0.0010237894548926598
ChIJvyJF5vQ9rjsR9HiQoUz5kEQ,IFB Point - Sahakar Nagar,13.063142776489258,77.58657836914062,0x3bae3df4e64522bf:0x4490f94ca19078f4,ifbappliances,IFB Appliances,20,https://www.google.com/maps/place/?q=place_id:ChIJvyJF5vQ9rjsR9HiQoUz5kEQ,gmaps_v2,electronic_store,retail,N_A,1695212099,0,0,,0.0010193414741549694
ChIJ84rOgiwZrjsR1v4QBLK0KIo,Bayar's Coffee - Sahakara Nagar,13.065619468688965,77.5846939086914,0x3bae192c82ce8af3:0x8a28b4b20410fed6,bayarscoffee,Bayar's Coffee,19,https://www.google.com/maps/place/?q=place_id:ChIJ84rOgiwZrjsR1v4QBLK0KIo,gmaps_v2,coffee_shop,food,tea_shop,1687847039,0,0,,0.0009725999821480269
ChIJaXmz7yMYrjsRI1qxLhW-wNc,Swathishri Jewellers,13.063676834106444,77.58985137939453,0x3bae1823efb37969:0xd7c0be152eb15a23,N_A,N_A,19,https://www.google.com/maps/place/?q=place_id:ChIJaXmz7yMYrjsRI1qxLhW-wNc,gmaps_v2,jewelry_store,retail,N_A,1687847039,0,0,,0.0009725999821480269
ChIJ7apkjYEZrjsRgPuYUP3DBmg,Design Science | Home Interiors,13.06386375427246,77.58863830566406,0x3bae19818d64aaed:0x6806c3fd5098fb80,N_A,N_A,19,https://www.google.com/maps/place/?q=place_id:ChIJ7apkjYEZrjsRgPuYUP3DBmg,gmaps_v2,home_decor,retail,N_A,1695212099,0,0,,0.000968374400447221
ChIJo-FPMiIYrjsRnCTpD3gRh-8,Mithil Boutique,13.06381607055664,77.58758544921875,0x3bae1822324fe1a3:0xef8711780fe9249c,N_A,N_A,18,https://www.google.com/maps/place/?q=place_id:ChIJo-FPMiIYrjsRnCTpD3gRh-8,gmaps_v2,clothing_store,retail,N_A,1687847039,0,0,,0.0009214105094033938
ChIJN9EJKCIYrjsRUinOokhPZtw,Mayur Selections,13.063298225402832,77.58601379394531,0x3bae18222809d137:0xdc664f48a2ce2952,N_A,N_A,17,https://www.google.com/maps/place/?q=place_id:ChIJN9EJKCIYrjsRUinOokhPZtw,gmaps_v2,shoe_store,retail,N_A,1687847039,0,0,,0.0008702210366587609
ChIJYcBXHCQYrjsR-GJnVWtEzLE,Iyengars Bakery,13.063543319702148,77.58673095703125,0x3bae18241c57c061:0xb1cc446b556762f8,N_A,N_A,17,https://www.google.com/maps/place/?q=place_id:ChIJYcBXHCQYrjsR-GJnVWtEzLE,gmaps_v2,coffee_shop,food,N_A,1687847039,0,0,,0.0008702210366587609
ChIJ__E6xBgYrjsRvl7g4_WSPfk,K E B And Bescom Billing Office,13.063970565795898,77.58305358886719,0x3bae1818c43af1ff:0xf93d92f5e3e05ebe,N_A,N_A,17,https://www.google.com/maps/place/?q=place_id:ChIJ__E6xBgYrjsRvl7g4_WSPfk,gmaps_v2,electronic_store,retail,N_A,1695212099,0,0,,0.000866440253031724
ChIJOWg0myEYrjsRBLKs1YV7hkM,Lakshmi Textiles,13.06229305267334,77.58722686767578,0x3bae18219b346839:0x43867b85d5acb204,N_A,N_A,16,https://www.google.com/maps/place/?q=place_id:ChIJOWg0myEYrjsRBLKs1YV7hkM,gmaps_v2,clothing_store,retail,N_A,1687847039,0,0,,0.0008190315639141279
ChIJr9wTISIYrjsROc5k2JQiO_c,Kishis Hot Jalebi And Samosa,13.06319522857666,77.58663177490234,0x3bae18222113dcaf:0xf73b2294d864ce39,N_A,N_A,16,https://www.google.com/maps/place/?q=place_id:ChIJr9wTISIYrjsROc5k2JQiO_c,gmaps_v2,coffee_shop,food,N_A,1687847039,0,0,,0.0008190315639141279
ChIJrVTSOyIYrjsRFpWhiPEurhg,Glamorous,13.0641450881958,77.58675384521484,0x3bae18223bd254ad:0x18ae2ef188a19516,N_A,N_A,16,https://www.google.com/maps/place/?q=place_id:ChIJrVTSOyIYrjsRFpWhiPEurhg,gmaps_v2,clothing_store,retail,N_A,1687847039,0,0,,0.0008190315639141279
ChIJN9EJKCIYrjsRQSj7hz7rPKE,Khushbu Fancy Store,13.063043594360352,77.58717346191406,0x3bae18222809d137:0xa13ceb3e87fb2841,N_A,N_A,15,https://www.google.com/maps/place/?q=place_id:ChIJN9EJKCIYrjsRQSj7hz7rPKE,gmaps_v2,shoe_store,retail,N_A,1687847039,0,0,,0.0007678420911694949
ChIJpbES8l8ZrjsR_FjjK7X-rxU,Van Heusen,13.063693046569824,77.59049224853516,0x3bae195ff212b1a5:0x15affeb52be358fc,vanheusenindia,Van Heusen,15,https://www.google.com/maps/place/?q=place_id:ChIJpbES8l8ZrjsR_FjjK7X-rxU,gmaps_v2,clothing_store,retail,N_A,1687847039,0,0,,0.0007678420911694949
ChIJ5_1ehCEYrjsR0y_g74a20ew,Affection,13.062570571899414,77.58719635009766,0x3bae1821845efde7:0xecd1b686efe02fd3,N_A,N_A,14,https://www.google.com/maps/place/?q=place_id:ChIJ5_1ehCEYrjsR0y_g74a20ew,gmaps_v2,clothing_store,retail,N_A,1687847039,0,0,,0.0007166526184248619
ChIJwXFxh9AZrjsRB4sgp1ETKOY,Krishna Jewels,13.062649726867676,77.5867919921875,0x3bae19d0877171c1:0xe6281351a7208b07,N_A,N_A,14,https://www.google.com/maps/place/?q=place_id:ChIJwXFxh9AZrjsRB4sgp1ETKOY,gmaps_v2,jewelry_store,retail,N_A,1687847039,0,0,,0.0007166526184248619
ChIJ9TZJr_oZrjsRUJXvNc5uVF4,SRI BHAIRAVA SILKS,13.063484191894531,77.58638000488281,0x3bae19faaf4936f5:0x5e546ece35ef9550,N_A,N_A,14,https://www.google.com/maps/place/?q=place_id:ChIJ9TZJr_oZrjsRUJXvNc5uVF4,gmaps_v2,clothing_store,retail,N_A,1687847039,0,0,,0.0007166526184248619
ChIJY13eDiIYrjsR8TbpA69QgQA,Khadi India,13.063748359680176,77.58533477783203,0x3bae18220ede5d63:0x8150af03e936f1,N_A,N_A,14,https://www.google.com/maps/place/?q=place_id:ChIJY13eDiIYrjsR8TbpA69QgQA,gmaps_v2,clothing_store,retail,N_A,1687847039,0,0,,0.0007166526184248619
ChIJ6QMTEGUVrjsR3vRzXYml80E,Go Colors,13.063657760620115,77.58992767333984,0x3bae1565101303e9:0x41f3a5895d73f4de,gocolors,Gocolors,14,https://www.google.com/maps/place/?q=place_id:ChIJ6QMTEGUVrjsR3vRzXYml80E,gmaps_v2,clothing_store,retail,N_A,1687847039,0,0,,0.0007166526184248619
ChIJSYL62iMYrjsRK-yQ8V44gyI,Favorite Decor,13.063507080078123,77.58851623535156,0x3bae1823dafa8249:0x2283385ef190ec2b,N_A,N_A,14,https://www.google.com/maps/place/?q=place_id:ChIJSYL62iMYrjsRK-yQ8V44gyI,gmaps_v2,home_decor,retail,N_A,1695212099,0,0,,0.0007135390319084786
ChIJoRI_oBsZrjsRwaCNbC4QiFY,Devna Stitching Studio,13.06169319152832,77.58663177490234,0x3bae191ba03f12a1:0x5688102e6c8da0c1,N_A,N_A,13,https://www.google.com/maps/place/?q=place_id:ChIJoRI_oBsZrjsRwaCNbC4QiFY,gmaps_v2,clothing_store,retail,N_A,1687847039,0,0,,0.0006654631456802289
ChIJ39UJdyIYrjsR6fzKu-Li9NU,Sri Siddhi Vinayaka Computer Networks,13.064770698547363,77.58512878417969,0x3bae18227709d5df:0xd5f4e2e2bbcafce9,N_A,N_A,13,https://www.google.com/maps/place/?q=place_id:ChIJ39UJdyIYrjsR6fzKu-Li9NU,gmaps_v2,electronic_store,retail,N_A,1695212099,0,0,,0.0006625719582007302
ChIJddw7ZS4ZrjsRSg75VGfKxZQ,Home Run Cafe,13.062952041625977,77.58789825439453,0x3bae192e653bdc75:0x94c5ca6754f90e4a,N_A,N_A,13,https://www.google.com/maps/place/?q=place_id:ChIJddw7ZS4ZrjsRSg75VGfKxZQ,gmaps_v2,restaurant,food,N_A,1699615207,0,0,,0.0006608554662102409
ChIJyw-bKi8ZrjsRUytYhbHy_8M,The Brand Station,13.063721656799316,77.58589172363281,0x3bae192f2a9b0fcb:0xc3fff2b185582b53,N_A,N_A,12,https://www.google.com/maps/place/?q=place_id:ChIJyw-bKi8ZrjsRUytYhbHy_8M,gmaps_v2,clothing_store,retail,N_A,1687847039,0,0,,0.000614273672935596
ChIJJzxq2yMYrjsRfzIx55oGPww,Taamra,13.063621520996094,77.58873748779297,0x3bae1823db6a3c27:0xc3f069ae731327f,N_A,N_A,12,https://www.google.com/maps/place/?q=place_id:ChIJJzxq2yMYrjsRfzIx55oGPww,gmaps_v2,clothing_store,retail,N_A,1687847039,0,0,,0.000614273672935596
ChIJFViSnpYZrjsRSMfHbr2cWwQ,Kelvin Scale,13.063870429992676,77.5899429321289,0x3bae19969e925815:0x45b9cbd6ec7c748,N_A,N_A,11,https://www.google.com/maps/place/?q=place_id:ChIJFViSnpYZrjsRSMfHbr2cWwQ,gmaps_v2,coffee_shop,food,N_A,1687847039,0,0,,0.0005630842001909629
ChIJN9FnhZMZrjsRyn1X_goPWZA,Harshitha Tiffin Centre,13.06201457977295,77.58709716796875,0x3bae19938567d137:0x90590f0afe577dca,N_A,N_A,11,https://www.google.com/maps/place/?q=place_id:ChIJN9FnhZMZrjsRyn1X_goPWZA,gmaps_v2,restaurant,food,N_A,1687847039,0,0,,0.0005630842001909629
ChIJs_wSOfgZrjsRLfKh5HVpqbM,Jaswant mobile care,13.0639009475708,77.58904266357422,0x3bae19f83912fcb3:0xb3a96975e4a1f22d,N_A,N_A,11,https://www.google.com/maps/place/?q=place_id:ChIJs_wSOfgZrjsRLfKh5HVpqbM,gmaps_v2,electronic_store,retail,N_A,1695212099,0,0,,0.0005606378107852332
ChIJbU8PhSYYrjsRE5GcRP3KhS0,Vinayaka Electricals,13.063672065734863,77.58741760253906,0x3bae1826850f4f6d:0x2d85cafd449c9113,N_A,N_A,11,https://www.google.com/maps/place/?q=place_id:ChIJbU8PhSYYrjsRE5GcRP3KhS0,gmaps_v2,electronic_store,retail,N_A,1695212099,0,0,,0.0005606378107852332
ChIJA2LFYdoZrjsRQ3QcIGCvd7w,Samo Twisted Potato ( Potato Twister),13.06386661529541,77.58772277832031,0x3bae19da61c56203:0xbc77af60201c7443,N_A,N_A,11,https://www.google.com/maps/place/?q=place_id:ChIJA2LFYdoZrjsRQ3QcIGCvd7w,gmaps_v2,restaurant,food,N_A,1699615207,0,0,,0.0005591853944855884
ChIJ4fq4pzoZrjsRJ5k3A6zeY3o,"Sikori Pure Veg Restaurant, Sweets & Savouries",13.063709259033203,77.59065246582031,0x3bae193aa7b8fae1:0x7a63deac03379927,N_A,N_A,11,https://www.google.com/maps/place/?q=place_id:ChIJ4fq4pzoZrjsRJ5k3A6zeY3o,gmaps_v2,restaurant,food,N_A,1699615207,0,0,,0.0005591853944855884
ChIJ45irpEcZrjsR5o2kZ06Etb8,Tandoori chai,13.063533782958984,77.58665466308594,0x3bae1947a4ab98e3:0xbfb5844e67a48de6,N_A,N_A,10,https://www.google.com/maps/place/?q=place_id:ChIJ45irpEcZrjsR5o2kZ06Etb8,gmaps_v2,coffee_shop,food,N_A,1687847039,0,0,,0.0005118947274463299
ChIJbYK_PFgZrjsRF3YfGGyQGwM,TIMES WORLD,13.06069278717041,77.58750915527344,0x3bae19583cbf826d:0x31b906c181f7617,N_A,N_A,10,https://www.google.com/maps/place/?q=place_id:ChIJbYK_PFgZrjsRF3YfGGyQGwM,gmaps_v2,clothing_store,retail,N_A,1687847039,0,0,,0.0005118947274463299
ChIJSZBXwRgYrjsRo7KAPIjq7bA,Shivamohan Electricals,13.063837051391602,77.58308410644531,0x3bae1818c1579049:0xb0edea883c80b2a3,N_A,N_A,10,https://www.google.com/maps/place/?q=place_id:ChIJSZBXwRgYrjsRo7KAPIjq7bA,gmaps_v2,electronic_store,retail,N_A,1695212099,0,0,,0.0005096707370774847
ChIJBXqL5SMYrjsRwa6F4UYy9Bc,BETHLIVING STELLAR,13.063661575317385,77.5896224975586,0x3bae1823e58b7a05:0x17f43246e185aec1,cromatica,Cromatica,10,https://www.google.com/maps/place/?q=place_id:ChIJBXqL5SMYrjsRwa6F4UYy9Bc,gmaps_v2,home_decor,retail,furniture_store,1695212099,0,0,,0.0005096707370774847
ChIJQxtUmX0ZrjsRZooy6WbrjLM,Bangarpete Panipuri,13.062838554382324,77.5865249633789,0x3bae197d99541b43:0xb38ceb66e9328a66,N_A,N_A,10,https://www.google.com/maps/place/?q=place_id:ChIJQxtUmX0ZrjsRZooy6WbrjLM,gmaps_v2,restaurant,food,N_A,1699615207,0,0,,0.0005083503586232622
ChIJsUtP_C4ZrjsRSflXiEI3TAA,Sri Sai Creations,13.063847541809082,77.58576965332031,0x3bae192efc4f4bb1:0x4c37428857f949,N_A,N_A,9,https://www.google.com/maps/place/?q=place_id:ChIJsUtP_C4ZrjsRSflXiEI3TAA,gmaps_v2,clothing_store,retail,N_A,1687847039,0,0,,0.0004607052547016969
ChIJJeyO6hgYrjsRHFmSo7n9OLc,Luker Electric Technologies Pvt.Ltd.,13.064218521118164,77.58328247070312,0x3bae1818ea8eec25:0xb738fdb9a392591c,N_A,N_A,9,https://www.google.com/maps/place/?q=place_id:ChIJJeyO6hgYrjsRHFmSo7n9OLc,gmaps_v2,electronic_store,retail,N_A,1695212099,0,0,,0.00045870366336973623
ChIJYTROHyIYrjsRaY_TFhMCfXI,Mobiworld,13.063209533691406,77.58625030517578,0x3bae18221f4e3461:0x727d021316d38f69,N_A,N_A,9,https://www.google.com/maps/place/?q=place_id:ChIJYTROHyIYrjsRaY_TFhMCfXI,gmaps_v2,electronic_store,retail,N_A,1695212099,0,0,,0.00045870366336973623
ChIJ-y0o5_UZrjsR4h5cbaxe2T8,Hrutvi India,13.062870979309082,77.59001159667969,0x3bae19f5e7282dfb:0x3fd95eac6d5c1ee2,N_A,N_A,8,https://www.google.com/maps/place/?q=place_id:ChIJ-y0o5_UZrjsR4h5cbaxe2T8,gmaps_v2,clothing_store,retail,N_A,1687847039,0,0,,0.00040951578195706393
ChIJt3QNzOAZrjsRFMA2gO2altM,Boston Fashion,13.063638687133787,77.58863067626953,0x3bae19e0cc0d74b7:0xd3969aed8036c014,N_A,N_A,8,https://www.google.com/maps/place/?q=place_id:ChIJt3QNzOAZrjsRFMA2gO2altM,gmaps_v2,clothing_store,retail,N_A,1687847039,0,0,,0.00040951578195706393
ChIJVY7AU-cZrjsRvaFx02QTwSQ,PETALS THE FASHION POINT,13.062697410583496,77.58671569824219,0x3bae19e753c08e55:0x24c11364d371a1bd,N_A,N_A,8,https://www.google.com/maps/place/?q=place_id:ChIJVY7AU-cZrjsRvaFx02QTwSQ,gmaps_v2,clothing_store,retail,N_A,1687847039,0,0,,0.00040951578195706393
ChIJF_zFdecZrjsRfzLET8AdeFU,VanHeusen Innerwear,13.063843727111816,77.58914947509766,0x3bae19e775c5fc17:0x55781dc04fc4327f,vanheusenindia,Van Heusen,8,https://www.google.com/maps/place/?q=place_id:ChIJF_zFdecZrjsRfzLET8AdeFU,gmaps_v2,clothing_store,retail,N_A,1687847039,0,0,,0.00040951578195706393
ChIJ0daHiCEYrjsRTxIVruxpBx8,Centura Home Decor,13.06297492980957,77.58688354492188,0x3bae18218887d6d1:0x1f0769ecae15124f,N_A,N_A,8,https://www.google.com/maps/place/?q=place_id:ChIJ0daHiCEYrjsRTxIVruxpBx8,gmaps_v2,home_decor,retail,N_A,1695212099,0,0,,0.00040773658966198776
ChIJX5f_oyEYrjsRDcaRx55ajYs,Sri Vinayaka Tiffen Centre,13.062332153320312,77.58719635009766,0x3bae1821a3ff975f:0x8b8d5a9ec791c60d,N_A,N_A,8,https://www.google.com/maps/place/?q=place_id:ChIJX5f_oyEYrjsRDcaRx55ajYs,gmaps_v2,restaurant,food,N_A,1699615207,0,0,,0.00040668028689860977
ChIJL4ecWX4ZrjsR-weTzsExlmg,Priyanka's Design Studio,13.06357765197754,77.59091186523438,0x3bae197e599c872f:0x689631c1ce9307fb,N_A,N_A,7,https://www.google.com/maps/place/?q=place_id:ChIJL4ecWX4ZrjsR-weTzsExlmg,gmaps_v2,clothing_store,retail,N_A,1687847039,0,0,,0.00035832630921243095
ChIJF9qXw70ZrjsRQIHRzvpiWb4,Aurelia,13.063848495483398,77.58741760253906,0x3bae19bdc397da17:0xbe5962faced18140,shopforaurelia,Aurelia,7,https://www.google.com/maps/place/?q=place_id:ChIJF9qXw70ZrjsRQIHRzvpiWb4,gmaps_v2,clothing_store,retail,N_A,1687847039,0,0,,0.00035832630921243095
ChIJk5whAiQYrjsRzCDDj0rQ-6k,North Indian Special Food,13.063227653503418,77.59092712402344,0x3bae182402219c93:0xa9fbd04a8fc320cc,N_A,N_A,7,https://www.google.com/maps/place/?q=place_id:ChIJk5whAiQYrjsRzCDDj0rQ-6k,gmaps_v2,restaurant,food,N_A,1699615207,0,0,,0.00035584525103628354
ChIJb41PlRgYrjsRc4di7zhyL64,Paddu corner,13.064229011535645,77.58345794677734,0x3bae1818954f8d6f:0xae2f7238ef628773,N_A,N_A,6,https://www.google.com/maps/place/?q=place_id:ChIJb41PlRgYrjsRc4di7zhyL64,gmaps_v2,coffee_shop,food,N_A,1687847039,0,0,,0.000307136836467798
ChIJ3XWzMiIYrjsRGBXqF09JJZo,Sadhbhaava Creations,13.06240940093994,77.58720397949219,0x3bae182232b375dd:0x9a25494f17ea1518,N_A,N_A,6,https://www.google.com/maps/place/?q=place_id:ChIJ3XWzMiIYrjsRGBXqF09JJZo,gmaps_v2,clothing_store,retail,N_A,1687847039,0,0,,0.000307136836467798
ChIJN9GiuZ0ZrjsRuVP-3xsQQqk,Nezish •M,13.062715530395508,77.58983612060547,0x3bae199db9a2d137:0xa942101bdffe53b9,N_A,N_A,6,https://www.google.com/maps/place/?q=place_id:ChIJN9GiuZ0ZrjsRuVP-3xsQQqk,gmaps_v2,clothing_store,retail,N_A,1687847039,0,0,,0.000307136836467798
ChIJhwf7CmYZrjsR_4MgTxAwZwo,Tea Break,13.063542366027832,77.586669921875,0x3bae19660afb0787:0xa6730104f2083ff,N_A,N_A,6,https://www.google.com/maps/place/?q=place_id:ChIJhwf7CmYZrjsR_4MgTxAwZwo,gmaps_v2,coffee_shop,food,N_A,1687847039,0,0,,0.000307136836467798
ChIJnxuIoGYZrjsRO6tbS4k-AIk,High Street café,13.063665390014648,77.58766174316406,0x3bae1966a0881b9f:0x89003e894b5bab3b,N_A,N_A,6,https://www.google.com/maps/place/?q=place_id:ChIJnxuIoGYZrjsRO6tbS4k-AIk,gmaps_v2,coffee_shop,food,N_A,1687847039,0,0,,0.000307136836467798
ChIJe4rSnVwZrjsRQIgW1ufE17U,MILAN FASHION,13.062952995300291,77.58638763427734,0x3bae195c9dd28a7b:0xb5d7c4e7d6168840,N_A,N_A,6,https://www.google.com/maps/place/?q=place_id:ChIJe4rSnVwZrjsRQIgW1ufE17U,gmaps_v2,clothing_store,retail,N_A,1687847039,0,0,,0.000307136836467798
ChIJ79QuLdYZrjsRWcDjugMCx7M,Jai Hanuman cotton world,13.063637733459473,77.58890533447266,0x3bae19d62d2ed4ef:0xb3c70203bae3c059,N_A,N_A,6,https://www.google.com/maps/place/?q=place_id:ChIJ79QuLdYZrjsRWcDjugMCx7M,gmaps_v2,clothing_store,retail,N_A,1687847039,0,0,,0.000307136836467798
ChIJy_6YiiEYrjsRRzAN2OWMzTg,Prince Designer mehandi,13.062989234924316,77.58634948730469,0x3bae18218a98fecb:0x38cd8ce5d80d3047,N_A,N_A,6,https://www.google.com/maps/place/?q=place_id:ChIJy_6YiiEYrjsRRzAN2OWMzTg,gmaps_v2,jewelry_store,retail,N_A,1687847039,0,0,,0.000307136836467798
ChIJGam3r2oZrjsRFv3Mv64VMMs,NO LIMIT,13.063823699951172,77.58877563476562,0x3bae196aafb7a919:0xcb3015aebfccfd16,N_A,N_A,6,https://www.google.com/maps/place/?q=place_id:ChIJGam3r2oZrjsRFv3Mv64VMMs,gmaps_v2,clothing_store,retail,N_A,1687847039,0,0,,0.000307136836467798
ChIJ4RRL940ZrjsRF-MWSWHm1ik,Liberty Exclusive Showroom,13.060636520385742,77.58751678466797,0x3bae198df74b14e1:0x29d6e6614916e317,libertyshoesonline,Liberty Shoes,6,https://www.google.com/maps/place/?q=place_id:ChIJ4RRL940ZrjsRF-MWSWHm1ik,gmaps_v2,shoe_store,retail,N_A,1687847039,0,0,,0.000307136836467798
ChIJyXq3jiEYrjsRx-ja4oG2Lmc,Laxmi Home Appliances,13.062640190124512,77.5867919921875,0x3bae18218eb77ac9:0x672eb681e2dae8c7,N_A,N_A,6,https://www.google.com/maps/place/?q=place_id:ChIJyXq3jiEYrjsRx-ja4oG2Lmc,gmaps_v2,home_decor,retail,N_A,1695212099,0,0,,0.0003058024422464908
ChIJqweoKCIYrjsRE1HsBBpHyqs,Shri Manjunatha Jewellers,13.063236236572266,77.58702087402344,0x3bae182228a807ab:0xabca471a04ec5113,N_A,N_A,5,https://www.google.com/maps/place/?q=place_id:ChIJqweoKCIYrjsRE1HsBBpHyqs,gmaps_v2,jewelry_store,retail,N_A,1687847039,0,0,,0.00025594736372316494
ChIJFyVcnCEYrjsRRlDtRz5Iqfk,Ramdev Textiles,13.061840057373049,77.58650970458984,0x3bae18219c5c2517:0xf9a9483e47ed5046,N_A,N_A,5,https://www.google.com/maps/place/?q=place_id:ChIJFyVcnCEYrjsRRlDtRz5Iqfk,gmaps_v2,jewelry_store,retail,N_A,1687847039,0,0,,0.00025594736372316494
ChIJJ7N5L-IZrjsR3gKHz-1GTmI,Priyanka's,13.066768646240234,77.58476257324219,0x3bae19e22f79b327:0x624e46edcf8702de,N_A,N_A,5,https://www.google.com/maps/place/?q=place_id:ChIJJ7N5L-IZrjsR3gKHz-1GTmI,gmaps_v2,clothing_store,retail,N_A,1687847039,0,0,,0.00025594736372316494
ChIJrUbVFZMZrjsRfyhRt6F0xiU,Tasva,13.063833236694336,77.58782196044922,0x3bae199315d546ad:0x25c674a1b751287f,tasva,Tasva,5,https://www.google.com/maps/place/?q=place_id:ChIJrUbVFZMZrjsRfyhRt6F0xiU,gmaps_v2,clothing_store,retail,N_A,1687847039,0,0,,0.00025594736372316494
ChIJb4BFIiIYrjsROAo2zG2CFBQ,impressions mens wear,13.063372611999512,77.58643341064453,0x3bae18222245806f:0x1414826dcc360a38,N_A,N_A,5,https://www.google.com/maps/place/?q=place_id:ChIJb4BFIiIYrjsROAo2zG2CFBQ,gmaps_v2,clothing_store,retail,N_A,1687847039,0,0,,0.00025594736372316494
ChIJv1dr_s0ZrjsRX8F3701PHSo,AND,13.063894271850586,77.58930969238281,0x3bae19cdfe6b57bf:0x2a1d4f4def77c15f,andindia,AND India,5,https://www.google.com/maps/place/?q=place_id:ChIJv1dr_s0ZrjsRX8F3701PHSo,gmaps_v2,clothing_store,retail,N_A,1687847039,0,0,,0.00025594736372316494
ChIJDUulMAAZrjsRbBrkUqeaK38,MAHASVIN COMPUTERS,13.062726974487305,77.58849334716797,0x3bae190030a54b0d:0x7f2b9aa752e41a6c,N_A,N_A,5,https://www.google.com/maps/place/?q=place_id:ChIJDUulMAAZrjsRbBrkUqeaK38,gmaps_v2,electronic_store,retail,N_A,1695212099,0,0,,0.00025483536853874235
ChIJEaYBFCIYrjsR03k4-1jGg5A,Om sai ram electricals,13.06387996673584,77.58582305908203,0x3bae18221401a611:0x9083c658fb3879d3,N_A,N_A,5,https://www.google.com/maps/place/?q=place_id:ChIJEaYBFCIYrjsR03k4-1jGg5A,gmaps_v2,electronic_store,retail,N_A,1695212099,0,0,,0.00025483536853874235
ChIJTzVZrXEZrjsRYpmIkrfDAEg,Mahadev mobile,13.063426971435549,77.58699798583984,0x3bae1971ad59354f:0x4800c3b792889962,N_A,N_A,5,https://www.google.com/maps/place/?q=place_id:ChIJTzVZrXEZrjsRYpmIkrfDAEg,gmaps_v2,electronic_store,retail,N_A,1695212099,0,0,,0.00025483536853874235
ChIJiZrxAB4ZrjsRzoYyQUazhEI,N S Associates,13.062085151672363,77.58624267578125,0x3bae191e00f19a89:0x4284b346413286ce,N_A,N_A,5,https://www.google.com/maps/place/?q=place_id:ChIJiZrxAB4ZrjsRzoYyQUazhEI,gmaps_v2,home_decor,retail,N_A,1695212099,0,0,,0.00025483536853874235
ChIJ5_B05iMYrjsRFFO0esL63eM,Dhanalakshmi Hardware & Electricals,13.063632011413574,77.58914184570312,0x3bae1823e674f0e7:0xe3ddfac27ab45314,N_A,N_A,5,https://www.google.com/maps/place/?q=place_id:ChIJ5_B05iMYrjsRFFO0esL63eM,gmaps_v2,electronic_store,retail,N_A,1695212099,0,0,,0.00025483536853874235
ChIJAx_SsVMZrjsRRe6LyufAmz0,Durga Home Appliances Sahakar Nagar,13.06376838684082,77.58676147460938,0x3bae1953b1d21f03:0x3d9bc0e7ca8bee45,N_A,N_A,5,https://www.google.com/maps/place/?q=place_id:ChIJAx_SsVMZrjsRRe6LyufAmz0,gmaps_v2,home_decor,retail,N_A,1695212099,0,0,,0.00025483536853874235
ChIJ5SfeKTQZrjsRLcHYHj1gJhA,The Burger Point,13.06384563446045,77.58769226074219,0x3bae193429de27e5:0x1026603d1ed8c12d,N_A,N_A,5,https://www.google.com/maps/place/?q=place_id:ChIJ5SfeKTQZrjsRLcHYHj1gJhA,gmaps_v2,restaurant,food,N_A,1699615207,0,0,,0.0002541751793116311
