,id,name,lat,lng,cid,brand_id,brand_name,number_of_votes,rating,place_url,source,category,top_category,type,created_at,competitor_type
33,ChIJh9-ad2wXrjsRz5FRCamuin8,Art Of Living Yoga & Meditation Center,13.045654296875,77.62631225585938,0x3bae176c779adf87:0x7f8aaea9095191cf,artofliving,Art of Living,169,4.900000095367432,https://www.google.com/maps/place/?q=place_id:ChIJh9-ad2wXrjsRz5FRCamuin8,gmaps_v2,gym_fitness,leisure,wellness_centre,1695212099,secondary_competitor
187,ChIJq2sEyv4XrjsRDBDJVJoXUgg,"Cult Kalyan Nagar - Gyms in Hrbr Layout 3rd Block, Kalyan Nagar, Bangalore",13.026867866516112,77.6337661743164,0x3bae17feca046bab:0x852179a54c9100c,cult,Cult.fit,498,4.5,https://www.google.com/maps/place/?q=place_id:ChIJq2sEyv4XrjsRDBDJVJoXUgg,gmaps_v2,gym_fitness,leisure,N_A,1687847039,secondary_competitor
213,ChIJy5FoHNIXrjsRPAyuuVKYJK0,ANDROID GYM,13.03601360321045,77.6234130859375,0x3bae17d21c6891cb:0xad249852b9ae0c3c,N_A,N_A,128,4.400000095367432,https://www.google.com/maps/place/?q=place_id:ChIJy5FoHNIXrjsRPAyuuVKYJK0,gmaps_v2,gym_fitness,leisure,N_A,1687847039,secondary_competitor
267,ChIJQ5gSSbgZrjsR-hgG7UDNdbc,Arivu School of Yoga,13.06264305114746,77.60926818847656,0x3bae19b849129843:0xb775cd40ed0618fa,N_A,N_A,55,5.0,https://www.google.com/maps/place/?q=place_id:ChIJQ5gSSbgZrjsR-hgG7UDNdbc,gmaps_v2,gym_fitness,leisure,N_A,1687847039,secondary_competitor
334,ChIJG6G9gN0ZrjsRMhs9e4nBBcI,HEALTH BEAT FITNESS,13.067865371704102,77.63005828857422,0x3bae19dd80bda11b:0xc205c1897b3d1b32,N_A,N_A,159,4.400000095367432,https://www.google.com/maps/place/?q=place_id:ChIJG6G9gN0ZrjsRMhs9e4nBBcI,gmaps_v2,gym_fitness,leisure,N_A,1687847039,secondary_competitor
350,ChIJPTJQpfYXrjsRgC38fqNBG_M,Matsya Incorporation,13.048233032226562,77.6024398803711,0x3bae17f6a550323d:0xf31b41a37efc2d80,N_A,N_A,98,4.5,https://www.google.com/maps/place/?q=place_id:ChIJPTJQpfYXrjsRgC38fqNBG_M,gmaps_v2,gym_fitness,leisure,N_A,1687847039,secondary_competitor
384,ChIJ6WCS-PsXrjsRTSqs5pX09rU,Naturals,13.057096481323242,77.59721374511719,0x3bae17fbf89260e9:0xb5f6f495e6ac2a4d,naturals,Naturals Salon,0,0.0,https://www.google.com/maps/place/?q=place_id:ChIJ6WCS-PsXrjsRTSqs5pX09rU,gmaps_v2,salon,service,N_A,1699615207,anchor_competitor
447,ChIJT6vORfIZrjsRXgfMjEoWjz0,SMART Superstore,13.083622932434082,77.63992309570312,0x3bae19f245ceab4f:0x3d8f164a8ccc075e,ril,Reliance Retail,0,0.0,https://www.google.com/maps/place/?q=place_id:ChIJT6vORfIZrjsRXgfMjEoWjz0,gmaps_v2,supermarket,retail,N_A,1687847039,anchor_competitor
605,ChIJvd42Vt4ZrjsRUnikY3nofVc,Twistars Gymnastics,13.067334175109863,77.59735107421875,0x3bae19de5636debd:0x577de87963a47852,N_A,N_A,138,4.800000190734863,https://www.google.com/maps/place/?q=place_id:ChIJvd42Vt4ZrjsRUnikY3nofVc,gmaps_v2,gym_fitness,leisure,N_A,1687847039,secondary_competitor
657,ChIJsSghFXkXrjsR6sfTpWvUG9Y,V2 Fitness Zone,13.051361083984377,77.61207580566406,0x3bae1779152128b1:0xd61bd46ba5d3c7ea,N_A,N_A,261,4.800000190734863,https://www.google.com/maps/place/?q=place_id:ChIJsSghFXkXrjsR6sfTpWvUG9Y,gmaps_v2,gym_fitness,leisure,N_A,1687847039,secondary_competitor
942,ChIJh4Ug9mYZrjsReCyjAw5CXeY,"Lenskart.com at RK Hegde Nagar, Bengaluru",13.068785667419434,77.62731170654297,0x3bae1966f6208587:0xe65d420e03a32c78,lenskart,Lenskart,898,4.900000095367432,https://www.google.com/maps/place/?q=place_id:ChIJh4Ug9mYZrjsReCyjAw5CXeY,gmaps_v2,clinic,medical,optician,1695212099,anchor_competitor
970,ChIJhW8rKZ4XrjsRnZXqSUpglBg,Golden Gym,13.039023399353027,77.60743713378906,0x3bae179e292b6f85:0x1894604a49ea959d,N_A,N_A,162,3.700000047683716,https://www.google.com/maps/place/?q=place_id:ChIJhW8rKZ4XrjsRnZXqSUpglBg,gmaps_v2,gym_fitness,leisure,N_A,1687847039,secondary_competitor
983,ChIJK90cLgEZrjsR07f09UHYazo,Flextreme Fitness,13.070826530456545,77.61804962158203,0x3bae19012e1cdd2b:0x3a6bd841f5f4b7d3,N_A,N_A,30,5.0,https://www.google.com/maps/place/?q=place_id:ChIJK90cLgEZrjsR07f09UHYazo,gmaps_v2,gym_fitness,leisure,N_A,1687847039,secondary_competitor
1012,ChIJ2UuChE8ZrjsR-DtqY3B453I,MUSCLE TECH FITNESS JAKKUR,13.07509994506836,77.6045913696289,0x3bae194f84824bd9:0x72e77870636a3bf8,N_A,N_A,154,4.900000095367432,https://www.google.com/maps/place/?q=place_id:ChIJ2UuChE8ZrjsR-DtqY3B453I,gmaps_v2,gym_fitness,leisure,N_A,1687847039,secondary_competitor
1013,ChIJA977A6IZrjsRAuBc3wrVOtU,JJL DANCE AND FITNESS STUDIO,13.053110122680664,77.63117980957031,0x3bae19a203fbde03:0xd53ad50adf5ce002,N_A,N_A,57,4.900000095367432,https://www.google.com/maps/place/?q=place_id:ChIJA977A6IZrjsRAuBc3wrVOtU,gmaps_v2,gym_fitness,leisure,N_A,1687847039,secondary_competitor
1101,ChIJdQxdiqEXrjsRPbukJI43dPE,PRO FITNESS,13.03711223602295,77.60514068603516,0x3bae17a18a5d0c75:0xf174378e24a4bb3d,N_A,N_A,114,4.699999809265137,https://www.google.com/maps/place/?q=place_id:ChIJdQxdiqEXrjsRPbukJI43dPE,gmaps_v2,gym_fitness,leisure,N_A,1687847039,secondary_competitor
1114,ChIJtf-avFcXrjsR-7e6nGYk0EU,Fitness One,13.057940483093262,77.64371490478516,0x3bae1757bc9affb5:0x45d024669cbab7fb,fitnessone,FitnessOne,37,4.5,https://www.google.com/maps/place/?q=place_id:ChIJtf-avFcXrjsR-7e6nGYk0EU,gmaps_v2,gym_fitness,leisure,N_A,1687847039,secondary_competitor
1172,ChIJt84PJ18XrjsRKbM-4YjEzmc,GUN Fitness,13.05454921722412,77.60187530517578,0x3bae175f270fceb7:0x67cec488e13eb329,N_A,N_A,266,4.699999809265137,https://www.google.com/maps/place/?q=place_id:ChIJt84PJ18XrjsRKbM-4YjEzmc,gmaps_v2,gym_fitness,leisure,N_A,1687847039,secondary_competitor
1492,ChIJ8zqSxS4ZrjsR_tqstQZDDPI,FIT CREED,13.09257984161377,77.6009292602539,0x3bae192ec5923af3:0xf20c4306b5acdafe,N_A,N_A,70,4.599999904632568,https://www.google.com/maps/place/?q=place_id:ChIJ8zqSxS4ZrjsR_tqstQZDDPI,gmaps_v2,gym_fitness,leisure,N_A,1687847039,secondary_competitor
1704,ChIJbV8Ai0QZrjsRpTCiiAdI7vY,"Cult Hennur - Gyms in Hennur, Bangalore",13.064169883728027,77.65103912353516,0x3bae19448b005f6d:0xf6ee480788a230a5,cult,Cult.fit,82,4.099999904632568,https://www.google.com/maps/place/?q=place_id:ChIJbV8Ai0QZrjsRpTCiiAdI7vY,gmaps_v2,gym_fitness,leisure,N_A,1687847039,secondary_competitor
1947,ChIJrVtUm4UXrjsRUFk_xJEEm5E,Domino's Pizza,13.049652099609377,77.59706115722656,0x3bae17859b545bad:0x919b0491c43f5950,dominos,Domino's Pizza,1785,4.0,https://www.google.com/maps/place/?q=place_id:ChIJrVtUm4UXrjsRUFk_xJEEm5E,gmaps_v2,restaurant,food,N_A,1699615207,anchor_competitor
1948,40bf8ac4-9f8e-411d-8c41-32b9d15595ff,Dominos Pizza,13.02970799,77.63408303,,dominos,Domino's Pizza,0,0.0,,brand_site,restaurant,food,N_A,1688637000,anchor_competitor
1987,ChIJ2bPNFoEZrjsRHAmZXy0qYbk,Reliance SMART Superstore,13.061285018920898,77.63207244873047,0x3bae198116cdb3d9:0xb9612a2d5f99091c,reliancesmartbazaar,Reliance SMART,1503,4.0,https://www.google.com/maps/place/?q=place_id:ChIJ2bPNFoEZrjsRHAmZXy0qYbk,gmaps_v2,supermarket,retail,N_A,1700469324,anchor_competitor
2023,ChIJezPo6r8ZrjsRWiFKCtua_7I,"Lenskart.com at Nagawara, Bengaluru",13.046868324279783,77.62805938720703,0x3bae19bfeae8337b:0xb2ff9adb0a4a215a,lenskart,Lenskart,833,4.900000095367432,https://www.google.com/maps/place/?q=place_id:ChIJezPo6r8ZrjsRWiFKCtua_7I,gmaps_v2,clinic,medical,optician,1695212099,anchor_competitor
2132,ChIJMxvVwSgXrjsRuNNK_y6pckc,"Fitness 4 All - Available on cult.fit - Gyms in Thanisandra Main Road, Bangalore",13.05456256866455,77.63150787353516,0x3bae1728c1d51b33:0x4772a92eff4ad3b8,cult,Cult.fit,354,4.400000095367432,https://www.google.com/maps/place/?q=place_id:ChIJMxvVwSgXrjsRuNNK_y6pckc,gmaps_v2,gym_fitness,leisure,N_A,1687847039,secondary_competitor
2267,ChIJm8XaCycYrjsRLUDyvCFEnrk,WELCARE EQUIPMENTS PVT LTD,13.059304237365724,77.59317779541016,0x3bae18270bdac59b:0xb99e4421bcf2402d,welcareindia,Welcare Fitness,200,4.800000190734863,https://www.google.com/maps/place/?q=place_id:ChIJm8XaCycYrjsRLUDyvCFEnrk,gmaps_v2,gym_fitness,leisure,N_A,1687847039,secondary_competitor
2276,ChIJLfUpB80ZrjsRR6n1yUh1uBw,Kenshikai Kenshikan shitoryu karate do Thomas school India,13.067935943603516,77.64814758300781,0x3bae19cd0729f52d:0x1cb87548c9f5a947,N_A,N_A,29,4.900000095367432,https://www.google.com/maps/place/?q=place_id:ChIJLfUpB80ZrjsRR6n1yUh1uBw,gmaps_v2,gym_fitness,leisure,N_A,1687847039,secondary_competitor
2360,ChIJ7QRXVGEXrjsRJskVND8iKZA,New generation fitness gym,13.048879623413086,77.63127136230469,0x3bae1761545704ed:0x9029223f3415c926,N_A,N_A,21,5.0,https://www.google.com/maps/place/?q=place_id:ChIJ7QRXVGEXrjsRJskVND8iKZA,gmaps_v2,gym_fitness,leisure,N_A,1687847039,secondary_competitor
2374,ChIJ1VrmyHQZrjsRenfIvHSoVsc,Reform Pilates Studio,13.069256782531738,77.65177154541016,0x3bae1974c8e65ad5:0xc756a874bcc8777a,N_A,N_A,28,4.800000190734863,https://www.google.com/maps/place/?q=place_id:ChIJ1VrmyHQZrjsRenfIvHSoVsc,gmaps_v2,gym_fitness,leisure,N_A,1687847039,secondary_competitor
2419,ChIJ6zlhguwXrjsRyjYqw7NcB1U,SK Fitness,13.055761337280272,77.63240814208984,0x3bae17ec826139eb:0x55075cb3c32a36ca,N_A,N_A,41,5.0,https://www.google.com/maps/place/?q=place_id:ChIJ6zlhguwXrjsRyjYqw7NcB1U,gmaps_v2,gym_fitness,leisure,N_A,1687847039,secondary_competitor
2455,ChIJzXHvdtUXrjsRn4pQ-TqnCmg,"Lenskart.com at Sahakar Nagar, Bengaluru",13.059940338134766,77.58757781982422,0x3bae17d576ef71cd:0x680aa73af9508a9f,lenskart,Lenskart,1154,4.900000095367432,https://www.google.com/maps/place/?q=place_id:ChIJzXHvdtUXrjsRn4pQ-TqnCmg,gmaps_v2,clinic,medical,optician,1695212099,anchor_competitor
2523,ChIJc_wp2fIXrjsRtiq8v_Q9iJ4,TIGER GYM & Fitness Center,13.034171104431152,77.60636901855469,0x3bae17f2d929fc73:0x9e883df4bfbc2ab6,N_A,N_A,133,4.599999904632568,https://www.google.com/maps/place/?q=place_id:ChIJc_wp2fIXrjsRtiq8v_Q9iJ4,gmaps_v2,gym_fitness,leisure,N_A,1687847039,secondary_competitor
2642,ChIJ53Szgi8YrjsRxmk2e_e3ivM,Reliance Fresh,13.066271781921388,77.59703826904297,0x3bae182f82b374e7:0xf38ab7f77b3669c6,relianceretail,Reliance Retail,2293,3.799999952316284,https://www.google.com/maps/place/?q=place_id:ChIJ53Szgi8YrjsRxmk2e_e3ivM,gmaps_v2,shoe_store,retail,N_A,1699615207,anchor_competitor
2688,ChIJPUCsCCcYrjsR_KKjZgv9mU8,Tapasya Yogashala,13.059662818908691,77.59310150146484,0x3bae182708ac403d:0x4f99fd0b66a3a2fc,N_A,N_A,119,4.800000190734863,https://www.google.com/maps/place/?q=place_id:ChIJPUCsCCcYrjsR_KKjZgv9mU8,gmaps_v2,gym_fitness,leisure,N_A,1687847039,secondary_competitor
2771,ChIJ6fzJtmMXrjsRbFmCOWEL5WQ,Ramante Yoga Studio,13.055750846862791,77.62320709228516,0x3bae1763b6c9fce9:0x64e50b613982596c,N_A,N_A,35,4.699999809265137,https://www.google.com/maps/place/?q=place_id:ChIJ6fzJtmMXrjsRbFmCOWEL5WQ,gmaps_v2,gym_fitness,leisure,N_A,1687847039,secondary_competitor
2842,ChIJh4mpXAAZrjsRwhb87J7FVfM,BEAST FITNESS STUDIO,13.061433792114258,77.62753295898438,0x3bae19005ca98987:0xf355c59eecfc16c2,N_A,N_A,56,5.0,https://www.google.com/maps/place/?q=place_id:ChIJh4mpXAAZrjsRwhb87J7FVfM,gmaps_v2,gym_fitness,leisure,N_A,1687847039,secondary_competitor
2893,1fea53f9-9c5d-460f-87bc-6ec0eb7c300d,Dominos Pizza,13.07261,77.60249,,dominos,Domino's Pizza,0,0.0,,brand_site,restaurant,food,N_A,1688637000,anchor_competitor
2958,ChIJh3jPuiIXrjsR95-pkhLqoew,Musclemission the fitness forum,13.024367332458496,77.63137817382812,0x3bae1722bacf7887:0xeca1ea1292a99ff7,N_A,N_A,160,4.599999904632568,https://www.google.com/maps/place/?q=place_id:ChIJh3jPuiIXrjsR95-pkhLqoew,gmaps_v2,gym_fitness,leisure,N_A,1687847039,secondary_competitor
3026,05ef2159-a722-4d10-89a0-95b42750fd4c,Dominos Pizza,13.045282,77.626754,,dominos,Domino's Pizza,0,0.0,,brand_site,restaurant,food,N_A,1688637000,anchor_competitor
3195,ChIJw0sIN4wZrjsRuzmSKH6uhPY,Domino's Pizza,13.08376121520996,77.64063262939453,0x3bae198c37084bc3:0xf684ae7e289239bb,dominos,Domino's Pizza,27,4.099999904632568,https://www.google.com/maps/place/?q=place_id:ChIJw0sIN4wZrjsRuzmSKH6uhPY,gmaps_v2,restaurant,food,N_A,1687847039,anchor_competitor
3306,ChIJFa-2VbYXrjsRc-nZKPXXVBg,IRON FIST FIGHT CLUB,13.051377296447754,77.60897064208984,0x3bae17b655b6af15:0x1854d7f528d9e973,N_A,N_A,39,4.900000095367432,https://www.google.com/maps/place/?q=place_id:ChIJFa-2VbYXrjsRc-nZKPXXVBg,gmaps_v2,gym_fitness,leisure,N_A,1687847039,secondary_competitor
3361,ChIJhXNfHP8ZrjsR1dtqO7dmzg0,Domino's Pizza,13.045589447021484,77.62664031982422,0x3bae19ff1c5f7385:0xdce66b73b6adbd5,dominos,Domino's Pizza,406,3.900000095367432,https://www.google.com/maps/place/?q=place_id:ChIJhXNfHP8ZrjsR1dtqO7dmzg0,gmaps_v2,restaurant,food,N_A,1699615207,anchor_competitor
3534,ChIJMz4rMiQYrjsRduML9S_kbDk,Fresh Signature,13.063413619995115,77.5906982421875,0x3bae1824322b3e33:0x396ce42ff50be376,ril,Reliance Retail,906,3.700000047683716,https://www.google.com/maps/place/?q=place_id:ChIJMz4rMiQYrjsRduML9S_kbDk,gmaps_v2,supermarket,retail,N_A,1699615207,anchor_competitor
3682,ChIJn8-0wj4XrjsRNaSQB7ifT0k,Apollo Gym,13.033403396606444,77.63508605957031,0x3bae173ec2b4cf9f:0x494f9fb80790a435,N_A,N_A,65,4.300000190734863,https://www.google.com/maps/place/?q=place_id:ChIJn8-0wj4XrjsRNaSQB7ifT0k,gmaps_v2,gym_fitness,leisure,N_A,1687847039,secondary_competitor
3721,ChIJ-zx66X4XrjsRMa36bXJLUgM,Positive Fitness Studio,13.053711891174316,77.60678100585938,0x3bae177ee97a3cfb:0x3524b726dfaad31,N_A,N_A,29,4.800000190734863,https://www.google.com/maps/place/?q=place_id:ChIJ-zx66X4XrjsRMa36bXJLUgM,gmaps_v2,gym_fitness,leisure,N_A,1687847039,secondary_competitor
3802,ChIJNQGoqoIXrjsRfsqcRnJv2CQ,Fit Flex Karate & Yoga Club,13.033329963684082,77.60903930664062,0x3bae1782aaa80135:0x24d86f72469cca7e,N_A,N_A,56,4.900000095367432,https://www.google.com/maps/place/?q=place_id:ChIJNQGoqoIXrjsRfsqcRnJv2CQ,gmaps_v2,gym_fitness,leisure,N_A,1687847039,secondary_competitor
3951,ChIJ0YNw1SkXrjsRK8k7QCoOvOc,Fitness#PowerInU,13.053237915039062,77.60441589355469,0x3bae1729d57083d1:0xe7bc0e2a403bc92b,N_A,N_A,153,5.0,https://www.google.com/maps/place/?q=place_id:ChIJ0YNw1SkXrjsRK8k7QCoOvOc,gmaps_v2,gym_fitness,leisure,N_A,1687847039,secondary_competitor
3982,ChIJocJGytEZrjsRBW77J1KRiEY,Gym,13.068913459777832,77.61612701416016,0x3bae19d1ca46c2a1:0x4688915227fb6e05,N_A,N_A,23,4.199999809265137,https://www.google.com/maps/place/?q=place_id:ChIJocJGytEZrjsRBW77J1KRiEY,gmaps_v2,gym_fitness,leisure,N_A,1687847039,secondary_competitor
4009,ChIJZ878TnMZrjsR5UR2v4Vjry8,"Lenskart.com at Sahakar Nagar, Bengaluru",13.063583374023438,77.58836364746094,0x3bae19734efcce67:0x2faf6385bf7644e5,lenskart,Lenskart,125,4.900000095367432,https://www.google.com/maps/place/?q=place_id:ChIJZ878TnMZrjsR5UR2v4Vjry8,gmaps_v2,clinic,medical,optician,1695212099,anchor_competitor
4082,ChIJ3dmkeBIXrjsRdT1Pk_4OoW4,Hulk Fitness Center,13.033008575439451,77.61931610107422,0x3bae171278a4d9dd:0x6ea10efe934f3d75,N_A,N_A,317,4.300000190734863,https://www.google.com/maps/place/?q=place_id:ChIJ3dmkeBIXrjsRdT1Pk_4OoW4,gmaps_v2,gym_fitness,leisure,N_A,1687847039,secondary_competitor
4154,2fcfd530-30e2-4573-8248-f63249902303,Dominos Pizza,13.08151612,77.6346463,,dominos,Domino's Pizza,0,0.0,,brand_site,restaurant,food,N_A,1688637000,anchor_competitor
4157,ChIJb_IeCS8YrjsRg2W9Zn78_SM,Body tone fitness gym,13.066078186035156,77.59831237792969,0x3bae182f091ef26f:0x23fdfc7e66bd6583,N_A,N_A,208,4.5,https://www.google.com/maps/place/?q=place_id:ChIJb_IeCS8YrjsRg2W9Zn78_SM,gmaps_v2,gym_fitness,leisure,N_A,1687847039,secondary_competitor
4197,ChIJ8WUiPxUXrjsRIT9DkPwgnBA,Gabriel Dance Academy and Fitness Academy With Bharatnatyam classical dance,13.033025741577148,77.63115692138672,0x3bae17153f2265f1:0x109c20fc90433f21,N_A,N_A,68,4.900000095367432,https://www.google.com/maps/place/?q=place_id:ChIJ8WUiPxUXrjsRIT9DkPwgnBA,gmaps_v2,gym_fitness,leisure,N_A,1687847039,secondary_competitor
4231,ChIJ_9rBvm0XrjsRZa5_mqmtHZ4,"Avinash Power Yoga And Aerobics Studio,Nagawara",13.04040241241455,77.62084197998047,0x3bae176dbec1daff:0x9e1dada99a7fae65,N_A,N_A,203,5.0,https://www.google.com/maps/place/?q=place_id:ChIJ_9rBvm0XrjsRZa5_mqmtHZ4,gmaps_v2,gym_fitness,leisure,N_A,1687847039,secondary_competitor
4238,ChIJ_xPGi6sZrjsRH1eaXCHjRbw,The Fit Nation,13.063803672790527,77.59144592285156,0x3bae19ab8bc613ff:0xbc45e3215c9a571f,N_A,N_A,312,4.099999904632568,https://www.google.com/maps/place/?q=place_id:ChIJ_xPGi6sZrjsRH1eaXCHjRbw,gmaps_v2,gym_fitness,leisure,N_A,1687847039,secondary_competitor
4310,ChIJwVlYLKgZrjsR6ZqRrrocldg,Taurus Sports & Fitness Arena- Badminton Academy | Indoor Cricket Nets & Bowling Machine,13.068150520324709,77.60299682617188,0x3bae19a82c5859c1:0xd8951cbaae919ae9,N_A,N_A,97,4.5,https://www.google.com/maps/place/?q=place_id:ChIJwVlYLKgZrjsR6ZqRrrocldg,gmaps_v2,gym_fitness,leisure,N_A,1687847039,secondary_competitor
4363,ChIJPc-XbTEYrjsRh2owoWqfbgQ,MS Fitness Club,13.0728759765625,77.60077667236328,0x3bae18316d97cf3d:0x46e9f6aa1306a87,N_A,N_A,166,4.400000095367432,https://www.google.com/maps/place/?q=place_id:ChIJPc-XbTEYrjsRh2owoWqfbgQ,gmaps_v2,gym_fitness,leisure,N_A,1687847039,secondary_competitor
4368,ChIJIa9FeNwZrjsRz100AN_HHpU,BBMP Public Park,13.067009925842283,77.6250991821289,0x3bae19dc7845af21:0x951ec7df00345dcf,N_A,N_A,425,4.199999809265137,https://www.google.com/maps/place/?q=place_id:ChIJIa9FeNwZrjsRz100AN_HHpU,gmaps_v2,gym_fitness,leisure,N_A,1687847039,secondary_competitor
4411,ChIJc7c33akZrjsR5_ClaY899fs,Fika Arena,13.073068618774414,77.6082992553711,0x3bae19a9dd37b773:0xfbf53d8f69a5f0e7,N_A,N_A,58,4.199999809265137,https://www.google.com/maps/place/?q=place_id:ChIJc7c33akZrjsR5_ClaY899fs,gmaps_v2,gym_fitness,leisure,N_A,1687847039,secondary_competitor
4591,ChIJD-YNeJIZrjsR851hmNmXNhc,Agrahara Lake Park,13.090204238891602,77.62557983398438,0x3bae1992780de60f:0x173697d998619df3,N_A,N_A,42,4.599999904632568,https://www.google.com/maps/place/?q=place_id:ChIJD-YNeJIZrjsR851hmNmXNhc,gmaps_v2,gym_fitness,leisure,N_A,1687847039,secondary_competitor
4620,ChIJ6Q9qY9gZrjsRuvKBwZgkycw,Machaxi Ahalya Sports Centre,13.059487342834473,77.62217712402344,0x3bae19d8636a0fe9:0xccc92498c181f2ba,machaxi,Machaxi,2438,4.300000190734863,https://www.google.com/maps/place/?q=place_id:ChIJ6Q9qY9gZrjsRuvKBwZgkycw,gmaps_v2,gym_fitness,leisure,N_A,1687847039,secondary_competitor
4623,ChIJK67mniYYrjsRIaN12bRDAPM,Smith Gym,13.06350040435791,77.58639526367188,0x3bae18269ee6ae2b:0xf30043b4d975a321,N_A,N_A,58,4.599999904632568,https://www.google.com/maps/place/?q=place_id:ChIJK67mniYYrjsRIaN12bRDAPM,gmaps_v2,gym_fitness,leisure,N_A,1687847039,secondary_competitor
4672,ChIJ0T4deGsRrjsR2Q4ax0zrVTE,SKANDA TAEKWONDO ACADEMY,13.062339782714844,77.58719635009766,0x3bae116b781d3ed1:0x3155eb4cc71a0ed9,N_A,N_A,136,5.0,https://www.google.com/maps/place/?q=place_id:ChIJ0T4deGsRrjsR2Q4ax0zrVTE,gmaps_v2,gym_fitness,leisure,N_A,1687847039,secondary_competitor
4683,ChIJazfHCCcYrjsR0uI0ot-clNU,Nature's Basket,13.059672355651855,77.59310150146484,0x3bae182708c7376b:0xd5949cdfa234e2d2,naturesbasket,Nature's Basket,1429,4.099999904632568,https://www.google.com/maps/place/?q=place_id:ChIJazfHCCcYrjsR0uI0ot-clNU,gmaps_v2,grocery_store,retail,N_A,1687847039,anchor_competitor
4958,ChIJkxvc2q4ZrjsRlaM49zm0y1w,V fit gym the fitness professionals,13.055230140686035,77.6023941040039,0x3bae19aedadc1b93:0x5ccbb439f738a395,N_A,N_A,45,4.800000190734863,https://www.google.com/maps/place/?q=place_id:ChIJkxvc2q4ZrjsRlaM49zm0y1w,gmaps_v2,gym_fitness,leisure,N_A,1687847039,secondary_competitor
5053,ChIJIwL-JisZrjsRsAUVk7llx2M,Harry's Dance N Fitness Academy-Sahakarnagar,13.064104080200195,77.58618927001953,0x3bae192b26fe0223:0x63c765b9931505b0,N_A,N_A,75,5.0,https://www.google.com/maps/place/?q=place_id:ChIJIwL-JisZrjsRsAUVk7llx2M,gmaps_v2,gym_fitness,leisure,N_A,1687847039,secondary_competitor
5054,ChIJb7Kkv0sXrjsRWhO5g1UNGGI,Reign MMA,13.029948234558104,77.6341552734375,0x3bae174bbfa4b26f:0x62180d5583b9135a,N_A,N_A,153,4.699999809265137,https://www.google.com/maps/place/?q=place_id:ChIJb7Kkv0sXrjsRWhO5g1UNGGI,gmaps_v2,gym_fitness,leisure,N_A,1687847039,secondary_competitor
5075,ChIJF4DY2j0XrjsRuxfFrRqCbH8,Sivananda Yoga Centre,13.031479835510254,77.63370513916016,0x3bae173ddad88017:0x7f6c821aadc517bb,N_A,N_A,104,4.900000095367432,https://www.google.com/maps/place/?q=place_id:ChIJF4DY2j0XrjsRuxfFrRqCbH8,gmaps_v2,gym_fitness,leisure,N_A,1687847039,secondary_competitor
5153,c468c978-9c44-4613-955d-25bcc58f2f85,Dominos Pizza,13.0631,77.5906,,dominos,Domino's Pizza,0,0.0,,brand_site,restaurant,food,N_A,1688637000,anchor_competitor
5474,ChIJWeY7PloXrjsRKNGyRz-v1YI,Zolo Scarlet Co-Living | Redefining PG,13.044025421142578,77.62394714355469,0x3bae175a3e3be659:0x82d5af3f47b2d128,N_A,N_A,227,4.0,https://www.google.com/maps/place/?q=place_id:ChIJWeY7PloXrjsRKNGyRz-v1YI,gmaps_v2,gym_fitness,leisure,N_A,1687847039,secondary_competitor
5524,ChIJh6eQGBAZrjsRXx1U9pwcGr0,Master Classic Residency - Yelahanka,13.092263221740724,77.59992218017578,0x3bae19101890a787:0xbd1a1c9cf6541d5f,N_A,N_A,23,4.5,https://www.google.com/maps/place/?q=place_id:ChIJh6eQGBAZrjsRXx1U9pwcGr0,gmaps_v2,gym_fitness,leisure,N_A,1687847039,secondary_competitor
5563,ChIJxTxp-FUXrjsRvp0u6M4hoEA,National Gym,13.060213088989258,77.6485595703125,0x3bae1755f8693cc5:0x40a021cee82e9dbe,N_A,N_A,70,3.5,https://www.google.com/maps/place/?q=place_id:ChIJxTxp-FUXrjsRvp0u6M4hoEA,gmaps_v2,gym_fitness,leisure,N_A,1687847039,secondary_competitor
5573,ChIJ73yDtGMZrjsR2RwVADc5elA,Humming Nest (Zumba and Yoga Fitness Studio),13.069412231445312,77.62804412841797,0x3bae1963b4837cef:0x507a393700151cd9,N_A,N_A,131,5.0,https://www.google.com/maps/place/?q=place_id:ChIJ73yDtGMZrjsR2RwVADc5elA,gmaps_v2,gym_fitness,leisure,N_A,1687847039,secondary_competitor
5614,ChIJ2dEWqEEYrjsRfeuoCK8-Qa8,Pathway Of Bbmp Park,13.083391189575195,77.5876693725586,0x3bae1841a816d1d9:0xaf413eaf08a8eb7d,N_A,N_A,100,3.900000095367432,https://www.google.com/maps/place/?q=place_id:ChIJ2dEWqEEYrjsRfeuoCK8-Qa8,gmaps_v2,gym_fitness,leisure,N_A,1687847039,secondary_competitor
5746,ChIJw2P_PSAYrjsR-JbeRZSMxSY,Chairman Club Swimming Pool,13.058439254760742,77.58587646484375,0x3bae18203dff63c3:0x26c58c9445de96f8,N_A,N_A,514,4.099999904632568,https://www.google.com/maps/place/?q=place_id:ChIJw2P_PSAYrjsR-JbeRZSMxSY,gmaps_v2,gym_fitness,leisure,N_A,1687847039,secondary_competitor
5754,ChIJS_ZJpm0XrjsRRg3Ia7wFOEk,Fitness Frenzy,13.039154052734377,77.62136840820312,0x3bae176da649f64b:0x493805bc6bc80d46,N_A,N_A,198,4.0,https://www.google.com/maps/place/?q=place_id:ChIJS_ZJpm0XrjsRRg3Ia7wFOEk,gmaps_v2,gym_fitness,leisure,N_A,1687847039,secondary_competitor
5881,ChIJt0iDXkkXrjsR5XnZHqWkSfA,SS STAYS SPRING PG FOR MEN,13.03023910522461,77.63355255126953,0x3bae17495e8348b7:0xf049a4a51ed979e5,N_A,N_A,487,4.0,https://www.google.com/maps/place/?q=place_id:ChIJt0iDXkkXrjsR5XnZHqWkSfA,gmaps_v2,gym_fitness,leisure,N_A,1687847039,secondary_competitor
5984,ChIJt6M5UGgZrjsR9gWp_yGkAoM,Namma Soccer School,13.069321632385254,77.64051818847656,0x3bae19685039a3b7:0x8302a421ffa905f6,N_A,N_A,37,4.900000095367432,https://www.google.com/maps/place/?q=place_id:ChIJt6M5UGgZrjsR9gWp_yGkAoM,gmaps_v2,gym_fitness,leisure,N_A,1687847039,secondary_competitor
6103,ChIJKakdYoIXrjsR-zs4o5Ru2V4,SIR Shankar and Capt Yogi Cricket Ground,13.049418449401855,77.6068344116211,0x3bae1782621da929:0x5ed96e94a3383bfb,N_A,N_A,162,4.099999904632568,https://www.google.com/maps/place/?q=place_id:ChIJKakdYoIXrjsR-zs4o5Ru2V4,gmaps_v2,gym_fitness,leisure,N_A,1687847039,secondary_competitor
6104,ChIJ9899XpwZrjsRd-dvjZe3LdI,YuVe Champions Academy for Badminton,13.080435752868652,77.632080078125,0x3bae199c5e7dcff7:0xd22db7978d6fe777,N_A,N_A,179,4.699999809265137,https://www.google.com/maps/place/?q=place_id:ChIJ9899XpwZrjsRd-dvjZe3LdI,gmaps_v2,gym_fitness,leisure,N_A,1687847039,secondary_competitor
6204,ChIJ88vTy08XrjsRw4MKLwLwYak,Fitness 360 Degree Gym Hebbal Kempapura,13.05540370941162,77.60562896728516,0x3bae174fcbd3cbf3:0xa961f0022f0a83c3,N_A,N_A,340,4.800000190734863,https://www.google.com/maps/place/?q=place_id:ChIJ88vTy08XrjsRw4MKLwLwYak,gmaps_v2,gym_fitness,leisure,N_A,1687847039,secondary_competitor
6239,ChIJ55BRYiMXrjsRzzleqLjaR4M,Victory Fit And Fine,13.053346633911133,77.60369110107422,0x3bae1723625190e7:0x8347dab8a85e39cf,N_A,N_A,109,4.699999809265137,https://www.google.com/maps/place/?q=place_id:ChIJ55BRYiMXrjsRzzleqLjaR4M,gmaps_v2,gym_fitness,leisure,N_A,1687847039,secondary_competitor
6321,ChIJo1SUvccZrjsRL-5wh3fTafk,AMK Fitness,13.066483497619627,77.639892578125,0x3bae19c7bd9454a3:0xf969d3778770ee2f,N_A,N_A,130,4.800000190734863,https://www.google.com/maps/place/?q=place_id:ChIJo1SUvccZrjsRL-5wh3fTafk,gmaps_v2,gym_fitness,leisure,N_A,1687847039,secondary_competitor
6547,1d04b4ae-77a3-4e06-a423-367d22f72144,Dominos Pizza,13.04076137,77.61940598,,dominos,Domino's Pizza,0,0.0,,brand_site,restaurant,food,N_A,1688637000,anchor_competitor
6551,ChIJCwBPJSIYrjsRfEpzrR0Q99o,"Cult Sahakar Nagar - Gyms in Sahakar Nagar, Bangalore",13.063674926757812,77.58692932128906,0x3bae1822254f000b:0xdaf7101dad734a7c,cult,Cult.fit,52,4.199999809265137,https://www.google.com/maps/place/?q=place_id:ChIJCwBPJSIYrjsRfEpzrR0Q99o,gmaps_v2,gym_fitness,leisure,N_A,1687847039,secondary_competitor
6754,ChIJoUzZLjAXrjsR1l84-fI9xTI,God Gift Yoga Centre RT Nagar Sultanpalya Bengaluru,13.033430099487305,77.60466003417969,0x3bae17302ed94ca1:0x32c53df2f9385fd6,N_A,N_A,331,4.900000095367432,https://www.google.com/maps/place/?q=place_id:ChIJoUzZLjAXrjsR1l84-fI9xTI,gmaps_v2,gym_fitness,leisure,N_A,1687847039,secondary_competitor
6768,ChIJZTxneEgXrjsRpDFGFx9e4kw,SVComforts PG for Men,13.03712558746338,77.6186752319336,0x3bae174878673c65:0x4ce25e1f174631a4,N_A,N_A,159,4.0,https://www.google.com/maps/place/?q=place_id:ChIJZTxneEgXrjsRpDFGFx9e4kw,gmaps_v2,gym_fitness,leisure,N_A,1687847039,secondary_competitor
6959,ChIJ86Zq3MwXrjsRpbD4wBu5RQk,Domino's Pizza,13.047478675842283,77.61994934082031,0x3bae17ccdc6aa6f3:0x945b91bc0f8b0a5,dominos,Domino's Pizza,410,3.799999952316284,https://www.google.com/maps/place/?q=place_id:ChIJ86Zq3MwXrjsRpbD4wBu5RQk,gmaps_v2,restaurant,food,N_A,1699615207,anchor_competitor
6970,ChIJx-yUlXEZrjsRQ4S7z8mYqJk,Domino's Pizza,13.072626113891602,77.6025390625,0x3bae19719594ecc7:0x99a898c9cfbb8443,dominos,Domino's Pizza,210,3.799999952316284,https://www.google.com/maps/place/?q=place_id:ChIJx-yUlXEZrjsRQ4S7z8mYqJk,gmaps_v2,restaurant,food,N_A,1699615207,anchor_competitor
6985,ChIJgfjkAUEYrjsRx8ySQbMID5Q,JDB International School,13.083271980285645,77.58822631835938,0x3bae184101e4f881:0x940f08b34192ccc7,N_A,N_A,25,4.599999904632568,https://www.google.com/maps/place/?q=place_id:ChIJgfjkAUEYrjsRx8ySQbMID5Q,gmaps_v2,gym_fitness,leisure,N_A,1687847039,secondary_competitor
7168,ChIJKw687JQZrjsRjnpUcl6tVBA,Beast Fitnez,13.08419418334961,77.63481903076172,0x3bae1994ecbc0e2b:0x1054ad5e72547a8e,N_A,N_A,147,4.599999904632568,https://www.google.com/maps/place/?q=place_id:ChIJKw687JQZrjsRjnpUcl6tVBA,gmaps_v2,gym_fitness,leisure,N_A,1687847039,secondary_competitor
7364,ChIJ0c09WrwXrjsRDdk8J9cAT_c,DMart Ready,13.054272651672363,77.60185241699219,0x3bae17bc5a3dcdd1:0xf74f00d7273cd90d,dmart,Dmart,148,4.0,https://www.google.com/maps/place/?q=place_id:ChIJ0c09WrwXrjsRDdk8J9cAT_c,gmaps_v2,supermarket,retail,N_A,1687847039,anchor_competitor
7380,ChIJL93UM-sZrjsRQFWtTQBdxFk,Domino's Pizza,13.08189868927002,77.63451385498047,0x3bae19eb33d4dd2f:0x59c45d004dad5540,dominos,Domino's Pizza,2901,4.0,https://www.google.com/maps/place/?q=place_id:ChIJL93UM-sZrjsRQFWtTQBdxFk,gmaps_v2,restaurant,food,N_A,1699615207,anchor_competitor
7419,ChIJnb4s-OEZrjsRHz-c6Bwg4b0,Sobha Chrysanthemum,13.060831069946287,77.6363525390625,0x3bae19e1f82cbe9d:0xbde1201ce89c3f1f,N_A,N_A,137,4.599999904632568,https://www.google.com/maps/place/?q=place_id:ChIJnb4s-OEZrjsRHz-c6Bwg4b0,gmaps_v2,gym_fitness,leisure,N_A,1687847039,secondary_competitor
7438,ChIJncFJwJcZrjsRhbJinCR3SuI,Royal Fitness - Available on Cult.fit | Gyms in MCECHS Layout,13.068660736083984,77.62646484375,0x3bae1997c049c19d:0xe24a77249c62b285,N_A,N_A,87,4.699999809265137,https://www.google.com/maps/place/?q=place_id:ChIJncFJwJcZrjsRhbJinCR3SuI,gmaps_v2,gym_fitness,leisure,N_A,1687847039,secondary_competitor
7487,ChIJJfbrb9kZrjsRpERv1tOprWQ,sweat2shine,13.07956600189209,77.62765502929688,0x3bae19d96febf625:0x64ada9d3d66f44a4,N_A,N_A,33,5.0,https://www.google.com/maps/place/?q=place_id:ChIJJfbrb9kZrjsRpERv1tOprWQ,gmaps_v2,gym_fitness,leisure,N_A,1687847039,secondary_competitor
7610,ChIJnU2Kn7IXrjsRjgsNuGviGxk,Mithun's Fitness Factory,13.060925483703612,77.58746337890625,0x3bae17b29f8a4d9d:0x191be26bb80d0b8e,N_A,N_A,89,5.0,https://www.google.com/maps/place/?q=place_id:ChIJnU2Kn7IXrjsRjgsNuGviGxk,gmaps_v2,gym_fitness,leisure,N_A,1687847039,secondary_competitor
7681,ChIJLcicvhUXrjsRq66pDLNQr2U,Senior Citizens Exercise Area,13.0327787399292,77.62904357910156,0x3bae1715be9cc82d:0x65af50b30ca9aeab,N_A,N_A,121,3.900000095367432,https://www.google.com/maps/place/?q=place_id:ChIJLcicvhUXrjsRq66pDLNQr2U,gmaps_v2,gym_fitness,leisure,N_A,1687847039,secondary_competitor
7824,ChIJ07nr3J0ZrjsRUdATt49icAQ,CROSSFITAE7,13.068121910095217,77.6464614868164,0x3bae199ddcebb9d3:0x470628fb713d051,N_A,N_A,41,5.0,https://www.google.com/maps/place/?q=place_id:ChIJ07nr3J0ZrjsRUdATt49icAQ,gmaps_v2,gym_fitness,leisure,N_A,1687847039,secondary_competitor
7947,ChIJNyiw4KQZrjsRCqIxYsxdg_0,Tiger Tongue Combat Fitness,13.080381393432615,77.63179016113281,0x3bae19a4e0b02837:0xfd835dcc6231a20a,N_A,N_A,34,4.900000095367432,https://www.google.com/maps/place/?q=place_id:ChIJNyiw4KQZrjsRCqIxYsxdg_0,gmaps_v2,gym_fitness,leisure,N_A,1687847039,secondary_competitor
8060,ChIJrW1mA58XrjsRVEXa1bwOVcc,"91 Sporting Co.- Sports Arena RT Nagar- Badminton, Football, Dance",13.038211822509766,77.60458374023438,0x3bae179f03666dad:0xc7550ebcd5da4554,91sportingco,91sportingco,907,4.300000190734863,https://www.google.com/maps/place/?q=place_id:ChIJrW1mA58XrjsRVEXa1bwOVcc,gmaps_v2,gym_fitness,leisure,N_A,1687847039,secondary_competitor
8117,ChIJ-z9pSD0ZrjsRv3wONyDnZNo,VISHAL MEGA MART,13.064290046691896,77.64808654785156,0x3bae193d48693ffb:0xda64e720370e7cbf,vishalmegamart,Vishal Mega Mart,1900,4.0,https://www.google.com/maps/place/?q=place_id:ChIJ-z9pSD0ZrjsRv3wONyDnZNo,gmaps_v2,supermarket,retail,N_A,1699615207,anchor_competitor
8134,ChIJGRA-MIIXrjsRyZ-D9ZGwqd8,Centurion Fitness Centre,13.051750183105469,77.6054458618164,0x3bae1782303e1019:0xdfa9b091f5839fc9,N_A,N_A,67,4.300000190734863,https://www.google.com/maps/place/?q=place_id:ChIJGRA-MIIXrjsRyZ-D9ZGwqd8,gmaps_v2,gym_fitness,leisure,N_A,1687847039,secondary_competitor
8268,ChIJCSJDHGQZrjsRqA6161p_Oy0,Dr.Shivaram Karanth Nagar (SKN) Club,13.075892448425291,77.622802734375,0x3bae19641c432209:0x2d3b7f5aebb50ea8,N_A,N_A,78,4.300000190734863,https://www.google.com/maps/place/?q=place_id:ChIJCSJDHGQZrjsRqA6161p_Oy0,gmaps_v2,gym_fitness,leisure,N_A,1687847039,secondary_competitor
8298,ChIJVVPmH6oZrjsR6lIMBIu1vVA,BODY AND SOUL FITNESS,13.071836471557615,77.61815643310547,0x3bae19aa1fe65355:0x50bdb58b040c52ea,N_A,N_A,112,4.400000095367432,https://www.google.com/maps/place/?q=place_id:ChIJVVPmH6oZrjsR6lIMBIu1vVA,gmaps_v2,gym_fitness,leisure,N_A,1687847039,secondary_competitor
8486,ChIJk0nikzQZrjsRL_cKIMRr7MQ,Aerofit- India's Leading Fitness Equipment Brand - Byatarayanapura,13.066463470458984,77.59291076660156,0x3bae193493e24993:0xc4ec6bc4200af72f,aerofit,Aerofit,232,5.0,https://www.google.com/maps/place/?q=place_id:ChIJk0nikzQZrjsRL_cKIMRr7MQ,gmaps_v2,gym_fitness,leisure,N_A,1687847039,secondary_competitor
8501,ChIJpyDj020XrjsRN4pKQVeiUQk,New Life PG,13.041584968566896,77.62176513671875,0x3bae176dd3e320a7:0x951a257414a8a37,N_A,N_A,37,3.0,https://www.google.com/maps/place/?q=place_id:ChIJpyDj020XrjsRN4pKQVeiUQk,gmaps_v2,gym_fitness,leisure,N_A,1687847039,secondary_competitor
8527,ChIJM3P35HMXrjsRupo12ypxzgk,Rithvik Luxury PG For Gents,13.04102611541748,77.61468505859375,0x3bae1773e4f77333:0x9ce712adb359aba,N_A,N_A,150,3.400000095367432,https://www.google.com/maps/place/?q=place_id:ChIJM3P35HMXrjsRupo12ypxzgk,gmaps_v2,gym_fitness,leisure,N_A,1687847039,secondary_competitor
8584,ChIJ5eBKUc4XrjsRt_H6c_VOMxQ,The Gym,13.031472206115724,77.6335220336914,0x3bae17ce514ae0e5:0x14334ef573faf1b7,N_A,N_A,87,4.5,https://www.google.com/maps/place/?q=place_id:ChIJ5eBKUc4XrjsRt_H6c_VOMxQ,gmaps_v2,gym_fitness,leisure,N_A,1687847039,secondary_competitor
8693,ChIJk_WT2XcZrjsRTP7FhiZw_sQ,Ratnadeep Supermarket,13.057652473449709,77.5886001586914,0x3bae1977d993f593:0xc4fe702686c5fe4c,ratnadeep,Ratnadeep,3,3.700000047683716,https://www.google.com/maps/place/?q=place_id:ChIJk_WT2XcZrjsRTP7FhiZw_sQ,gmaps_v2,supermarket,retail,N_A,1699615207,anchor_competitor
8722,ChIJxU93_W4ZrjsRCK2zUD--g8E,SukhoThai Spa,13.063847541809082,77.58827209472656,0x3bae196efd774fc5:0xc183be3f50b3ad08,sukhothai,sukhothai,53,3.799999952316284,https://www.google.com/maps/place/?q=place_id:ChIJxU93_W4ZrjsRCK2zUD--g8E,gmaps_v2,gym_fitness,leisure,N_A,1687847039,secondary_competitor
8773,ChIJDbnLcXUXrjsReMFhPtXlfcE,Debomi,13.05898666381836,77.6485366821289,0x3bae177571cbb90d:0xc17de5d53e61c178,N_A,N_A,70,4.699999809265137,https://www.google.com/maps/place/?q=place_id:ChIJDbnLcXUXrjsReMFhPtXlfcE,gmaps_v2,gym_fitness,leisure,N_A,1687847039,secondary_competitor
8859,ChIJQZEetz8ZrjsRTshYdKnK91o,"Zudio - Hennur Hobli, Bengaluru",13.064285278320312,77.65209197998047,0x3bae193fb71e9141:0x5af7caa97458c84e,zudio,Zudio,951,4.300000190734863,https://www.google.com/maps/place/?q=place_id:ChIJQZEetz8ZrjsRTshYdKnK91o,gmaps_v2,clothing_store,retail,N_A,1687847039,anchor_competitor
9141,ChIJkz7r3v4UrjsR2GKnpYIBCwI,Domino's Pizza,13.063136100769045,77.5920181274414,0x3bae14fedeeb3e93:0x20b0182a5a762d8,dominos,Domino's Pizza,2185,4.0,https://www.google.com/maps/place/?q=place_id:ChIJkz7r3v4UrjsR2GKnpYIBCwI,gmaps_v2,restaurant,food,N_A,1699615207,anchor_competitor
9272,ChIJWWb2F4IXrjsRToFkx6JfA1M,Brrrn Fitness,13.049931526184082,77.6039810180664,0x3bae178217f66659:0x53035fa2c764814e,N_A,N_A,38,4.699999809265137,https://www.google.com/maps/place/?q=place_id:ChIJWWb2F4IXrjsRToFkx6JfA1M,gmaps_v2,gym_fitness,leisure,N_A,1687847039,secondary_competitor
9308,ChIJa26as6UZrjsRBsmZHPEYTn0,1026 MMA Academy,13.069587707519531,77.60232543945312,0x3bae19a5b39a6e6b:0x7d4e18f11c99c906,N_A,N_A,29,5.0,https://www.google.com/maps/place/?q=place_id:ChIJa26as6UZrjsRBsmZHPEYTn0,gmaps_v2,gym_fitness,leisure,N_A,1687847039,secondary_competitor
9486,ChIJY9bsgS0ZrjsREpt62G2KurA,MFIT24 Gym,13.068309783935549,77.60432434082031,0x3bae192d81ecd663:0xb0ba8a6dd87a9b12,N_A,N_A,299,4.800000190734863,https://www.google.com/maps/place/?q=place_id:ChIJY9bsgS0ZrjsREpt62G2KurA,gmaps_v2,gym_fitness,leisure,N_A,1687847039,secondary_competitor
9568,ChIJd1H9Y0MXrjsRpH7Z0ZI7dfI,Muscle Garage Fitness,13.032998085021973,77.63133239746094,0x3bae174363fd5177:0xf2753b92d1d97ea4,N_A,N_A,111,4.900000095367432,https://www.google.com/maps/place/?q=place_id:ChIJd1H9Y0MXrjsRpH7Z0ZI7dfI,gmaps_v2,gym_fitness,leisure,N_A,1687847039,secondary_competitor
9724,ChIJD_Isgy4XrjsR-vhVafWcAhw,Bangalore Boxing Club,13.04078483581543,77.62035369873047,0x3bae172e832cf20f:0x1c029cf56955f8fa,N_A,N_A,655,4.699999809265137,https://www.google.com/maps/place/?q=place_id:ChIJD_Isgy4XrjsR-vhVafWcAhw,gmaps_v2,gym_fitness,leisure,N_A,1687847039,secondary_competitor
9738,ChIJM_JEqTwXrjsRQQ00_X-aA94,Cuccucc,13.026122093200684,77.6361312866211,0x3bae173ca944f233:0xde039a7ffd340d41,N_A,N_A,32,4.099999904632568,https://www.google.com/maps/place/?q=place_id:ChIJM_JEqTwXrjsRQQ00_X-aA94,gmaps_v2,gym_fitness,leisure,N_A,1687847039,secondary_competitor
9754,ChIJ15SzxWwXrjsRexrCWAA4N6Q,Simsons Gym,13.03725528717041,77.6230697631836,0x3bae176cc5b394d7:0xa437380058c21a7b,N_A,N_A,204,4.099999904632568,https://www.google.com/maps/place/?q=place_id:ChIJ15SzxWwXrjsRexrCWAA4N6Q,gmaps_v2,gym_fitness,leisure,N_A,1687847039,secondary_competitor
9773,ChIJe8f_DmsZrjsRMNVOKzyLAUM,NEXGEN Fitness,13.067920684814451,77.63252258300781,0x3bae196b0effc77b:0x43018b3c2b4ed530,N_A,N_A,22,4.800000190734863,https://www.google.com/maps/place/?q=place_id:ChIJe8f_DmsZrjsRMNVOKzyLAUM,gmaps_v2,gym_fitness,leisure,N_A,1687847039,secondary_competitor
9781,ChIJK5_O1wAXrjsRKAG9QAqKkKY,CAPTAIN FITNESS,13.04684066772461,77.62808990478516,0x3bae1700d7ce9f2b:0xa6908a0a40bd0128,N_A,N_A,187,4.800000190734863,https://www.google.com/maps/place/?q=place_id:ChIJK5_O1wAXrjsRKAG9QAqKkKY,gmaps_v2,gym_fitness,leisure,N_A,1687847039,secondary_competitor
9904,ChIJNaha0E4j9DkRYMOeEcYBeEc,Fitness Forever,13.060502052307127,77.58918762207031,0x39f4234ed05aa835:0x477801c6119ec360,N_A,N_A,34,4.900000095367432,https://www.google.com/maps/place/?q=place_id:ChIJNaha0E4j9DkRYMOeEcYBeEc,gmaps_v2,gym_fitness,leisure,N_A,1687847039,secondary_competitor
10028,3a367d1b-77f1-42be-a45a-9da1df480310,Dominos Pizza,13.04535938,77.62090231,,dominos,Domino's Pizza,0,0.0,,brand_site,restaurant,food,N_A,1688637000,anchor_competitor
10041,ChIJKRQAdPgZrjsRNSREKltVlZQ,CrossFit Yuva,13.07029628753662,77.62275695800781,0x3bae19f874001429:0x9495555b2a442435,N_A,N_A,75,4.900000095367432,https://www.google.com/maps/place/?q=place_id:ChIJKRQAdPgZrjsRNSREKltVlZQ,gmaps_v2,gym_fitness,leisure,N_A,1687847039,secondary_competitor
10153,ChIJvzPAd9wZrjsRxQak0TU2JqY,Lenskart.com at RMZ Galleria Mall,13.093454360961914,77.59528350830078,0x3bae19dc77c033bf:0xa6263635d1a406c5,lenskart,Lenskart,1338,4.900000095367432,https://www.google.com/maps/place/?q=place_id:ChIJvzPAd9wZrjsRxQak0TU2JqY,gmaps_v2,clinic,medical,optician,1695212099,anchor_competitor
10159,ChIJ-9G_goUXrjsRtxDFJXthTGw,Physique Multy Gym,13.049361228942873,77.59696197509766,0x3bae178582bfd1fb:0x6c4c617b25c510b7,N_A,N_A,25,4.699999809265137,https://www.google.com/maps/place/?q=place_id:ChIJ-9G_goUXrjsRtxDFJXthTGw,gmaps_v2,gym_fitness,leisure,N_A,1687847039,secondary_competitor
10197,ChIJLbC_IqIXrjsRmP6U7MsDhsg,Zen Yoga Shala,13.046372413635254,77.62437438964844,0x3bae17a222bfb02d:0xc88603cbec94fe98,N_A,N_A,60,5.0,https://www.google.com/maps/place/?q=place_id:ChIJLbC_IqIXrjsRmP6U7MsDhsg,gmaps_v2,gym_fitness,leisure,N_A,1687847039,secondary_competitor
10249,ChIJTXcb6Z8XrjsRVMLgECGkJgo,TIGER GYM & Fitness Center,13.036798477172852,77.60685729980469,0x3bae179fe91b774d:0xa26a42110e0c254,N_A,N_A,159,4.599999904632568,https://www.google.com/maps/place/?q=place_id:ChIJTXcb6Z8XrjsRVMLgECGkJgo,gmaps_v2,gym_fitness,leisure,N_A,1687847039,secondary_competitor
10262,ChIJvVg_g-4ZrjsRlIlxl5R2PqA,La Bella Vita - Sobha City Clubhouse,13.076470375061035,77.6386489868164,0x3bae19ee833f58bd:0xa03e769497718994,N_A,N_A,244,4.400000095367432,https://www.google.com/maps/place/?q=place_id:ChIJvVg_g-4ZrjsRlIlxl5R2PqA,gmaps_v2,gym_fitness,leisure,N_A,1687847039,secondary_competitor
10528,ChIJgSTruntrrjsRmykZiPi8-J4,Satyam Wellness Yoga,13.07936668395996,77.5885009765625,0x3bae6b7bbaeb2481:0x9ef8bcf88819299b,N_A,N_A,40,4.599999904632568,https://www.google.com/maps/place/?q=place_id:ChIJgSTruntrrjsRmykZiPi8-J4,gmaps_v2,gym_fitness,leisure,N_A,1687847039,secondary_competitor
10547,ChIJAQAAAL0ZrjsREp1Uz5XWObA,XposeFitnessClub 24/7,13.089149475097656,77.63536071777344,0x3bae19bd00000001:0xb039d695cf549d12,N_A,N_A,125,4.800000190734863,https://www.google.com/maps/place/?q=place_id:ChIJAQAAAL0ZrjsREp1Uz5XWObA,gmaps_v2,gym_fitness,leisure,N_A,1687847039,secondary_competitor
10601,ChIJ1yoWMWkVrjsRc2bQ8M3Bfa4,"Lenskart.com at Jakkur, Bengaluru",13.07392120361328,77.60297393798828,0x3bae156931162ad7:0xae7dc1cdf0d06673,lenskart,Lenskart,575,4.900000095367432,https://www.google.com/maps/place/?q=place_id:ChIJ1yoWMWkVrjsRc2bQ8M3Bfa4,gmaps_v2,clinic,medical,optician,1695212099,anchor_competitor
10626,ChIJLbKDYAgXrjsRaYYlXbqWPZc,Academy of Taekwondo,13.04621124267578,77.60197448730469,0x3bae17086083b22d:0x973d96ba5d258669,N_A,N_A,22,5.0,https://www.google.com/maps/place/?q=place_id:ChIJLbKDYAgXrjsRaYYlXbqWPZc,gmaps_v2,gym_fitness,leisure,N_A,1687847039,secondary_competitor
10737,ChIJbbf5Sh0ZrjsRdIHp0wMV9ZU,Manlek yoga studio,13.063008308410645,77.59225463867188,0x3bae191d4af9b76d:0x95f51503d3e98174,N_A,N_A,44,5.0,https://www.google.com/maps/place/?q=place_id:ChIJbbf5Sh0ZrjsRdIHp0wMV9ZU,gmaps_v2,gym_fitness,leisure,N_A,1687847039,secondary_competitor
10757,ChIJpdvKmYUXrjsRRVjJ4Q76huQ,Reliance Fresh,13.055344581604004,77.60258483886719,0x3bae178599cadba5:0xe486fa0ee1c95845,relianceretail,Reliance Retail,2543,3.700000047683716,https://www.google.com/maps/place/?q=place_id:ChIJpdvKmYUXrjsRRVjJ4Q76huQ,gmaps_v2,shoe_store,retail,N_A,1700469324,anchor_competitor
10857,ChIJpWPniYcXrjsRdVcWvWfHyF0,Bbmp Park,13.057611465454102,77.59818267822266,0x3bae178789e763a5:0x5dc8c767bd165775,N_A,N_A,170,3.900000095367432,https://www.google.com/maps/place/?q=place_id:ChIJpWPniYcXrjsRdVcWvWfHyF0,gmaps_v2,gym_fitness,leisure,N_A,1687847039,secondary_competitor
10900,ChIJHx8SSTwXrjsRBzbwjCLDs5M,Domino's Pizza,13.029742240905762,77.6340103149414,0x3bae173c49121f1f:0x93b3c3228cf03607,dominos,Domino's Pizza,2706,3.700000047683716,https://www.google.com/maps/place/?q=place_id:ChIJHx8SSTwXrjsRBzbwjCLDs5M,gmaps_v2,restaurant,food,N_A,1699615207,anchor_competitor
10941,ChIJpVB2JIMZrjsRkPzojSjp8NQ,Vedic Power Yoga Academy,13.066871643066406,77.63809967041016,0x3bae1983247650a5:0xd4f0e9288de8fc90,N_A,N_A,65,5.0,https://www.google.com/maps/place/?q=place_id:ChIJpVB2JIMZrjsRkPzojSjp8NQ,gmaps_v2,gym_fitness,leisure,N_A,1687847039,secondary_competitor
10957,ChIJR2fGRIAZrjsRAW9_ILIcxo8,D Fitness Planet,13.068779945373535,77.62577819824219,0x3bae198044c66747:0x8fc61cb2207f6f01,N_A,N_A,364,4.800000190734863,https://www.google.com/maps/place/?q=place_id:ChIJR2fGRIAZrjsRAW9_ILIcxo8,gmaps_v2,gym_fitness,leisure,N_A,1687847039,secondary_competitor
10972,ChIJh3oGHegZrjsRUKGUavfj7vY,Budokan Martial Arts,13.06893539428711,77.62466430664062,0x3bae19e81d067a87:0xf6eee3f76a94a150,N_A,N_A,36,5.0,https://www.google.com/maps/place/?q=place_id:ChIJh3oGHegZrjsRUKGUavfj7vY,gmaps_v2,gym_fitness,leisure,N_A,1687847039,secondary_competitor
10976,ChIJsQRdtD4RrjsRw3bukAGYRbs,Domino's Pizza,13.05812931060791,77.58648681640625,0x3bae113eb45d04b1:0xbb45980190ee76c3,dominos,Domino's Pizza,12,2.5,https://www.google.com/maps/place/?q=place_id:ChIJsQRdtD4RrjsRw3bukAGYRbs,gmaps_v2,restaurant,food,N_A,1699615207,anchor_competitor
11036,1c41d019-79dc-4080-b2ca-b583af9f9c8f,Dominos Pizza,13.06977037,77.65128541,,dominos,Domino's Pizza,0,0.0,,brand_site,restaurant,food,N_A,1688637000,anchor_competitor
11161,ChIJO8uk_V0XrjsRHDQpu6HLb4Q,"Cult Nagavara - Gyms in Nagavara, Bangalore",13.040815353393556,77.61976623535156,0x3bae175dfda4cb3b:0x846fcba1bb29341c,cult,Cult.fit,127,4.5,https://www.google.com/maps/place/?q=place_id:ChIJO8uk_V0XrjsRHDQpu6HLb4Q,gmaps_v2,gym_fitness,leisure,N_A,1687847039,secondary_competitor
11167,ChIJZ4fHGv8ZrjsRJ3hb-8m5VDY,"Fitso Hennur Agon Sports, Multi - Sports",13.06406307220459,77.65135192871094,0x3bae19ff1ac78767:0x3654b9c9fb5b7827,getfitso,Fitso,1558,4.199999809265137,https://www.google.com/maps/place/?q=place_id:ChIJZ4fHGv8ZrjsRJ3hb-8m5VDY,gmaps_v2,gym_fitness,leisure,N_A,1699615207,secondary_competitor
11477,ChIJzSAyhsAXrjsRQDk9kFgXw3I,"Lenskart.com at Hennur, Bengaluru",13.031257629394531,77.6357650756836,0x3bae17c0863220cd:0x72c31758903d3940,lenskart,Lenskart,962,4.900000095367432,https://www.google.com/maps/place/?q=place_id:ChIJzSAyhsAXrjsRQDk9kFgXw3I,gmaps_v2,clinic,medical,optician,1695212099,anchor_competitor
11675,ChIJDVdJWWAXrjsRUY4SiWJgZzc,Lenskart.com at Thanisandra,13.05549430847168,77.63198852539062,0x3bae17605949570d:0x3767606289128e51,lenskart,Lenskart,715,4.699999809265137,https://www.google.com/maps/place/?q=place_id:ChIJDVdJWWAXrjsRUY4SiWJgZzc,gmaps_v2,clinic,medical,optician,1687847039,anchor_competitor
11802,ChIJZYnEYpkXrjsRNQeBD8O-CbA,"Zudio â€“ Star Bazar, Umiya Velociti, Bangalore",13.051674842834473,77.593994140625,0x3bae179962c48965:0xb009bec30f810735,zudio,Zudio,371,4.099999904632568,https://www.google.com/maps/place/?q=place_id:ChIJZYnEYpkXrjsRNQeBD8O-CbA,gmaps_v2,clothing_store,retail,N_A,1687847039,anchor_competitor
11825,5771d503-a18b-43d8-802e-386fd8b1442d,Dominos Pizza,13.04968331,77.59702357,,dominos,Domino's Pizza,0,0.0,,brand_site,restaurant,food,N_A,1688637000,anchor_competitor
12003,ChIJSU4eFBAXrjsRaPG1Zsn4Y6E,Domino's Pizza,13.040855407714844,77.62032318115234,0x3bae1710141e4e49:0xa163f8c966b5f168,dominos,Domino's Pizza,3404,4.0,https://www.google.com/maps/place/?q=place_id:ChIJSU4eFBAXrjsRaPG1Zsn4Y6E,gmaps_v2,restaurant,food,N_A,1699615207,anchor_competitor
12065,ChIJFWS7w4kZrjsRe1-HouA0p8w,Multifit and Cultfit Hennur,13.063733100891112,77.64971923828125,0x3bae1989c3bb6415:0xcca734e0a2875f7b,multifit,MultiFit Gym,310,4.300000190734863,https://www.google.com/maps/place/?q=place_id:ChIJFWS7w4kZrjsRe1-HouA0p8w,gmaps_v2,gym_fitness,leisure,N_A,1687847039,secondary_competitor
12162,ChIJsaUVGkkXrjsR4CJu3wg3VeA,Universal Fitness Studio,13.057369232177734,77.60466003417969,0x3bae17491a15a5b1:0xe0553708df6e22e0,N_A,N_A,89,4.900000095367432,https://www.google.com/maps/place/?q=place_id:ChIJsaUVGkkXrjsR4CJu3wg3VeA,gmaps_v2,gym_fitness,leisure,N_A,1687847039,secondary_competitor
12187,ChIJu1Tm5jsZrjsRrSCt8NE8SDE,"Lenskart.com at Kothanur, Bengaluru",13.060409545898438,77.64881896972656,0x3bae193be6e654bb:0x31483cd1f0ad20ad,lenskart,Lenskart,911,4.800000190734863,https://www.google.com/maps/place/?q=place_id:ChIJu1Tm5jsZrjsRrSCt8NE8SDE,gmaps_v2,clinic,medical,optician,1695212099,anchor_competitor
12229,ChIJubahgNoXrjsRT5pniThZZjA,SUPRAD Badminton Academy,13.05008316040039,77.60783386230469,0x3bae17da80a1b6b9:0x3066593889679a4f,N_A,N_A,192,4.699999809265137,https://www.google.com/maps/place/?q=place_id:ChIJubahgNoXrjsRT5pniThZZjA,gmaps_v2,gym_fitness,leisure,N_A,1687847039,secondary_competitor
12311,ChIJk3beL3QXrjsR8tE6y09B9cY,Guru Fitness Centre,13.040743827819824,77.61151123046875,0x3bae17742fde7693:0xc6f5414fcb3ad1f2,N_A,N_A,233,4.800000190734863,https://www.google.com/maps/place/?q=place_id:ChIJk3beL3QXrjsR8tE6y09B9cY,gmaps_v2,gym_fitness,leisure,N_A,1687847039,secondary_competitor
12354,ChIJNyahhG0ZrjsRS_BBkBAHf28,FitnessEdge 3,13.058049201965332,77.58777618408203,0x3bae196d84a12637:0x6f7f07109041f04b,N_A,N_A,208,4.900000095367432,https://www.google.com/maps/place/?q=place_id:ChIJNyahhG0ZrjsRS_BBkBAHf28,gmaps_v2,gym_fitness,leisure,N_A,1687847039,secondary_competitor
12355,ChIJYV9iUyAYrjsR36t8gXUSpm0,Toni & Guy Sahakar nagar,13.05978012084961,77.58746337890625,0x3bae182053625f61:0x6da61275817cabdf,toniandguy,Toni&Guy,545,4.199999809265137,https://www.google.com/maps/place/?q=place_id:ChIJYV9iUyAYrjsR36t8gXUSpm0,gmaps_v2,salon,service,N_A,1699615207,anchor_competitor
12401,ChIJh1PY-asXrjsRFsgrbi2uNWg,Qubefitness,13.06153964996338,77.62358856201172,0x3bae17abf9d85387:0x6835ae2d6e2bc816,N_A,N_A,41,5.0,https://www.google.com/maps/place/?q=place_id:ChIJh1PY-asXrjsRFsgrbi2uNWg,gmaps_v2,gym_fitness,leisure,N_A,1687847039,secondary_competitor
12561,ChIJLTuZZ3sXrjsRF_JesO0Vys8,Mantri Lithos,13.052095413208008,77.61763000488281,0x3bae177b67993b2d:0xcfca15edb05ef217,N_A,N_A,185,4.099999904632568,https://www.google.com/maps/place/?q=place_id:ChIJLTuZZ3sXrjsRF_JesO0Vys8,gmaps_v2,gym_fitness,leisure,N_A,1687847039,secondary_competitor
12617,ChIJAwY-xNwZrjsResXk5sCIzEU,Reckon Dance Zumba & Fitness Studio LLP,13.06902313232422,77.62474822998047,0x3bae19dcc43e0603:0x45cc88c0e6e4c57a,N_A,N_A,74,4.800000190734863,https://www.google.com/maps/place/?q=place_id:ChIJAwY-xNwZrjsResXk5sCIzEU,gmaps_v2,gym_fitness,leisure,N_A,1687847039,secondary_competitor
12636,ChIJPzACEIoXrjsRMBDNakWlAj0,New Krish Coliving PG For Men&Women,13.038158416748049,77.61566162109375,0x3bae178a1002303f:0x3d02a5456acd1030,N_A,N_A,49,4.800000190734863,https://www.google.com/maps/place/?q=place_id:ChIJPzACEIoXrjsRMBDNakWlAj0,gmaps_v2,gym_fitness,leisure,N_A,1687847039,secondary_competitor
12646,ChIJrcajqD4XrjsRz2qBailvsnA,Reliance Smart Point,13.031659126281738,77.63568878173828,0x3bae173ea8a3c6ad:0x70b26f296a816acf,ril,Reliance Retail,2165,3.799999952316284,https://www.google.com/maps/place/?q=place_id:ChIJrcajqD4XrjsRz2qBailvsnA,gmaps_v2,supermarket,retail,N_A,1699615207,anchor_competitor
12862,ChIJDwJny9IXrjsRFLul6NU846c,"Naturals Salon & Spa Kempapura , Bengaluru",13.049238204956056,77.6035385131836,0x3bae17d2cb67020f:0xa7e33cd5e8a5bb14,naturals,Naturals Salon,397,4.199999809265137,https://www.google.com/maps/place/?q=place_id:ChIJDwJny9IXrjsRFLul6NU846c,gmaps_v2,salon,service,N_A,1699615207,anchor_competitor
13032,ChIJeZkgEgcZrjsR8NvrywCzrVo,THE FITNESS CLUB,13.090487480163574,77.60225677490234,0x3bae190712209979:0x5aadb300cbebdbf0,N_A,N_A,105,5.0,https://www.google.com/maps/place/?q=place_id:ChIJeZkgEgcZrjsR8NvrywCzrVo,gmaps_v2,gym_fitness,leisure,N_A,1687847039,secondary_competitor
13047,59a8c387-2cdf-4a59-97c3-7b7e5f6ccc47,Dominos Pizza,13.04099,77.61853,,dominos,Domino's Pizza,0,0.0,,brand_site,restaurant,food,N_A,1688637000,anchor_competitor
13149,ChIJFXvhoREXrjsRVt_WYDYfDhU,Tuff Muscles Gym,13.035317420959473,77.6319351196289,0x3bae1711a1e17b15:0x150e1f3660d6df56,N_A,N_A,35,4.800000190734863,https://www.google.com/maps/place/?q=place_id:ChIJFXvhoREXrjsRVt_WYDYfDhU,gmaps_v2,gym_fitness,leisure,N_A,1687847039,secondary_competitor
13279,ChIJTZD-DowXrjsRu3oSpTenk-M,Healthy Hustle Fitness Hub,13.050301551818848,77.60450744628906,0x3bae178c0efe904d:0xe393a737a5127abb,N_A,N_A,40,5.0,https://www.google.com/maps/place/?q=place_id:ChIJTZD-DowXrjsRu3oSpTenk-M,gmaps_v2,gym_fitness,leisure,N_A,1687847039,secondary_competitor
13319,ChIJxcUtE5oZrjsRsYm7hvpbA0Y,Fitness Fever Gym,13.06984519958496,77.58123016357422,0x3bae199a132dc5c5:0x46035bfa86bb89b1,N_A,N_A,88,4.900000095367432,https://www.google.com/maps/place/?q=place_id:ChIJxcUtE5oZrjsRsYm7hvpbA0Y,gmaps_v2,gym_fitness,leisure,N_A,1687847039,secondary_competitor
13441,ChIJEVf-P2wXrjsRw55I9BQFapw,Muscular freaks fitness centre,13.057239532470703,77.6103286743164,0x3bae176c3ffe5711:0x9c6a0514f4489ec3,N_A,N_A,84,4.900000095367432,https://www.google.com/maps/place/?q=place_id:ChIJEVf-P2wXrjsRw55I9BQFapw,gmaps_v2,gym_fitness,leisure,N_A,1687847039,secondary_competitor
13474,ChIJg9j-UoAXrjsRYTTwFvSlmm0,Fitstop Gym and Fitness,13.055264472961426,77.60274505615234,0x3bae178052fed883:0x6d9aa5f416f03461,N_A,N_A,97,4.300000190734863,https://www.google.com/maps/place/?q=place_id:ChIJg9j-UoAXrjsRYTTwFvSlmm0,gmaps_v2,gym_fitness,leisure,N_A,1687847039,secondary_competitor
13534,ChIJobU0RtEXrjsRkPVXs3RRpQM,Dtown dance and fitness studio,13.049030303955078,77.59668731689453,0x3bae17d14634b5a1:0x3a55174b357f590,N_A,N_A,162,4.900000095367432,https://www.google.com/maps/place/?q=place_id:ChIJobU0RtEXrjsRkPVXs3RRpQM,gmaps_v2,gym_fitness,leisure,N_A,1687847039,secondary_competitor
13728,ChIJ0xYnFKEXrjsRNzmwMLRsayM,Let's Groove Dance Studio,13.037680625915527,77.61188507080078,0x3bae17a1142716d3:0x236b6cb430b03937,N_A,N_A,27,5.0,https://www.google.com/maps/place/?q=place_id:ChIJ0xYnFKEXrjsRNzmwMLRsayM,gmaps_v2,gym_fitness,leisure,N_A,1687847039,secondary_competitor
13733,ChIJIcB2PZQXrjsRhSMIAe3Mh-c,"SPYSS - BBMP Office, Hebbal Branch",13.039775848388672,77.60405731201172,0x3bae17943d76c021:0xe787cced01082385,spyss,Shri Pathanjali Yoga Shikshana Samiti,27,4.300000190734863,https://www.google.com/maps/place/?q=place_id:ChIJIcB2PZQXrjsRhSMIAe3Mh-c,gmaps_v2,gym_fitness,leisure,N_A,1687847039,secondary_competitor
13879,ChIJbWfVZz0XrjsRe-ULlG2h6xo,Steve's Gym,13.026894569396973,77.63126373291016,0x3bae173d67d5676d:0x1aeba16d940be57b,stevesgym,stevesgym,319,4.599999904632568,https://www.google.com/maps/place/?q=place_id:ChIJbWfVZz0XrjsRe-ULlG2h6xo,gmaps_v2,gym_fitness,leisure,N_A,1687847039,secondary_competitor
14024,ChIJHdgj-ugXrjsR8Ii9BG652m0,Aarya Yoga,13.055671691894531,77.60303497314453,0x3bae17e8fa23d81d:0x6ddab96e04bd88f0,N_A,N_A,112,5.0,https://www.google.com/maps/place/?q=place_id:ChIJHdgj-ugXrjsR8Ii9BG652m0,gmaps_v2,gym_fitness,leisure,N_A,1687847039,secondary_competitor
14026,a95b3831-dcef-4242-828c-18078e13eb65,Dominos Pizza,13.094245,77.594949,,dominos,Domino's Pizza,0,0.0,,brand_site,restaurant,food,N_A,1688637000,anchor_competitor
14098,ChIJi5LqeSwjrjsRJ7AeQ1H2IA0,Sri om Sai Boys PG Yelahanka,13.093017578125,77.5845947265625,0x3bae232c79ea928b:0xd20f651431eb027,N_A,N_A,47,4.300000190734863,https://www.google.com/maps/place/?q=place_id:ChIJi5LqeSwjrjsRJ7AeQ1H2IA0,gmaps_v2,gym_fitness,leisure,N_A,1687847039,secondary_competitor
14123,ChIJBeKDd4EXrjsRUQ1lKJz45iQ,Vivekananda School of Yoga,13.053174018859863,77.6046371459961,0x3bae17817783e205:0x24e6f89c28650d51,N_A,N_A,82,4.800000190734863,https://www.google.com/maps/place/?q=place_id:ChIJBeKDd4EXrjsRUQ1lKJz45iQ,gmaps_v2,gym_fitness,leisure,N_A,1687847039,secondary_competitor
14136,ChIJcy3noxkYrjsRlhViKc4j9S4,Sweat Groupex,13.065821647644045,77.58085632324219,0x3bae1819a3e72d73:0x2ef523ce29621596,N_A,N_A,103,3.299999952316284,https://www.google.com/maps/place/?q=place_id:ChIJcy3noxkYrjsRlhViKc4j9S4,gmaps_v2,gym_fitness,leisure,N_A,1687847039,secondary_competitor
14193,ChIJrfkp71wXrjsRu1J778Ak2t0,Swami Vivekananda Yoga Research and Wellness Center,13.039819717407228,77.62604522705078,0x3bae175cef29f9ad:0xddda24c0ef7b52bb,N_A,N_A,21,4.599999904632568,https://www.google.com/maps/place/?q=place_id:ChIJrfkp71wXrjsRu1J778Ak2t0,gmaps_v2,gym_fitness,leisure,N_A,1687847039,secondary_competitor
14212,ChIJ7XKs-PsXrjsRdeWmokRC8H8,"Lenskart.com at Bhuvaneswari Nagar, Hebbal",13.055061340332031,77.60070037841797,0x3bae17fbf8ac72ed:0x7ff04244a2a6e575,lenskart,Lenskart,395,4.800000190734863,https://www.google.com/maps/place/?q=place_id:ChIJ7XKs-PsXrjsRdeWmokRC8H8,gmaps_v2,clinic,medical,optician,1687847039,anchor_competitor
14230,ChIJFUPGwW4XrjsRHiH-uE28zgE,Ramana Boys PG,13.04371738433838,77.62366485595703,0x3bae176ec1c64315:0x1cebc4db8fe211e,N_A,N_A,22,4.300000190734863,https://www.google.com/maps/place/?q=place_id:ChIJFUPGwW4XrjsRHiH-uE28zgE,gmaps_v2,gym_fitness,leisure,N_A,1687847039,secondary_competitor
14311,ChIJuTpZx58XrjsRwK3yHd2kmEw,Max Fitness Bangalore,13.03391933441162,77.61614990234375,0x3bae179fc7593ab9:0x4c98a4dd1df2adc0,N_A,N_A,248,4.800000190734863,https://www.google.com/maps/place/?q=place_id:ChIJuTpZx58XrjsRwK3yHd2kmEw,gmaps_v2,gym_fitness,leisure,N_A,1687847039,secondary_competitor
14329,ChIJ1aQ8s6EZrjsRvaVtL9YIgb4,Step n Move Dance Academy,13.06264305114746,77.64869689941406,0x3bae19a1b33ca4d5:0xbe8108d62f6da5bd,N_A,N_A,54,4.800000190734863,https://www.google.com/maps/place/?q=place_id:ChIJ1aQ8s6EZrjsRvaVtL9YIgb4,gmaps_v2,gym_fitness,leisure,N_A,1687847039,secondary_competitor
14455,ChIJb2v7d4UXrjsRkQcKwlN2Bd0,Gryphon Fitness,13.04930591583252,77.59716796875,0x3bae178577fb6b6f:0xdd057653c20a0791,N_A,N_A,58,4.400000095367432,https://www.google.com/maps/place/?q=place_id:ChIJb2v7d4UXrjsRkQcKwlN2Bd0,gmaps_v2,gym_fitness,leisure,N_A,1687847039,secondary_competitor
14493,ChIJcdf6D0EYrjsRwQoWTp7yEUk,SWAMI VIVEKANANDA YOGA RESEARCH.,13.084760665893556,77.58870697021484,0x3bae18410ffad771:0x4911f29e4e160ac1,N_A,N_A,62,4.699999809265137,https://www.google.com/maps/place/?q=place_id:ChIJcdf6D0EYrjsRwQoWTp7yEUk,gmaps_v2,gym_fitness,leisure,N_A,1687847039,secondary_competitor
